event_id,month,group,income,debt_ratio,history_months,late_payments,requested_amount,employment_years,default
sim-000000,0,group_b,38833.24,0.2457,72.4,2,15925.56,2.7,0
sim-000001,0,group_a,20767.99,0.2723,42.6,1,10383.99,5.5,1
sim-000002,0,group_b,29140.95,0.3994,58.6,1,6458.36,2.9,0
sim-000003,0,group_b,26423.27,0.129,50.5,1,2479.54,4.8,0
sim-000004,0,group_a,22831.34,0.4929,59.1,1,20687.09,1.4,1
sim-000005,0,group_b,35062.43,0.1771,89.4,0,6817.25,3.0,0
sim-000006,0,group_b,11747.88,0.3116,99.5,1,11104.02,5.6,0
sim-000007,0,group_b,30257.36,0.0725,105.9,1,8757.55,6.5,0
sim-000008,0,group_a,33258.92,0.1884,51.9,1,22829.8,15.6,0
sim-000009,0,group_a,19518.22,0.1383,77.3,0,4711.63,7.4,0
sim-000010,0,group_a,65221.98,0.1937,42.7,0,13684.11,13.4,0
sim-000011,0,group_b,26912.0,0.2174,86.8,1,20392.46,7.6,0
sim-000012,0,group_b,31265.06,0.1874,27.8,1,4466.34,6.1,0
sim-000013,0,group_b,26937.32,0.2861,146.7,4,7319.58,9.2,0
sim-000014,0,group_a,33381.0,0.0479,45.0,2,9617.71,5.8,0
sim-000015,0,group_a,59839.46,0.3302,80.2,0,11674.8,4.1,1
sim-000016,0,group_a,97603.31,0.6841,205.6,0,10784.16,6.3,1
sim-000017,0,group_a,47248.14,0.1827,54.5,1,13784.75,2.5,0
sim-000018,0,group_b,54554.6,0.5056,81.1,3,8157.49,1.3,0
sim-000019,0,group_b,71032.98,0.2956,29.3,0,9900.59,5.6,0
sim-000020,0,group_b,38350.62,0.3926,77.3,2,4409.18,11.6,1
sim-000021,0,group_a,66803.14,0.1953,35.3,0,4864.82,14.3,1
sim-000022,0,group_b,48185.26,0.2365,62.5,0,7733.21,3.4,0
sim-000023,0,group_b,36697.9,0.4879,25.7,1,6799.63,3.8,1
sim-000024,0,group_b,40020.35,0.2758,75.9,2,11365.11,7.4,0
sim-000025,0,group_a,16074.75,0.1607,57.5,2,3197.01,9.0,0
sim-000026,0,group_a,39053.59,0.1638,56.0,1,10240.37,9.1,0
sim-000027,0,group_a,18063.09,0.3548,23.4,1,11853.56,4.9,1
sim-000028,0,group_a,17455.1,0.5184,70.9,1,2676.37,3.5,0
sim-000029,0,group_b,37459.25,0.3834,56.5,3,18694.77,3.6,1
sim-000030,0,group_b,21635.42,0.1819,44.4,1,21630.07,8.7,1
sim-000031,0,group_b,34441.32,0.3589,38.3,1,14063.63,1.6,0
sim-000032,0,group_a,36612.41,0.2596,84.7,0,7251.9,8.9,0
sim-000033,0,group_a,37304.93,0.1434,73.5,1,7042.15,15.0,0
sim-000034,0,group_a,23629.92,0.572,65.6,4,6055.27,4.3,0
sim-000035,0,group_a,50384.89,0.201,166.9,0,8073.48,15.3,0
sim-000036,0,group_a,33273.65,0.5556,104.3,1,6457.17,1.0,0
sim-000037,0,group_a,41574.9,0.4204,85.6,0,9613.57,8.4,0
sim-000038,0,group_a,20899.81,0.5618,66.0,2,8245.39,3.4,0
sim-000039,0,group_b,32051.6,0.4757,81.9,0,10935.33,8.6,0
sim-000040,0,group_a,54768.13,0.4919,136.5,1,6696.7,2.7,1
sim-000041,0,group_b,51920.79,0.1231,27.4,3,4866.65,6.5,1
sim-000042,0,group_b,24714.29,0.3955,74.1,0,14641.24,7.1,0
sim-000043,0,group_a,27470.43,0.5149,80.5,0,4911.15,9.6,1
sim-000044,0,group_b,22805.38,0.1047,35.9,1,7420.64,5.2,1
sim-000045,0,group_b,26220.76,0.2726,67.3,1,7475.51,5.3,0
sim-000046,0,group_a,19194.74,0.1407,90.8,0,8517.33,1.5,0
sim-000047,0,group_a,32596.69,0.211,86.3,1,7620.76,1.3,0
sim-000048,0,group_b,45067.57,0.4512,64.7,1,6788.34,7.4,1
sim-000049,0,group_a,24841.67,0.4462,73.0,1,8944.53,4.3,1
sim-000050,0,group_a,33254.5,0.3078,68.0,3,5071.49,5.8,0
sim-000051,0,group_a,31488.91,0.0486,30.2,2,7272.26,1.7,0
sim-000052,0,group_b,53806.52,0.3516,52.9,2,8447.96,3.9,0
sim-000053,0,group_b,26719.03,0.6482,241.9,0,3323.89,8.9,1
sim-000054,0,group_b,27130.38,0.1995,67.6,0,15400.98,5.1,0
sim-000055,0,group_b,24213.63,0.1193,50.2,0,22925.0,5.9,0
sim-000056,0,group_a,21423.55,0.3206,89.9,1,11025.66,4.4,0
sim-000057,0,group_a,43142.23,0.5225,26.7,1,6689.05,8.9,1
sim-000058,0,group_a,32638.68,0.2971,52.6,2,6849.28,7.6,0
sim-000059,0,group_a,35348.81,0.3656,56.2,2,4818.3,4.5,0
sim-000060,0,group_b,59003.34,0.4492,90.2,1,17674.44,5.1,0
sim-000061,0,group_a,60444.08,0.3172,67.8,2,4147.89,4.1,0
sim-000062,0,group_a,17302.07,0.7106,69.5,1,12940.87,3.3,1
sim-000063,0,group_b,45346.6,0.1381,65.3,1,6411.35,18.5,0
sim-000064,0,group_b,37978.36,0.1759,39.9,0,15855.33,8.5,0
sim-000065,0,group_a,28456.5,0.3394,70.0,1,11285.66,2.1,1
sim-000066,0,group_a,39641.31,0.2299,72.7,1,12619.14,5.7,0
sim-000067,0,group_a,16729.33,0.442,56.1,0,8836.37,6.5,0
sim-000068,0,group_a,63851.14,0.4736,81.4,1,18594.8,1.1,1
sim-000069,0,group_a,42884.96,0.4143,44.6,0,3601.36,9.9,0
sim-000070,0,group_a,24019.4,0.3021,54.8,2,3405.7,8.1,1
sim-000071,0,group_a,27014.46,0.3346,116.3,0,3754.74,11.7,0
sim-000072,0,group_b,16893.4,0.1684,46.2,0,6415.81,14.7,0
sim-000073,0,group_a,30276.83,0.6139,52.4,1,5646.7,1.0,1
sim-000074,0,group_a,28204.94,0.3668,74.4,1,6189.31,1.2,0
sim-000075,0,group_a,19800.33,0.3289,126.5,3,18556.54,4.4,0
sim-000076,0,group_a,47868.6,0.2081,96.1,1,5964.66,1.1,1
sim-000077,0,group_b,59056.79,0.5885,72.6,1,12826.43,3.7,0
sim-000078,0,group_a,34149.68,0.2146,64.2,1,8442.26,2.7,1
sim-000079,0,group_b,30382.69,0.4729,22.8,0,14016.63,5.7,1
sim-000080,0,group_b,41468.67,0.377,70.5,0,9765.78,4.2,0
sim-000081,0,group_a,34260.61,0.3785,42.5,1,9706.5,8.3,1
sim-000082,0,group_b,21927.23,0.1526,40.7,0,7043.2,13.1,1
sim-000083,0,group_a,26261.92,0.0809,34.3,3,5110.68,3.5,1
sim-000084,0,group_a,30500.45,0.5461,96.5,0,3678.57,4.2,1
sim-000085,0,group_a,38339.59,0.6949,49.3,3,11046.21,4.3,0
sim-000086,0,group_b,34680.1,0.26,32.4,0,20746.29,5.6,0
sim-000087,0,group_a,37735.45,0.1908,58.9,2,6168.16,3.1,1
sim-000088,0,group_a,18207.2,0.3773,120.4,0,8028.46,9.3,0
sim-000089,0,group_a,45678.89,0.3485,37.7,1,4844.58,7.3,1
sim-000090,0,group_a,34593.97,0.5471,128.3,2,7588.69,3.1,1
sim-000091,0,group_b,100925.49,0.1358,77.1,0,6836.14,1.4,0
sim-000092,0,group_a,29354.28,0.2673,127.4,1,5776.29,14.2,0
sim-000093,0,group_a,39571.03,0.2367,58.0,0,4879.9,8.8,0
sim-000094,0,group_a,113354.13,0.0605,93.3,1,13473.57,0.9,0
sim-000095,0,group_b,37478.34,0.1039,148.1,0,13496.49,20.3,0
sim-000096,0,group_a,33576.95,0.1821,48.3,2,16393.89,10.2,0
sim-000097,0,group_a,22822.29,0.4774,60.2,0,12321.48,7.4,0
sim-000098,0,group_a,65635.49,0.2554,69.7,1,5181.83,3.4,0
sim-000099,0,group_b,21230.14,0.4412,9.0,3,5935.4,8.3,1
sim-000100,0,group_b,41331.94,0.3208,12.6,1,9605.73,1.5,0
sim-000101,0,group_b,28313.86,0.536,74.7,5,5442.93,4.2,0
sim-000102,0,group_a,31903.75,0.02,12.5,0,17091.31,10.9,0
sim-000103,0,group_b,18995.33,0.1205,80.6,3,8031.88,5.7,1
sim-000104,0,group_b,60725.16,0.4916,71.8,3,5148.68,8.9,0
sim-000105,0,group_b,30740.16,0.2924,52.8,0,11210.3,2.2,0
sim-000106,0,group_a,20736.74,0.3928,190.1,0,12034.42,3.4,0
sim-000107,0,group_a,58461.87,0.3027,103.4,3,10126.78,7.3,1
sim-000108,0,group_a,27952.52,0.3826,129.5,1,12360.85,8.4,0
sim-000109,0,group_b,39756.76,0.3766,55.3,1,9820.25,5.6,0
sim-000110,0,group_a,49187.5,0.3683,48.2,1,18042.34,7.2,1
sim-000111,0,group_a,42154.4,0.1402,83.1,1,13770.4,6.4,1
sim-000112,0,group_a,13731.02,0.091,68.5,0,5854.12,4.4,0
sim-000113,0,group_a,46260.78,0.108,51.2,0,5734.38,4.2,0
sim-000114,0,group_a,33115.02,0.4567,51.6,1,7632.21,6.2,1
sim-000115,0,group_b,30085.78,0.4712,30.6,3,8047.0,4.9,0
sim-000116,0,group_b,32997.55,0.5383,104.9,1,5766.48,9.3,1
sim-000117,0,group_b,17567.15,0.2414,95.5,0,4941.2,9.6,0
sim-000118,0,group_a,37448.12,0.4449,17.8,6,7245.75,5.3,1
sim-000119,0,group_b,19476.34,0.7373,94.7,1,5812.9,4.5,0
sim-000120,0,group_b,30636.5,0.6124,153.4,2,8334.06,7.9,0
sim-000121,0,group_b,36887.61,0.1717,97.6,2,2570.38,8.9,0
sim-000122,0,group_a,54235.75,0.1982,47.1,0,13932.72,0.8,0
sim-000123,0,group_a,24483.69,0.2152,74.1,1,6858.56,7.8,0
sim-000124,0,group_a,63555.37,0.1134,23.4,1,9482.32,13.1,0
sim-000125,0,group_a,51414.65,0.2632,39.6,0,2449.94,9.5,0
sim-000126,0,group_a,28843.73,0.2145,94.6,0,8433.83,6.0,0
sim-000127,0,group_a,21683.9,0.1961,38.6,2,7530.81,17.0,0
sim-000128,0,group_a,18837.36,0.7922,57.4,0,7870.08,7.8,1
sim-000129,0,group_b,38720.97,0.2488,62.1,4,8912.32,4.4,1
sim-000130,0,group_a,25345.1,0.7086,93.1,0,6111.91,10.1,0
sim-000131,0,group_b,57166.87,0.2933,57.9,0,9766.66,5.4,1
sim-000132,0,group_b,25967.47,0.3308,39.3,0,2118.03,10.1,1
sim-000133,0,group_a,23664.19,0.3523,75.6,1,9281.1,6.9,0
sim-000134,0,group_b,38105.85,0.2719,31.8,4,8874.36,5.7,0
sim-000135,0,group_a,25896.43,0.1764,122.1,0,17515.42,6.7,0
sim-000136,0,group_b,34668.65,0.1669,30.7,0,9313.06,3.6,0
sim-000137,0,group_a,52266.74,0.1528,97.5,1,2544.83,4.0,0
sim-000138,0,group_b,36287.78,0.6193,83.8,2,6405.22,8.3,1
sim-000139,0,group_a,36344.75,0.1594,97.0,1,6437.32,8.6,0
sim-000140,0,group_a,37652.76,0.5954,37.4,1,7708.7,13.0,1
sim-000141,0,group_a,16964.84,0.5223,45.4,0,6826.94,6.6,0
sim-000142,0,group_b,40723.96,0.3464,48.4,1,8390.83,7.9,0
sim-000143,0,group_a,36944.47,0.1407,57.3,0,5027.9,1.9,1
sim-000144,0,group_a,50262.62,0.1892,31.6,2,17981.74,3.0,0
sim-000145,0,group_a,44553.26,0.2377,62.9,0,7632.93,4.9,0
sim-000146,0,group_a,31735.19,0.4235,63.5,3,24044.08,6.2,1
sim-000147,0,group_a,53295.38,0.4009,95.7,0,4127.78,3.4,0
sim-000148,0,group_a,30549.24,0.0413,60.9,0,6559.75,8.8,0
sim-000149,0,group_a,38323.02,0.2193,22.4,1,11723.25,5.6,1
sim-000150,0,group_b,30312.55,0.2084,26.2,1,3854.24,5.0,0
sim-000151,0,group_b,41937.61,0.2076,42.0,1,14849.25,7.7,0
sim-000152,0,group_a,29492.0,0.5144,56.3,4,8720.93,7.0,1
sim-000153,0,group_a,69007.58,0.2724,133.7,1,8656.39,4.6,0
sim-000154,0,group_a,80603.1,0.1017,106.2,0,15617.31,7.8,0
sim-000155,0,group_b,49863.97,0.4406,53.4,2,6440.33,5.1,1
sim-000156,0,group_a,65995.68,0.2829,43.4,0,6108.04,6.0,0
sim-000157,0,group_b,18097.52,0.5558,63.8,1,6604.26,9.6,0
sim-000158,0,group_b,19015.72,0.3496,63.7,1,6934.54,10.1,1
sim-000159,0,group_b,30180.3,0.2984,60.4,3,4334.22,7.5,1
sim-000160,0,group_a,35147.79,0.1559,30.8,1,9817.13,6.7,0
sim-000161,0,group_b,31785.1,0.515,49.5,0,6789.13,5.2,1
sim-000162,0,group_a,17331.89,0.3748,48.5,1,7357.26,4.2,1
sim-000163,0,group_a,56031.46,0.2332,73.2,0,7437.72,17.9,0
sim-000164,0,group_a,85371.13,0.3281,105.5,3,12117.85,12.8,0
sim-000165,0,group_a,59160.82,0.0392,48.5,0,9465.35,4.8,0
sim-000166,0,group_b,54498.03,0.2453,70.8,0,10249.14,7.9,1
sim-000167,0,group_b,37985.9,0.4187,10.2,1,7450.98,9.7,1
sim-000168,0,group_a,24244.4,0.324,68.9,2,10353.42,2.9,1
sim-000169,0,group_b,35612.85,0.3221,15.3,3,21685.01,6.0,1
sim-000170,0,group_a,83645.84,0.3617,35.9,0,14599.91,7.0,0
sim-000171,0,group_a,29797.06,0.4364,43.9,0,5063.4,15.1,0
sim-000172,0,group_a,28535.89,0.3585,72.9,0,14343.85,6.5,0
sim-000173,0,group_b,54998.85,0.3397,63.8,2,10204.17,2.3,0
sim-000174,0,group_a,56553.83,0.2749,21.6,0,8199.55,10.2,0
sim-000175,0,group_a,24194.52,0.2033,73.4,0,12171.28,9.7,0
sim-000176,0,group_a,30951.49,0.5274,131.6,1,11311.74,6.0,1
sim-000177,0,group_b,27978.73,0.2411,30.1,0,8982.02,4.2,0
sim-000178,0,group_b,35570.42,0.17,48.1,1,6779.03,6.7,0
sim-000179,0,group_b,54915.36,0.2004,56.0,0,5584.59,7.0,1
sim-000180,0,group_b,24644.49,0.1678,54.1,0,12288.33,10.2,0
sim-000181,0,group_b,54592.91,0.3017,94.0,1,9650.57,5.5,0
sim-000182,0,group_a,36051.13,0.15,82.9,0,7106.66,11.9,1
sim-000183,0,group_a,91766.33,0.2652,69.1,1,8026.25,4.1,0
sim-000184,0,group_b,39494.19,0.5559,57.4,1,6741.63,8.2,1
sim-000185,0,group_b,33166.45,0.3478,83.2,2,4873.34,2.8,0
sim-000186,0,group_a,43975.16,0.2833,20.3,1,15011.8,7.3,1
sim-000187,0,group_a,29983.38,0.0826,140.6,0,8675.41,3.7,1
sim-000188,0,group_b,16252.23,0.3242,96.2,0,3152.57,4.4,1
sim-000189,0,group_a,31225.21,0.024,101.6,2,11835.73,3.2,0
sim-000190,0,group_b,31019.05,0.442,161.2,1,9452.45,7.7,0
sim-000191,0,group_a,17698.35,0.0682,94.7,1,10715.18,4.2,0
sim-000192,0,group_a,33500.82,0.0699,33.2,0,13865.46,2.0,0
sim-000193,0,group_b,14498.69,0.3482,66.7,1,7515.81,2.2,1
sim-000194,0,group_a,29850.94,0.2855,93.4,4,8736.62,13.3,1
sim-000195,0,group_a,38265.74,0.4662,65.9,2,4191.24,8.7,1
sim-000196,0,group_b,35980.72,0.4528,69.7,3,6236.84,3.5,0
sim-000197,0,group_b,29066.77,0.1916,108.0,2,12967.57,1.0,0
sim-000198,0,group_a,33325.47,0.2815,57.0,1,7959.98,3.0,0
sim-000199,0,group_a,24851.99,0.2441,119.7,2,6720.12,7.7,0
sim-000200,0,group_b,34701.66,0.5371,45.4,2,9279.15,10.6,0
sim-000201,0,group_b,35397.49,0.3491,69.9,0,5168.78,15.1,0
sim-000202,0,group_a,23668.37,0.2308,22.3,1,6141.56,6.4,0
sim-000203,0,group_a,38655.09,0.2495,22.3,0,12046.22,3.5,1
sim-000204,0,group_a,38553.81,0.0467,178.8,1,3447.73,2.5,0
sim-000205,0,group_a,32215.14,0.5787,65.8,1,6268.54,5.5,1
sim-000206,0,group_a,95496.01,0.6449,56.7,1,8557.59,1.3,1
sim-000207,0,group_b,32562.12,0.6327,73.3,2,9887.7,4.4,1
sim-000208,0,group_a,30721.61,0.1245,83.7,2,5314.9,10.2,0
sim-000209,0,group_a,28928.86,0.3991,35.6,0,10394.61,9.9,0
sim-000210,0,group_b,22976.0,0.4326,94.7,1,8278.8,3.6,1
sim-000211,0,group_b,46077.35,0.4469,50.8,1,15119.0,7.6,0
sim-000212,0,group_a,25894.25,0.2184,172.4,1,11210.62,7.2,0
sim-000213,0,group_b,27213.32,0.3246,70.2,2,7188.4,3.3,0
sim-000214,0,group_b,27554.98,0.3015,16.0,0,14051.87,6.5,0
sim-000215,0,group_b,22841.26,0.4391,48.8,3,8273.54,1.6,0
sim-000216,0,group_a,16556.68,0.4696,69.9,2,10001.4,2.5,0
sim-000217,0,group_a,28440.38,0.1898,29.1,3,6119.97,7.1,0
sim-000218,0,group_b,49851.35,0.1408,78.2,0,5102.56,1.6,0
sim-000219,0,group_a,37523.83,0.3933,84.4,0,3814.64,1.1,0
sim-000220,0,group_a,66532.22,0.042,58.1,1,6166.87,8.6,0
sim-000221,0,group_a,47353.77,0.4955,15.5,2,8112.08,1.3,1
sim-000222,0,group_b,43047.75,0.4299,145.1,0,6011.15,3.3,0
sim-000223,0,group_b,76169.21,0.5445,25.6,2,9204.54,13.1,1
sim-000224,0,group_a,33163.29,0.2731,50.8,0,7407.1,2.3,0
sim-000225,0,group_b,35471.75,0.2674,91.5,3,8117.5,8.1,0
sim-000226,0,group_a,34378.44,0.2546,81.4,2,14751.07,4.0,0
sim-000227,0,group_a,66064.74,0.2953,18.8,0,16826.88,5.7,1
sim-000228,0,group_b,34580.89,0.1958,41.3,0,3887.86,3.3,0
sim-000229,0,group_a,26310.5,0.2543,40.9,2,4626.42,9.1,0
sim-000230,0,group_a,44215.19,0.533,66.5,1,8813.7,6.9,0
sim-000231,0,group_a,24518.2,0.6127,34.6,1,6680.31,8.5,1
sim-000232,0,group_b,43219.97,0.1297,65.9,0,3867.68,9.2,0
sim-000233,0,group_b,41102.05,0.1157,95.5,1,9833.77,8.3,0
sim-000234,0,group_b,31902.86,0.6935,48.2,1,4671.43,5.8,1
sim-000235,0,group_b,43811.03,0.2288,59.3,0,11284.25,6.0,0
sim-000236,0,group_a,18492.64,0.0692,76.6,1,13135.65,3.2,0
sim-000237,0,group_b,36991.52,0.3821,117.1,0,14292.94,5.1,0
sim-000238,0,group_a,28442.46,0.2186,79.6,0,5666.67,7.5,0
sim-000239,0,group_a,114938.3,0.1135,46.2,2,8211.84,4.1,0
sim-000240,0,group_b,36880.81,0.3054,102.9,0,14099.45,5.0,0
sim-000241,0,group_b,26890.15,0.2498,92.6,0,2841.7,1.5,0
sim-000242,0,group_a,19362.88,0.3258,101.3,2,4620.65,3.0,1
sim-000243,0,group_a,59770.69,0.1466,53.5,2,10583.19,6.3,0
sim-000244,0,group_b,29821.54,0.5493,111.0,2,17334.97,5.9,1
sim-000245,0,group_b,24776.03,0.4118,48.6,1,2379.23,6.8,1
sim-000246,0,group_b,39785.02,0.2918,40.8,2,4545.58,14.7,1
sim-000247,0,group_a,45382.5,0.3413,112.0,3,6820.28,5.9,0
sim-000248,0,group_a,45082.99,0.3173,64.5,3,8575.79,3.7,1
sim-000249,0,group_a,34832.12,0.3446,65.4,1,20891.99,5.7,0
sim-000250,0,group_b,36932.97,0.2589,34.9,1,13270.31,20.5,0
sim-000251,0,group_b,38080.42,0.3646,37.4,0,10179.33,5.2,1
sim-000252,0,group_a,39786.64,0.3672,41.7,3,3994.12,1.0,0
sim-000253,0,group_a,41293.14,0.1536,51.3,0,8126.46,17.8,0
sim-000254,0,group_a,54702.8,0.4585,52.1,2,12233.92,6.7,1
sim-000255,0,group_b,35372.65,0.2165,22.2,1,4633.88,3.5,0
sim-000256,0,group_b,24512.6,0.1396,91.7,1,6606.98,4.2,1
sim-000257,0,group_a,32513.07,0.6272,143.8,0,7540.19,3.2,0
sim-000258,0,group_a,47409.98,0.2363,34.9,1,5777.98,1.8,0
sim-000259,0,group_b,16312.03,0.2832,62.0,2,11578.78,10.9,0
sim-000260,0,group_a,16351.65,0.4988,99.2,1,12526.02,9.1,0
sim-000261,0,group_b,50801.24,0.1885,108.4,0,5343.74,2.6,0
sim-000262,0,group_a,65411.38,0.2018,50.0,0,4778.18,4.3,0
sim-000263,0,group_a,20304.87,0.2679,4.4,1,7817.8,12.1,0
sim-000264,0,group_b,36033.09,0.2954,101.9,1,9641.13,2.8,1
sim-000265,0,group_a,29207.8,0.15,31.0,1,20870.12,2.6,0
sim-000266,0,group_a,30960.0,0.3229,12.7,1,8184.58,10.3,1
sim-000267,0,group_a,39274.2,0.4865,51.2,0,6740.32,6.0,0
sim-000268,0,group_a,20070.26,0.3297,149.9,1,5480.41,14.0,0
sim-000269,0,group_a,21697.85,0.238,63.7,0,8839.42,8.9,0
sim-000270,0,group_a,30438.83,0.1295,177.7,0,7093.56,6.4,0
sim-000271,0,group_a,32498.27,0.5124,32.5,1,11966.67,2.2,0
sim-000272,0,group_a,21527.77,0.3991,46.1,2,9008.64,14.7,0
sim-000273,0,group_b,48129.57,0.6513,90.3,2,7725.93,11.1,1
sim-000274,0,group_b,28987.63,0.3863,111.9,0,5077.8,8.2,0
sim-000275,0,group_a,28935.85,0.2366,80.7,0,10075.42,10.7,0
sim-000276,0,group_a,38898.72,0.22,49.5,3,7504.83,3.9,0
sim-000277,0,group_a,32723.82,0.0362,174.7,0,11425.93,4.6,0
sim-000278,0,group_b,49106.18,0.2247,59.8,3,3952.54,1.4,1
sim-000279,0,group_b,23340.9,0.4562,48.9,2,9431.2,6.5,1
sim-000280,0,group_a,19208.3,0.2214,76.3,0,11865.15,2.7,1
sim-000281,0,group_a,30329.9,0.4076,94.3,1,8297.73,3.8,1
sim-000282,0,group_a,35429.47,0.2405,46.5,1,12312.86,0.8,1
sim-000283,0,group_a,20514.4,0.4766,35.3,0,9970.54,12.3,0
sim-000284,0,group_a,19286.17,0.2057,100.5,3,5955.8,9.1,0
sim-000285,0,group_a,37293.15,0.5235,11.8,2,4551.57,1.4,0
sim-000286,0,group_a,25127.85,0.3787,36.2,1,13250.63,10.1,0
sim-000287,0,group_a,18768.69,0.2171,36.1,1,6096.77,3.9,0
sim-000288,0,group_a,51815.43,0.194,46.1,2,7613.13,2.2,0
sim-000289,0,group_a,26493.28,0.4251,97.7,1,6213.74,2.7,1
sim-000290,0,group_b,55989.58,0.5482,104.9,2,13761.97,6.7,0
sim-000291,0,group_a,34959.93,0.2213,62.2,0,2606.87,12.0,0
sim-000292,0,group_b,39096.91,0.3961,120.5,1,12646.58,1.4,0
sim-000293,0,group_a,31608.14,0.3661,140.3,0,6195.54,10.5,0
sim-000294,0,group_b,11325.72,0.2108,56.5,1,23247.75,4.1,1
sim-000295,0,group_b,21430.06,0.7242,85.3,5,12810.05,7.9,0
sim-000296,0,group_b,32767.81,0.2991,41.9,1,5415.97,1.8,1
sim-000297,0,group_b,40262.92,0.4854,20.2,2,17691.99,3.1,0
sim-000298,0,group_b,16290.49,0.4288,62.1,1,5889.35,4.1,1
sim-000299,0,group_b,33775.38,0.5833,70.0,0,10874.23,3.1,1
sim-000300,0,group_b,21561.17,0.4848,82.0,1,10152.36,8.5,0
sim-000301,0,group_a,38121.76,0.0686,61.7,2,24188.98,4.7,1
sim-000302,0,group_a,34264.04,0.1914,25.4,1,5047.62,3.8,0
sim-000303,0,group_a,47205.74,0.1064,51.1,2,2450.83,6.3,0
sim-000304,0,group_b,54071.67,0.2989,109.5,0,4510.61,6.1,0
sim-000305,0,group_a,41888.88,0.2653,27.3,1,8153.27,6.1,0
sim-000306,0,group_a,49581.12,0.5458,60.8,0,4773.91,6.9,0
sim-000307,0,group_b,29817.66,0.3925,48.2,3,4026.48,19.0,0
sim-000308,0,group_a,113064.0,0.5246,53.6,1,6860.29,2.5,0
sim-000309,0,group_a,20704.29,0.1853,102.1,1,12932.64,4.0,1
sim-000310,0,group_a,27676.6,0.2726,157.3,0,1900.89,6.6,0
sim-000311,0,group_a,50441.55,0.1216,44.2,0,8833.21,7.0,1
sim-000312,0,group_a,47388.88,0.1003,30.3,3,8812.58,3.1,0
sim-000313,0,group_a,42391.51,0.3023,37.4,1,12057.96,3.7,0
sim-000314,0,group_a,45873.08,0.5248,36.2,1,4792.68,7.2,0
sim-000315,0,group_a,14398.88,0.3472,63.2,1,19186.29,5.0,1
sim-000316,0,group_a,67339.71,0.2393,101.3,1,8882.89,3.3,0
sim-000317,0,group_b,31709.32,0.3028,51.4,2,9980.77,9.0,0
sim-000318,0,group_a,58295.23,0.295,40.3,2,6230.24,4.0,1
sim-000319,0,group_b,14704.65,0.1994,102.7,0,14238.53,6.9,0
sim-000320,0,group_b,38474.8,0.1832,29.6,1,27748.91,4.5,0
sim-000321,0,group_a,27264.18,0.0531,64.1,0,6901.05,8.8,1
sim-000322,0,group_a,43927.26,0.1368,82.0,3,9239.22,2.6,0
sim-000323,0,group_a,39465.0,0.452,34.0,1,10994.69,12.1,0
sim-000324,0,group_b,40285.23,0.1405,64.4,0,16474.26,14.5,0
sim-000325,0,group_b,22142.29,0.2927,102.2,0,13466.73,2.0,1
sim-000326,0,group_b,33727.64,0.1273,50.1,0,10500.38,11.7,0
sim-000327,0,group_a,32026.85,0.1134,83.1,0,10889.64,9.0,0
sim-000328,0,group_b,42532.77,0.424,24.4,0,12648.57,5.9,0
sim-000329,0,group_a,52339.4,0.1149,41.3,0,13531.52,3.2,0
sim-000330,0,group_b,36798.04,0.1906,33.6,0,13759.65,2.6,0
sim-000331,0,group_a,20211.51,0.0895,55.9,2,6153.94,3.5,0
sim-000332,0,group_b,36141.0,0.3023,39.7,0,32866.37,1.9,0
sim-000333,0,group_b,103430.17,0.2359,130.4,0,9530.99,4.5,0
sim-000334,0,group_a,68962.78,0.4152,74.5,0,10727.82,4.3,1
sim-000335,0,group_b,9904.58,0.4098,32.8,2,13268.0,4.6,0
sim-000336,0,group_a,35475.73,0.5213,48.0,2,10900.93,9.4,1
sim-000337,0,group_b,51097.47,0.2075,48.6,1,13042.93,3.6,0
sim-000338,0,group_a,31997.81,0.3266,103.1,1,6015.39,6.3,0
sim-000339,0,group_b,28474.43,0.1426,78.9,0,8424.13,3.4,0
sim-000340,0,group_a,30880.34,0.2388,62.4,0,8227.51,1.8,0
sim-000341,0,group_b,43561.09,0.1506,80.3,1,13177.11,3.7,1
sim-000342,0,group_b,21325.15,0.2453,109.8,1,8588.69,2.2,0
sim-000343,0,group_b,56911.3,0.5979,171.4,1,9124.81,8.9,0
sim-000344,0,group_b,33741.47,0.3325,142.9,2,9329.11,8.6,0
sim-000345,0,group_b,23325.2,0.4038,67.3,2,16288.81,8.6,1
sim-000346,0,group_b,55394.03,0.0543,53.1,0,2152.8,7.5,0
sim-000347,0,group_a,18052.6,0.4745,74.4,1,10112.63,2.8,0
sim-000348,0,group_b,27359.3,0.1218,93.8,0,6772.22,3.7,0
sim-000349,0,group_a,27170.75,0.5496,44.6,2,3340.18,11.0,0
sim-000350,0,group_b,85004.17,0.2291,69.7,0,4772.42,12.8,0
sim-000351,0,group_a,25907.59,0.3028,75.7,0,4739.8,2.8,1
sim-000352,0,group_a,13973.45,0.3336,132.2,1,6595.5,2.1,0
sim-000353,0,group_a,27055.29,0.4859,39.7,1,5358.77,3.0,0
sim-000354,0,group_a,41828.41,0.4689,24.8,1,8349.58,9.1,0
sim-000355,0,group_a,48017.25,0.2256,23.8,0,12015.76,4.1,0
sim-000356,0,group_b,89872.45,0.2588,103.4,1,8810.88,5.7,0
sim-000357,0,group_b,62373.57,0.2419,119.4,0,5745.64,2.5,0
sim-000358,0,group_a,37381.36,0.1612,51.2,0,8959.73,5.6,0
sim-000359,0,group_b,23756.36,0.5342,93.9,1,11069.43,4.4,1
sim-000360,0,group_b,68329.13,0.667,112.1,1,14649.45,8.2,1
sim-000361,0,group_a,29590.34,0.407,77.0,2,5375.69,18.3,1
sim-000362,0,group_a,26201.55,0.4086,157.1,1,19038.92,7.3,1
sim-000363,0,group_a,28993.56,0.0936,58.9,1,8819.21,1.2,1
sim-000364,0,group_b,20415.28,0.1081,91.8,1,8706.08,4.8,0
sim-000365,0,group_a,28415.54,0.3392,9.7,4,5702.83,6.4,1
sim-000366,0,group_b,31322.58,0.5276,138.5,1,4183.41,22.2,0
sim-000367,0,group_b,46951.75,0.1284,71.2,0,4008.73,2.7,0
sim-000368,0,group_a,29348.68,0.6559,75.5,2,19832.88,10.5,0
sim-000369,0,group_b,20285.61,0.1324,93.1,0,16598.41,6.9,0
sim-000370,0,group_b,17613.41,0.18,108.0,2,11078.77,4.5,1
sim-000371,0,group_a,37722.77,0.4724,63.0,2,4668.43,16.9,0
sim-000372,0,group_a,35614.31,0.2125,103.6,0,7695.32,14.1,0
sim-000373,0,group_a,27369.61,0.0567,56.7,1,3869.53,3.6,0
sim-000374,0,group_a,28386.48,0.5636,122.1,1,5984.81,16.0,0
sim-000375,0,group_a,40666.69,0.0242,95.5,0,3677.61,5.1,1
sim-000376,0,group_b,61946.69,0.4083,36.8,3,6621.03,3.6,0
sim-000377,0,group_a,24892.93,0.3497,35.9,3,6790.68,11.7,0
sim-000378,0,group_a,35858.62,0.5794,107.1,1,5863.31,4.5,1
sim-000379,0,group_b,51661.78,0.5666,20.5,0,5100.54,8.5,1
sim-000380,0,group_a,24935.11,0.2753,57.0,0,7482.45,17.6,0
sim-000381,0,group_b,34318.32,0.6382,98.9,3,10558.97,9.8,1
sim-000382,0,group_b,33997.49,0.2069,47.2,2,15366.1,2.4,1
sim-000383,0,group_a,19915.55,0.2377,71.1,2,5713.13,9.9,0
sim-000384,0,group_a,37077.64,0.4059,46.1,0,10891.48,3.0,0
sim-000385,0,group_b,35005.09,0.235,35.2,2,10791.96,2.8,0
sim-000386,0,group_b,43614.08,0.2898,117.6,0,9668.71,5.0,0
sim-000387,0,group_b,20983.84,0.3568,39.7,2,12558.21,3.9,1
sim-000388,0,group_a,34689.33,0.2626,26.9,0,8724.86,10.6,0
sim-000389,0,group_b,61717.84,0.3405,43.8,1,7987.14,4.3,0
sim-000390,0,group_b,82664.86,0.501,55.0,1,10869.15,5.0,0
sim-000391,0,group_a,59139.5,0.1248,56.5,1,20840.29,2.6,0
sim-000392,0,group_b,21070.52,0.3102,59.8,1,3756.22,6.3,1
sim-000393,0,group_b,41749.47,0.2145,114.4,1,8808.62,4.7,0
sim-000394,0,group_a,28200.03,0.4173,73.3,4,6500.58,9.7,0
sim-000395,0,group_a,38919.02,0.3566,49.6,0,4713.25,12.9,0
sim-000396,0,group_b,24975.96,0.5879,59.4,1,10528.92,9.3,1
sim-000397,0,group_a,16820.29,0.1571,85.5,2,6872.98,4.0,1
sim-000398,0,group_a,29890.7,0.1014,16.5,0,6351.16,6.5,1
sim-000399,0,group_a,46793.2,0.1256,55.7,0,9524.42,8.1,0
sim-000400,0,group_a,38986.08,0.7318,126.8,2,12000.78,3.9,0
sim-000401,0,group_b,40914.43,0.3133,64.2,1,4686.82,5.1,0
sim-000402,0,group_b,37830.36,0.3132,68.5,2,8985.49,5.1,0
sim-000403,0,group_a,40941.58,0.2385,58.8,2,16359.69,6.7,0
sim-000404,0,group_b,43148.16,0.4881,115.2,2,8783.12,7.7,0
sim-000405,0,group_b,30780.41,0.1507,134.3,3,7666.02,4.1,0
sim-000406,0,group_a,35768.18,0.2731,11.4,1,7379.65,2.4,1
sim-000407,0,group_b,71837.98,0.3343,151.0,2,2959.48,1.9,0
sim-000408,0,group_a,36667.75,0.4604,133.5,1,3205.27,6.3,0
sim-000409,0,group_b,35167.47,0.3789,30.4,0,13098.33,12.1,1
sim-000410,0,group_b,36069.81,0.5791,99.9,1,21842.13,1.9,0
sim-000411,0,group_b,31523.18,0.1404,100.7,1,18020.43,3.4,1
sim-000412,0,group_a,28771.78,0.2191,34.3,1,21090.64,6.9,0
sim-000413,0,group_b,37708.66,0.499,56.6,2,6935.19,13.1,1
sim-000414,0,group_a,27933.99,0.288,73.4,1,7571.65,6.4,0
sim-000415,0,group_a,32496.37,0.4246,154.6,0,4462.84,1.0,1
sim-000416,0,group_a,24784.75,0.3032,71.4,0,4793.02,6.0,0
sim-000417,0,group_b,36147.57,0.3256,77.2,0,11887.1,5.5,1
sim-000418,0,group_a,44150.6,0.0851,110.6,1,5732.19,1.1,1
sim-000419,0,group_b,31602.63,0.3806,46.0,3,6188.48,14.1,0
sim-000420,0,group_b,14860.78,0.3584,42.9,2,6954.11,1.0,1
sim-000421,0,group_a,44265.29,0.1098,92.3,1,12803.85,9.5,0
sim-000422,0,group_a,36332.84,0.2653,80.6,1,8163.46,3.6,0
sim-000423,0,group_a,22761.89,0.1778,55.7,1,6039.04,4.3,0
sim-000424,0,group_b,47799.65,0.6129,108.7,2,8177.68,1.5,0
sim-000425,0,group_b,19199.92,0.2197,136.1,1,12697.68,3.3,0
sim-000426,0,group_a,53587.5,0.0655,107.7,2,5988.29,16.3,1
sim-000427,0,group_b,33722.01,0.482,53.8,1,4966.61,10.0,0
sim-000428,0,group_a,13320.73,0.3848,69.0,1,5113.57,3.4,0
sim-000429,0,group_b,37231.05,0.2209,46.7,0,21724.54,10.1,0
sim-000430,0,group_b,29126.37,0.2976,127.5,2,5567.44,3.1,0
sim-000431,0,group_b,27340.47,0.3479,67.6,1,8176.97,4.2,0
sim-000432,0,group_b,25340.4,0.3843,26.0,1,3151.51,6.0,0
sim-000433,0,group_b,32747.09,0.2527,90.7,0,25780.76,4.6,0
sim-000434,0,group_a,28175.86,0.3509,69.4,1,6039.61,8.3,1
sim-000435,0,group_a,15838.36,0.4306,63.8,0,10335.11,1.2,1
sim-000436,0,group_a,58939.6,0.0916,27.0,0,7733.6,1.4,0
sim-000437,0,group_a,31174.94,0.1248,45.9,2,5605.59,3.5,0
sim-000438,0,group_b,25402.1,0.1907,72.3,2,11412.73,3.9,0
sim-000439,0,group_b,21505.46,0.0987,99.1,0,6012.65,4.4,0
sim-000440,0,group_b,47748.72,0.6386,83.6,0,13120.62,1.8,0
sim-000441,0,group_a,20023.43,0.1208,42.1,2,29922.18,5.2,0
sim-000442,0,group_b,36544.09,0.4533,50.5,3,12524.37,4.4,0
sim-000443,0,group_a,27034.45,0.0984,39.5,1,5325.75,6.4,0
sim-000444,0,group_a,27703.77,0.1667,58.5,0,7246.17,3.3,0
sim-000445,0,group_b,21731.22,0.4286,97.2,3,3503.8,8.8,1
sim-000446,0,group_b,26621.27,0.5279,51.8,2,2577.8,6.0,1
sim-000447,0,group_b,34672.47,0.1084,57.4,1,4200.58,2.9,0
sim-000448,0,group_a,38132.84,0.404,65.0,0,8340.52,4.0,1
sim-000449,0,group_b,24836.04,0.067,30.2,2,9586.95,5.8,0
sim-000450,0,group_a,33249.92,0.1092,74.0,0,9497.51,10.8,0
sim-000451,0,group_b,50168.91,0.4696,70.1,0,10326.55,6.2,0
sim-000452,0,group_b,17183.35,0.6072,71.4,1,8758.9,5.1,1
sim-000453,0,group_a,34453.54,0.4974,39.5,3,12107.02,7.8,1
sim-000454,0,group_a,23171.32,0.4666,148.7,0,8876.54,5.7,0
sim-000455,0,group_a,22200.56,0.344,153.4,3,5550.24,9.1,1
sim-000456,0,group_b,38546.66,0.2261,56.9,1,12414.06,5.3,0
sim-000457,0,group_a,27473.97,0.5405,21.1,1,4636.07,15.2,0
sim-000458,0,group_b,20721.82,0.3631,11.5,0,5082.84,16.6,0
sim-000459,0,group_b,60246.45,0.1725,36.5,0,22668.66,7.0,0
sim-000460,0,group_a,50839.94,0.1076,38.0,0,4842.31,14.1,0
sim-000461,0,group_a,15343.26,0.1629,59.8,2,12462.25,0.9,0
sim-000462,0,group_b,18596.71,0.2645,45.8,1,10783.1,2.6,0
sim-000463,0,group_a,44322.69,0.2206,51.1,1,4594.77,4.9,0
sim-000464,0,group_a,30648.93,0.4423,108.9,0,31382.24,9.1,1
sim-000465,0,group_b,64876.54,0.1251,48.8,1,7087.43,5.2,1
sim-000466,0,group_b,44750.65,0.3341,128.1,4,6658.63,4.2,0
sim-000467,0,group_b,39174.27,0.0507,66.2,0,6804.09,1.7,0
sim-000468,0,group_a,22489.81,0.1895,68.6,1,10216.98,4.7,0
sim-000469,0,group_a,42463.7,0.5312,99.9,1,5723.92,4.6,0
sim-000470,0,group_a,20214.98,0.1672,109.0,2,3997.97,11.5,0
sim-000471,0,group_a,59766.63,0.4129,82.1,0,11324.14,4.8,0
sim-000472,0,group_a,41245.54,0.0878,66.0,1,4328.58,2.7,0
sim-000473,0,group_a,24430.1,0.1734,52.1,0,3911.59,7.8,1
sim-000474,0,group_a,48434.35,0.3044,22.3,1,5887.79,3.0,0
sim-000475,0,group_a,88560.43,0.4657,103.6,2,26369.75,4.3,0
sim-000476,0,group_a,31527.04,0.3064,89.5,1,6604.49,3.4,0
sim-000477,0,group_b,43528.6,0.3362,51.2,0,18644.59,3.1,0
sim-000478,0,group_b,28814.43,0.1301,49.0,1,7625.41,10.0,0
sim-000479,0,group_a,35805.18,0.2984,111.3,1,8444.78,2.4,1
sim-000480,0,group_a,18342.23,0.3072,11.5,2,9064.36,4.4,0
sim-000481,0,group_a,34536.69,0.2438,66.4,0,5907.05,4.7,0
sim-000482,0,group_b,35182.44,0.5229,60.5,2,8200.08,8.9,1
sim-000483,0,group_a,73539.58,0.1346,103.8,0,10649.29,2.1,0
sim-000484,0,group_a,16254.07,0.0817,88.9,1,8978.49,7.8,0
sim-000485,0,group_a,30700.34,0.3257,34.5,2,5888.79,5.2,0
sim-000486,0,group_a,59338.24,0.4239,48.0,3,13008.13,5.3,0
sim-000487,0,group_a,31208.82,0.2906,17.1,1,3078.81,7.4,0
sim-000488,0,group_a,32145.78,0.3853,70.8,1,11162.11,1.8,0
sim-000489,0,group_a,24343.77,0.5977,49.3,0,9966.47,5.6,1
sim-000490,0,group_b,23348.91,0.1895,31.4,0,8441.33,0.5,0
sim-000491,0,group_b,16044.82,0.1047,37.3,0,14472.68,9.4,0
sim-000492,0,group_b,26521.99,0.4418,138.0,2,9844.81,7.7,0
sim-000493,0,group_a,22798.98,0.2029,52.1,1,1961.47,2.2,0
sim-000494,0,group_b,36300.12,0.3002,78.7,0,12161.98,2.6,0
sim-000495,0,group_a,24814.4,0.3639,18.7,1,8146.7,4.7,1
sim-000496,0,group_a,28242.18,0.3807,97.2,1,8633.36,14.5,0
sim-000497,0,group_b,28568.89,0.7802,80.7,1,9169.68,3.3,1
sim-000498,0,group_a,33852.58,0.348,101.3,2,8524.79,6.4,0
sim-000499,0,group_a,27667.69,0.0921,29.8,0,4605.08,3.2,1
sim-000500,1,group_b,22382.84,0.7036,152.7,4,6009.48,4.2,0
sim-000501,1,group_b,36243.74,0.5544,116.2,2,12503.16,2.8,0
sim-000502,1,group_b,54739.62,0.3476,29.0,1,7987.97,12.2,0
sim-000503,1,group_a,36899.59,0.4001,48.3,0,8831.45,8.3,1
sim-000504,1,group_a,27061.72,0.1732,80.7,0,11345.93,4.9,1
sim-000505,1,group_b,33199.12,0.4166,30.4,0,7223.06,4.1,1
sim-000506,1,group_a,14775.63,0.1394,135.1,0,14016.54,1.8,0
sim-000507,1,group_b,32973.22,0.2731,94.3,1,9063.85,2.1,0
sim-000508,1,group_a,29550.36,0.1845,48.8,2,4647.37,11.3,0
sim-000509,1,group_a,23622.3,0.2918,88.7,1,6871.74,4.4,0
sim-000510,1,group_a,25491.97,0.3459,50.1,0,6646.65,12.3,0
sim-000511,1,group_b,29427.99,0.0804,139.4,0,8379.0,4.6,0
sim-000512,1,group_a,53041.64,0.3849,70.5,0,4719.83,1.0,0
sim-000513,1,group_a,55307.59,0.0998,78.5,1,19851.88,4.9,0
sim-000514,1,group_a,23675.3,0.4333,37.1,1,12260.53,6.6,1
sim-000515,1,group_a,28124.81,0.3439,54.7,1,9140.76,2.6,1
sim-000516,1,group_a,28427.5,0.1779,110.5,1,8515.42,6.5,0
sim-000517,1,group_b,49119.39,0.0925,57.1,4,13132.67,2.9,0
sim-000518,1,group_a,37164.63,0.4004,35.8,1,3775.9,5.7,0
sim-000519,1,group_b,36350.81,0.4747,29.1,2,9449.94,12.2,0
sim-000520,1,group_b,43793.05,0.1863,74.3,0,4399.96,5.3,0
sim-000521,1,group_a,27214.53,0.0152,24.2,2,12706.28,8.0,0
sim-000522,1,group_a,61996.45,0.3465,22.1,2,5266.89,9.0,0
sim-000523,1,group_b,34935.8,0.1443,16.2,1,9454.03,6.5,1
sim-000524,1,group_a,24404.35,0.0526,75.9,0,21404.44,8.4,1
sim-000525,1,group_a,31746.92,0.1917,15.7,3,14172.03,6.4,1
sim-000526,1,group_b,58653.93,0.2326,70.6,0,4868.87,5.7,0
sim-000527,1,group_b,29244.31,0.0505,65.0,0,9063.33,6.5,0
sim-000528,1,group_b,52094.48,0.5369,48.1,2,8394.2,6.1,1
sim-000529,1,group_a,26885.83,0.2611,63.3,2,7889.49,8.9,0
sim-000530,1,group_b,25347.14,0.1815,85.0,0,18709.34,7.2,0
sim-000531,1,group_b,46121.33,0.3134,124.6,1,7869.0,6.0,1
sim-000532,1,group_a,24219.94,0.3906,58.3,0,25512.95,2.2,1
sim-000533,1,group_b,49388.2,0.041,71.2,0,5887.43,7.4,0
sim-000534,1,group_a,40525.35,0.1635,34.3,0,8436.48,3.6,0
sim-000535,1,group_a,24223.79,0.278,70.5,2,8173.58,12.8,0
sim-000536,1,group_a,33927.94,0.3451,59.5,1,9359.67,1.0,0
sim-000537,1,group_a,27764.54,0.1888,80.1,0,12143.49,2.3,0
sim-000538,1,group_a,40480.28,0.3423,32.9,0,15615.38,1.4,0
sim-000539,1,group_b,77255.64,0.4697,157.7,2,7736.62,3.0,0
sim-000540,1,group_b,29920.65,0.4287,51.4,2,7374.66,3.5,0
sim-000541,1,group_a,43747.34,0.3081,73.9,2,7855.8,5.1,0
sim-000542,1,group_b,35322.13,0.2624,12.0,2,12944.79,5.1,0
sim-000543,1,group_b,35316.45,0.1982,65.3,3,4406.97,6.3,1
sim-000544,1,group_a,32617.81,0.4987,75.6,1,6481.34,5.7,0
sim-000545,1,group_a,24388.93,0.3947,105.5,1,20038.27,6.3,1
sim-000546,1,group_a,40245.71,0.1356,79.5,0,2829.0,2.5,0
sim-000547,1,group_a,30968.58,0.3756,131.2,1,12742.45,3.1,0
sim-000548,1,group_b,23908.37,0.2909,109.5,1,14733.5,6.5,1
sim-000549,1,group_a,53527.6,0.3324,27.6,0,13078.56,3.8,1
sim-000550,1,group_a,36445.89,0.2645,133.8,0,6284.41,4.9,0
sim-000551,1,group_a,31767.48,0.106,55.1,0,13582.92,2.2,1
sim-000552,1,group_a,61379.05,0.2032,63.6,3,11022.8,13.9,1
sim-000553,1,group_b,16168.91,0.2929,25.1,2,10823.44,4.9,1
sim-000554,1,group_a,59670.0,0.2194,102.3,2,4689.05,10.1,0
sim-000555,1,group_a,24156.8,0.3603,58.0,0,7098.57,1.6,1
sim-000556,1,group_a,38209.66,0.253,59.9,1,8499.28,7.4,1
sim-000557,1,group_a,27310.14,0.305,67.3,2,29086.98,9.5,0
sim-000558,1,group_b,23726.3,0.3606,95.3,3,4407.63,3.9,0
sim-000559,1,group_a,60708.1,0.1668,125.9,3,7776.07,2.1,1
sim-000560,1,group_a,76237.67,0.158,24.0,0,9881.54,6.2,0
sim-000561,1,group_a,31859.32,0.211,53.4,2,8245.67,3.7,0
sim-000562,1,group_b,40251.37,0.1314,37.8,3,8799.36,8.6,0
sim-000563,1,group_b,35808.35,0.412,104.8,0,3597.45,9.6,0
sim-000564,1,group_b,72316.88,0.5164,90.7,1,9327.51,1.2,1
sim-000565,1,group_b,14392.71,0.1356,79.4,1,4753.52,2.4,1
sim-000566,1,group_b,40961.66,0.5699,60.9,0,7895.99,1.9,0
sim-000567,1,group_a,25760.74,0.4463,95.9,2,7810.54,1.0,1
sim-000568,1,group_a,12997.28,0.3024,70.6,2,15910.93,13.9,0
sim-000569,1,group_a,30048.78,0.1674,84.4,0,2470.14,0.3,0
sim-000570,1,group_a,75976.59,0.2655,119.5,1,2827.39,15.9,1
sim-000571,1,group_b,26541.35,0.3173,84.7,0,5894.09,10.1,0
sim-000572,1,group_a,48733.48,0.1374,59.6,1,12687.51,1.7,1
sim-000573,1,group_b,57840.37,0.3748,43.0,4,9473.39,3.6,0
sim-000574,1,group_b,34775.46,0.1201,42.8,0,8054.48,8.2,0
sim-000575,1,group_a,36775.66,0.3456,50.3,0,16042.94,7.5,0
sim-000576,1,group_b,17003.17,0.6129,78.3,2,5395.96,9.0,0
sim-000577,1,group_b,25879.62,0.2908,125.1,1,6111.27,4.8,0
sim-000578,1,group_b,51171.77,0.1947,39.9,1,10649.78,4.9,0
sim-000579,1,group_a,35863.85,0.4669,116.8,1,9661.05,3.5,0
sim-000580,1,group_a,40793.72,0.5382,47.5,1,5701.84,6.1,0
sim-000581,1,group_a,36972.37,0.3789,126.1,1,6174.95,1.5,1
sim-000582,1,group_a,87784.63,0.2539,47.7,1,5519.9,9.7,0
sim-000583,1,group_a,29178.33,0.5662,45.3,0,4251.89,7.4,0
sim-000584,1,group_b,68615.4,0.139,26.3,2,6122.05,8.9,0
sim-000585,1,group_b,36977.74,0.4468,53.4,0,2959.15,1.3,0
sim-000586,1,group_a,71222.47,0.3906,49.8,0,7536.74,13.5,0
sim-000587,1,group_a,20900.1,0.2004,85.0,2,7380.29,0.5,0
sim-000588,1,group_a,37780.71,0.1901,41.1,1,8544.0,6.5,0
sim-000589,1,group_a,29633.23,0.0956,71.6,3,15143.26,2.7,1
sim-000590,1,group_b,37070.56,0.168,49.7,2,7608.77,5.2,0
sim-000591,1,group_a,58419.09,0.1547,99.1,2,5266.64,8.3,0
sim-000592,1,group_a,40990.68,0.0965,92.5,1,7124.73,15.9,1
sim-000593,1,group_b,58370.2,0.3092,87.9,0,4877.89,6.2,0
sim-000594,1,group_a,26383.84,0.2379,14.2,1,10264.88,5.4,1
sim-000595,1,group_a,24745.76,0.5398,40.5,3,12054.62,6.9,0
sim-000596,1,group_b,35198.69,0.3151,103.3,0,12261.59,6.1,0
sim-000597,1,group_b,34398.43,0.4114,46.2,1,15653.58,8.3,0
sim-000598,1,group_b,32336.08,0.3337,98.4,0,3659.99,3.7,0
sim-000599,1,group_b,23373.89,0.479,28.1,2,6351.62,6.6,1
sim-000600,1,group_a,57839.87,0.3802,82.8,0,30484.74,5.3,0
sim-000601,1,group_b,30019.68,0.2013,77.8,0,13500.75,7.2,0
sim-000602,1,group_b,63637.16,0.3594,79.0,1,10465.89,5.6,0
sim-000603,1,group_b,35149.03,0.2055,132.6,2,7609.55,3.0,0
sim-000604,1,group_b,45905.5,0.0542,37.5,2,15086.78,15.2,0
sim-000605,1,group_b,44189.3,0.1424,99.5,0,6909.85,8.8,0
sim-000606,1,group_b,24730.8,0.2969,71.7,0,6151.72,6.1,0
sim-000607,1,group_a,40791.35,0.5349,148.3,1,9200.16,7.0,1
sim-000608,1,group_b,78582.15,0.2752,51.4,1,7686.44,4.3,0
sim-000609,1,group_a,38858.31,0.489,109.8,0,5750.97,10.2,0
sim-000610,1,group_a,51048.74,0.3087,140.5,1,6009.05,3.6,0
sim-000611,1,group_b,46778.28,0.319,38.8,3,13547.31,4.0,1
sim-000612,1,group_b,39773.69,0.2456,49.3,0,17574.18,15.4,1
sim-000613,1,group_b,37809.7,0.4036,99.7,1,10430.17,1.6,1
sim-000614,1,group_a,43996.82,0.312,85.8,2,6095.95,5.5,1
sim-000615,1,group_b,48174.19,0.1322,31.1,1,7573.37,6.8,0
sim-000616,1,group_b,19812.95,0.7136,58.8,1,4960.94,9.4,0
sim-000617,1,group_a,38788.04,0.529,73.9,3,4463.67,0.4,0
sim-000618,1,group_a,32360.29,0.423,57.6,1,9082.37,4.2,0
sim-000619,1,group_a,29660.12,0.4438,58.5,0,7657.47,7.0,0
sim-000620,1,group_b,60252.84,0.2166,46.3,1,14751.35,6.1,0
sim-000621,1,group_a,25695.69,0.3232,90.2,0,12156.35,4.6,1
sim-000622,1,group_b,19461.57,0.0928,48.7,2,3259.65,4.9,1
sim-000623,1,group_a,48834.92,0.2854,26.2,3,17088.29,3.7,0
sim-000624,1,group_b,19253.24,0.4623,66.8,0,6530.18,3.0,1
sim-000625,1,group_a,15556.97,0.1973,78.3,1,6239.46,4.3,0
sim-000626,1,group_b,51198.85,0.3337,34.8,0,7283.23,4.8,0
sim-000627,1,group_a,37371.49,0.047,72.5,0,7723.98,6.2,0
sim-000628,1,group_a,42639.75,0.3036,34.3,0,3984.32,6.0,0
sim-000629,1,group_b,29032.77,0.3228,42.1,0,10669.41,4.5,0
sim-000630,1,group_b,19546.46,0.3753,44.6,1,6266.46,7.9,0
sim-000631,1,group_b,21246.97,0.339,87.6,0,4605.14,0.7,0
sim-000632,1,group_a,31184.63,0.3064,36.9,2,13510.05,2.3,1
sim-000633,1,group_a,20487.92,0.6806,107.4,3,4526.24,3.9,1
sim-000634,1,group_a,39773.74,0.5072,114.6,7,9707.21,14.7,0
sim-000635,1,group_a,28789.55,0.3946,42.1,2,6443.23,7.1,0
sim-000636,1,group_b,37786.8,0.5628,85.7,1,15205.5,5.3,0
sim-000637,1,group_b,37315.43,0.2327,78.4,0,11206.13,4.2,0
sim-000638,1,group_b,41128.47,0.2937,75.5,0,13462.18,14.0,0
sim-000639,1,group_b,43121.74,0.249,117.9,1,2986.95,9.3,0
sim-000640,1,group_b,30259.39,0.2572,55.6,2,6071.22,6.4,0
sim-000641,1,group_b,37769.87,0.4328,72.7,0,7303.72,8.9,0
sim-000642,1,group_a,38604.47,0.2481,82.6,0,9534.5,4.7,0
sim-000643,1,group_a,12605.22,0.3348,19.5,2,15069.33,1.0,1
sim-000644,1,group_b,45868.82,0.3866,95.7,1,3471.69,1.6,0
sim-000645,1,group_b,37233.93,0.5133,144.7,1,9231.18,7.0,1
sim-000646,1,group_a,44307.11,0.2327,21.6,0,5221.35,2.9,0
sim-000647,1,group_a,20364.04,0.1948,74.6,1,7148.18,10.0,0
sim-000648,1,group_b,30618.98,0.1589,60.2,1,4721.91,0.7,0
sim-000649,1,group_a,22104.97,0.5724,78.6,0,30949.93,4.9,1
sim-000650,1,group_a,47797.69,0.2638,95.6,0,11640.7,6.0,0
sim-000651,1,group_b,19377.17,0.2388,46.6,1,7260.63,2.8,0
sim-000652,1,group_b,23670.03,0.3836,79.3,5,5812.79,7.4,0
sim-000653,1,group_a,43757.22,0.1622,118.0,1,11484.13,4.4,1
sim-000654,1,group_b,26840.38,0.5942,102.5,0,7268.01,6.5,0
sim-000655,1,group_a,23672.66,0.2597,91.2,2,9771.23,5.9,1
sim-000656,1,group_b,51165.57,0.469,56.2,3,9482.54,7.5,0
sim-000657,1,group_a,52054.11,0.2428,52.7,0,6379.36,9.2,0
sim-000658,1,group_b,47347.53,0.4341,75.5,0,10994.03,9.1,1
sim-000659,1,group_a,49934.03,0.2851,76.2,0,5849.81,1.9,0
sim-000660,1,group_a,31721.08,0.304,103.2,0,4612.37,1.5,0
sim-000661,1,group_b,32082.66,0.4263,74.7,1,9181.95,18.5,1
sim-000662,1,group_a,26630.32,0.2995,95.9,0,13459.23,4.0,1
sim-000663,1,group_a,37513.13,0.2852,25.7,4,4254.95,1.5,1
sim-000664,1,group_a,28009.04,0.397,89.8,0,25233.83,2.0,1
sim-000665,1,group_b,29147.14,0.2147,91.4,2,4748.46,2.8,0
sim-000666,1,group_b,44979.32,0.4464,114.5,1,9417.91,3.5,1
sim-000667,1,group_b,57498.06,0.3379,21.2,2,26600.58,2.8,1
sim-000668,1,group_a,41326.92,0.1799,130.1,1,4167.53,2.8,0
sim-000669,1,group_a,74281.16,0.3104,62.8,0,4603.61,5.3,0
sim-000670,1,group_a,25995.62,0.1764,54.2,1,16071.82,8.0,0
sim-000671,1,group_a,16156.06,0.2724,98.8,0,17885.54,8.7,0
sim-000672,1,group_b,47199.74,0.2964,58.7,0,3452.68,2.5,0
sim-000673,1,group_b,25281.54,0.0462,15.7,0,5586.75,7.7,0
sim-000674,1,group_b,31164.95,0.3308,82.7,1,6417.62,8.4,0
sim-000675,1,group_a,16625.38,0.2018,83.4,0,6077.41,8.4,1
sim-000676,1,group_b,23964.57,0.2029,8.8,2,9856.96,2.6,1
sim-000677,1,group_a,18602.75,0.3616,190.5,3,8626.41,1.8,0
sim-000678,1,group_a,29132.0,0.1529,177.6,0,3781.76,7.4,1
sim-000679,1,group_a,29622.47,0.1994,110.4,1,16476.2,4.2,1
sim-000680,1,group_a,36307.64,0.5508,44.9,1,4136.6,3.5,0
sim-000681,1,group_a,58846.27,0.108,85.6,0,10930.97,2.2,0
sim-000682,1,group_a,46457.85,0.2818,37.7,2,2519.4,1.0,1
sim-000683,1,group_a,17688.83,0.2018,66.7,0,4846.36,2.1,0
sim-000684,1,group_b,45132.89,0.3436,57.8,2,4740.14,3.0,1
sim-000685,1,group_a,36641.51,0.1792,149.7,1,23437.25,1.9,0
sim-000686,1,group_a,33554.05,0.2165,61.8,2,5915.06,6.3,0
sim-000687,1,group_b,34629.67,0.1905,105.7,0,9960.91,2.2,0
sim-000688,1,group_b,38097.81,0.4977,71.8,1,11966.7,0.7,0
sim-000689,1,group_a,26144.85,0.3389,106.5,1,11181.41,9.7,1
sim-000690,1,group_a,32383.77,0.1853,19.2,0,6310.07,4.2,0
sim-000691,1,group_b,57483.57,0.1025,64.9,1,6865.63,7.7,0
sim-000692,1,group_a,26013.2,0.1961,105.0,0,11335.06,7.4,0
sim-000693,1,group_a,22684.72,0.5802,105.5,3,8893.69,2.2,1
sim-000694,1,group_b,34066.95,0.1468,93.7,0,18581.41,2.6,0
sim-000695,1,group_a,21745.5,0.2802,53.8,1,2548.44,5.0,0
sim-000696,1,group_b,16956.92,0.2811,94.5,1,14099.95,1.2,0
sim-000697,1,group_b,30252.19,0.2851,88.0,2,9200.23,2.2,0
sim-000698,1,group_b,64242.56,0.0679,74.4,1,20096.5,3.4,0
sim-000699,1,group_a,34399.12,0.0739,101.4,1,26456.41,5.2,0
sim-000700,1,group_a,37684.43,0.3041,41.4,3,7837.95,1.7,1
sim-000701,1,group_a,14290.32,0.2667,64.7,0,10183.61,9.7,0
sim-000702,1,group_a,42024.7,0.251,28.9,0,6725.01,4.2,0
sim-000703,1,group_b,36359.6,0.1276,32.0,0,13774.44,2.6,0
sim-000704,1,group_a,26442.71,0.3837,43.9,1,13936.65,10.4,0
sim-000705,1,group_a,37707.76,0.1014,139.7,0,6909.43,2.8,0
sim-000706,1,group_b,37550.84,0.0265,104.2,0,11975.83,2.8,0
sim-000707,1,group_b,22404.45,0.2678,48.2,0,7880.31,5.9,0
sim-000708,1,group_a,40190.2,0.2706,59.4,1,5345.89,0.4,0
sim-000709,1,group_a,57803.05,0.4604,55.1,0,9477.91,3.2,1
sim-000710,1,group_b,31769.58,0.2402,88.1,0,10816.37,7.2,0
sim-000711,1,group_b,24284.91,0.3716,42.7,1,11171.08,2.9,0
sim-000712,1,group_b,32448.72,0.2673,151.0,1,5227.53,7.9,0
sim-000713,1,group_b,50058.0,0.4391,155.4,1,7346.78,4.3,1
sim-000714,1,group_b,20888.33,0.1285,80.4,0,3630.04,7.9,0
sim-000715,1,group_a,44577.94,0.5028,55.8,0,8774.02,5.9,0
sim-000716,1,group_a,26297.63,0.1868,121.7,0,8548.84,8.1,1
sim-000717,1,group_a,38702.77,0.079,101.7,2,4023.33,1.8,0
sim-000718,1,group_b,27583.72,0.2662,39.3,0,3965.23,6.6,0
sim-000719,1,group_b,27552.62,0.3904,67.7,1,10894.99,4.0,0
sim-000720,1,group_a,66283.74,0.1727,66.2,0,15510.87,4.9,0
sim-000721,1,group_a,19344.89,0.2771,17.3,1,5368.58,1.0,0
sim-000722,1,group_a,42866.84,0.0772,97.7,0,7617.92,10.2,1
sim-000723,1,group_b,72341.72,0.3177,57.3,0,3858.73,7.0,1
sim-000724,1,group_a,46626.26,0.0695,78.7,2,12741.02,2.7,0
sim-000725,1,group_a,19989.04,0.0323,116.9,2,17133.11,2.0,0
sim-000726,1,group_a,20409.1,0.0793,72.9,2,4601.02,13.1,0
sim-000727,1,group_a,25497.03,0.0685,100.3,1,4006.6,2.4,0
sim-000728,1,group_a,37358.71,0.3429,64.9,0,7340.15,10.0,0
sim-000729,1,group_a,38441.62,0.3208,28.1,1,8987.23,5.8,0
sim-000730,1,group_a,20494.0,0.0684,132.8,3,4273.09,5.3,0
sim-000731,1,group_a,24232.3,0.4537,137.0,0,4397.61,3.9,0
sim-000732,1,group_a,24864.03,0.1358,37.7,0,13653.72,1.8,0
sim-000733,1,group_a,32405.59,0.0914,157.9,1,3501.74,8.7,1
sim-000734,1,group_a,80464.56,0.6507,60.2,0,3792.76,4.9,1
sim-000735,1,group_b,23625.02,0.1098,68.8,1,7481.36,3.1,0
sim-000736,1,group_a,23194.67,0.2604,95.6,2,20545.85,5.9,0
sim-000737,1,group_a,21722.0,0.2459,83.9,2,6275.76,5.0,0
sim-000738,1,group_a,45657.75,0.3944,22.2,0,4474.44,4.1,0
sim-000739,1,group_a,34359.59,0.2471,123.5,2,10573.35,14.8,0
sim-000740,1,group_a,23994.62,0.1939,64.2,0,14234.04,8.5,0
sim-000741,1,group_a,30020.2,0.6708,52.8,1,16037.46,2.7,1
sim-000742,1,group_b,25073.47,0.1098,92.7,0,9806.4,3.1,0
sim-000743,1,group_a,39587.72,0.2525,78.5,3,10917.24,2.8,0
sim-000744,1,group_a,107951.59,0.4661,133.8,1,11023.69,17.5,0
sim-000745,1,group_a,44062.44,0.3524,128.6,0,8992.23,10.7,0
sim-000746,1,group_a,33622.3,0.0907,52.4,0,20248.39,8.7,0
sim-000747,1,group_a,26442.04,0.3191,61.2,1,8394.03,8.6,0
sim-000748,1,group_b,19886.01,0.4323,38.1,1,7810.79,12.8,1
sim-000749,1,group_b,47579.14,0.2113,128.9,0,12563.49,2.9,0
sim-000750,1,group_a,46505.63,0.0989,111.4,0,9017.56,2.4,1
sim-000751,1,group_a,28745.53,0.4266,52.8,0,21365.14,4.9,0
sim-000752,1,group_a,58197.65,0.1197,104.9,0,21932.55,14.5,0
sim-000753,1,group_a,35272.71,0.449,44.2,1,5044.39,7.5,1
sim-000754,1,group_b,48406.99,0.5187,81.5,0,12187.81,4.4,0
sim-000755,1,group_a,39592.81,0.1472,85.7,1,8290.0,3.6,0
sim-000756,1,group_a,32454.78,0.052,78.9,0,9605.56,5.7,1
sim-000757,1,group_b,23410.7,0.5107,31.1,1,14576.14,4.2,1
sim-000758,1,group_a,32888.38,0.0399,99.3,0,7068.74,1.8,0
sim-000759,1,group_a,49794.57,0.2172,47.6,2,5396.44,3.1,0
sim-000760,1,group_b,28242.5,0.0273,33.4,0,6071.33,0.4,0
sim-000761,1,group_a,42053.23,0.13,97.7,0,7535.2,10.0,0
sim-000762,1,group_a,22186.76,0.082,136.2,0,2976.67,8.4,1
sim-000763,1,group_a,48514.82,0.5904,32.7,1,6769.12,14.9,0
sim-000764,1,group_b,39872.23,0.196,16.9,2,8027.27,12.4,0
sim-000765,1,group_a,21101.8,0.238,52.4,1,12670.12,14.8,0
sim-000766,1,group_a,31822.02,0.2663,82.4,3,5975.48,2.6,0
sim-000767,1,group_a,51699.59,0.6139,44.4,3,9934.43,3.7,1
sim-000768,1,group_a,20603.3,0.0257,83.8,0,8386.66,2.9,0
sim-000769,1,group_b,22296.85,0.311,50.6,0,12366.09,4.6,0
sim-000770,1,group_a,33955.68,0.3449,36.2,1,14491.22,13.5,0
sim-000771,1,group_a,85647.81,0.4506,19.3,1,6561.96,7.6,0
sim-000772,1,group_b,26357.74,0.3163,120.6,0,14520.35,1.6,0
sim-000773,1,group_b,43045.59,0.0845,87.6,0,13216.16,14.6,0
sim-000774,1,group_a,38997.66,0.3889,98.0,0,6841.75,11.2,0
sim-000775,1,group_b,27293.44,0.1726,12.6,0,13772.81,9.0,1
sim-000776,1,group_b,37409.35,0.0301,59.1,0,9212.62,4.1,0
sim-000777,1,group_a,28966.91,0.2394,130.2,0,11569.79,3.4,0
sim-000778,1,group_b,30083.19,0.4928,196.4,1,10795.77,3.5,0
sim-000779,1,group_b,17400.7,0.1365,108.6,0,6236.2,0.7,1
sim-000780,1,group_a,34604.42,0.5504,69.5,0,5967.42,1.2,1
sim-000781,1,group_b,51001.96,0.5885,46.6,3,15648.96,9.1,0
sim-000782,1,group_a,35814.88,0.512,85.5,2,6445.05,6.8,1
sim-000783,1,group_b,55271.53,0.4417,24.2,1,2965.92,6.3,0
sim-000784,1,group_b,44611.08,0.602,39.0,3,5677.76,4.0,0
sim-000785,1,group_a,34097.95,0.5334,62.5,0,14976.2,5.4,1
sim-000786,1,group_b,26856.72,0.276,107.9,1,16849.23,2.8,0
sim-000787,1,group_a,28503.13,0.6517,72.9,3,14326.79,2.6,0
sim-000788,1,group_b,18852.21,0.5298,94.5,1,6666.15,4.4,0
sim-000789,1,group_b,31251.63,0.7188,83.4,3,6852.68,9.3,1
sim-000790,1,group_a,37172.31,0.2776,53.5,0,9846.23,6.8,0
sim-000791,1,group_a,71860.13,0.4172,28.1,3,10896.24,4.2,0
sim-000792,1,group_a,43647.21,0.2735,46.0,0,2949.9,5.1,1
sim-000793,1,group_a,24312.88,0.1899,78.0,1,5175.47,2.6,0
sim-000794,1,group_a,19100.41,0.3488,46.3,1,8554.47,5.5,0
sim-000795,1,group_a,32056.27,0.259,76.4,0,7035.87,4.2,0
sim-000796,1,group_a,49165.19,0.0527,150.7,1,5465.4,10.5,0
sim-000797,1,group_a,31867.47,0.3225,26.0,2,10120.36,10.9,0
sim-000798,1,group_b,43898.41,0.1508,22.4,0,6134.8,5.3,1
sim-000799,1,group_b,32400.44,0.3028,95.7,0,3177.3,7.2,1
sim-000800,1,group_b,47246.8,0.333,25.1,3,13317.02,6.1,1
sim-000801,1,group_a,17874.88,0.3358,86.1,3,7703.63,1.0,0
sim-000802,1,group_b,68580.02,0.1636,95.1,0,9580.57,10.1,0
sim-000803,1,group_b,21911.28,0.2358,48.2,0,4689.88,9.1,0
sim-000804,1,group_a,48794.24,0.557,117.0,0,4968.1,1.7,1
sim-000805,1,group_a,31184.7,0.2614,86.6,2,3392.54,8.7,0
sim-000806,1,group_b,33301.32,0.3969,163.7,3,9824.73,1.5,0
sim-000807,1,group_a,31594.46,0.1259,51.9,0,7293.27,3.3,0
sim-000808,1,group_a,38923.52,0.2604,53.9,1,14679.28,10.9,0
sim-000809,1,group_b,42368.49,0.0248,29.3,0,5910.19,8.7,0
sim-000810,1,group_a,54530.3,0.5784,189.1,0,4945.54,4.7,0
sim-000811,1,group_a,63154.45,0.3096,120.6,2,4866.17,2.7,0
sim-000812,1,group_b,40189.66,0.6528,35.7,0,11793.7,7.2,0
sim-000813,1,group_b,71807.43,0.4255,94.3,2,25792.94,4.7,1
sim-000814,1,group_a,36353.6,0.1152,143.9,0,6756.0,2.2,0
sim-000815,1,group_b,54969.02,0.6248,53.9,2,10954.93,7.8,1
sim-000816,1,group_b,41859.01,0.07,49.6,3,6221.97,4.4,0
sim-000817,1,group_a,27759.52,0.3696,25.2,3,6623.39,2.2,1
sim-000818,1,group_b,37726.51,0.3329,113.1,0,4512.46,13.7,0
sim-000819,1,group_a,43188.61,0.2808,46.6,4,8560.77,19.9,1
sim-000820,1,group_a,34491.8,0.1386,30.8,1,5890.0,8.8,0
sim-000821,1,group_b,41581.05,0.7248,91.0,1,5091.16,5.8,1
sim-000822,1,group_a,50284.51,0.5721,26.6,3,14506.44,5.5,0
sim-000823,1,group_b,34619.88,0.4249,80.6,1,12517.43,5.7,1
sim-000824,1,group_b,10153.43,0.5615,33.1,2,14720.12,2.7,1
sim-000825,1,group_a,70747.57,0.015,96.7,1,9175.37,5.3,0
sim-000826,1,group_b,30853.69,0.4023,36.1,0,5456.21,3.5,1
sim-000827,1,group_a,24741.13,0.4448,48.5,1,9644.15,8.3,0
sim-000828,1,group_b,21804.54,0.2518,70.7,0,9276.26,0.8,1
sim-000829,1,group_a,30354.28,0.1736,52.0,0,5281.31,6.5,0
sim-000830,1,group_b,27602.07,0.0986,193.0,1,20712.73,5.1,0
sim-000831,1,group_a,25654.03,0.0875,40.1,0,8095.69,13.7,0
sim-000832,1,group_a,26252.25,0.3446,31.5,1,8837.79,8.3,0
sim-000833,1,group_b,43673.29,0.2194,149.3,1,8844.94,5.0,0
sim-000834,1,group_b,82022.81,0.4836,57.7,0,10340.05,5.4,0
sim-000835,1,group_a,49347.39,0.1376,92.6,0,7117.21,9.2,0
sim-000836,1,group_b,56021.52,0.2336,44.9,2,15251.46,4.2,1
sim-000837,1,group_b,29836.5,0.1562,55.5,1,16739.24,8.7,0
sim-000838,1,group_a,36532.57,0.4161,80.2,0,3100.86,5.9,0
sim-000839,1,group_a,41819.69,0.3378,76.7,2,7243.06,3.8,1
sim-000840,1,group_a,26502.27,0.2068,120.9,2,14154.65,2.5,0
sim-000841,1,group_b,29237.09,0.3322,30.5,3,10185.4,4.0,1
sim-000842,1,group_a,50056.71,0.4937,74.4,4,4718.39,4.7,1
sim-000843,1,group_a,55266.54,0.1602,18.1,2,6664.99,2.6,0
sim-000844,1,group_a,35965.39,0.6706,61.3,2,17264.02,4.9,1
sim-000845,1,group_b,21163.51,0.4649,110.3,1,3662.37,6.1,0
sim-000846,1,group_a,30879.61,0.4015,235.0,0,8630.87,1.4,1
sim-000847,1,group_b,19084.67,0.2991,83.6,1,7725.76,5.5,0
sim-000848,1,group_a,36083.28,0.7085,115.0,5,6668.46,21.3,1
sim-000849,1,group_b,38920.22,0.4055,52.1,3,6917.83,6.3,0
sim-000850,1,group_a,31204.0,0.3308,52.3,4,11101.75,4.6,1
sim-000851,1,group_a,38697.05,0.4988,67.2,2,11468.04,1.2,0
sim-000852,1,group_b,41651.74,0.3734,66.4,0,9513.28,6.9,1
sim-000853,1,group_b,38944.08,0.1624,78.4,2,11064.18,13.7,1
sim-000854,1,group_a,21106.94,0.0686,32.5,0,7563.31,1.9,0
sim-000855,1,group_a,31433.48,0.3119,135.8,1,16194.25,2.5,0
sim-000856,1,group_b,41528.45,0.418,71.5,2,11622.75,6.3,0
sim-000857,1,group_b,67850.29,0.7029,96.8,3,6094.24,12.5,1
sim-000858,1,group_a,31188.08,0.3671,116.8,6,10419.39,1.3,0
sim-000859,1,group_a,44061.99,0.5219,37.2,1,13688.08,9.9,0
sim-000860,1,group_b,50555.34,0.6088,129.3,4,9005.7,3.3,0
sim-000861,1,group_b,32190.17,0.13,85.5,4,5015.46,8.9,1
sim-000862,1,group_b,56632.1,0.4807,89.4,2,3262.2,14.4,1
sim-000863,1,group_a,57925.5,0.3369,64.9,0,11232.66,3.2,1
sim-000864,1,group_a,62427.53,0.469,150.5,0,4713.25,5.3,0
sim-000865,1,group_b,42384.65,0.2675,129.5,0,5350.15,11.4,0
sim-000866,1,group_b,94207.74,0.2766,48.1,0,5437.31,6.4,0
sim-000867,1,group_b,26999.7,0.2322,61.6,1,4973.32,4.2,0
sim-000868,1,group_a,85315.6,0.2651,80.4,0,6843.23,1.8,0
sim-000869,1,group_a,48275.81,0.2804,64.9,1,8437.97,2.2,1
sim-000870,1,group_b,61387.57,0.467,122.4,1,5618.01,5.7,0
sim-000871,1,group_a,30564.18,0.1956,129.8,3,5270.78,5.3,0
sim-000872,1,group_b,49845.29,0.248,55.0,2,6759.18,3.8,0
sim-000873,1,group_a,63661.11,0.2507,49.2,0,7228.76,6.7,0
sim-000874,1,group_b,22143.72,0.4385,66.6,2,9273.01,7.1,0
sim-000875,1,group_b,32643.56,0.5188,81.2,1,9041.99,6.0,0
sim-000876,1,group_a,14223.83,0.2951,81.5,1,4378.92,4.8,0
sim-000877,1,group_a,32438.46,0.5139,39.8,3,12435.76,2.9,0
sim-000878,1,group_b,24816.81,0.3577,32.9,1,4078.65,7.5,0
sim-000879,1,group_b,31905.62,0.1337,116.5,1,9165.71,7.3,0
sim-000880,1,group_a,119363.68,0.2414,50.4,3,7568.61,8.4,0
sim-000881,1,group_b,71932.07,0.4039,62.1,2,18780.5,5.6,0
sim-000882,1,group_b,19099.78,0.1167,106.8,2,6443.13,4.4,0
sim-000883,1,group_a,44152.73,0.343,74.5,1,8289.78,6.1,0
sim-000884,1,group_a,48900.9,0.2861,62.5,1,8396.82,1.7,0
sim-000885,1,group_a,30335.78,0.4856,37.8,2,10931.69,0.7,0
sim-000886,1,group_a,37680.17,0.1033,51.0,0,14621.79,11.2,0
sim-000887,1,group_a,39258.08,0.1447,45.3,1,9258.48,9.7,0
sim-000888,1,group_a,19859.21,0.3304,58.6,3,25727.1,7.4,0
sim-000889,1,group_b,22671.0,0.4881,43.0,3,7125.72,4.3,1
sim-000890,1,group_a,37585.16,0.3714,33.7,1,14771.29,5.5,0
sim-000891,1,group_b,36451.91,0.4955,65.0,4,9128.25,5.1,0
sim-000892,1,group_a,25962.38,0.4867,87.2,0,8693.38,1.9,0
sim-000893,1,group_a,25043.31,0.672,23.7,2,4423.28,8.1,0
sim-000894,1,group_b,33667.65,0.152,39.3,0,10869.36,4.7,1
sim-000895,1,group_b,50725.47,0.4322,93.5,0,7248.02,2.4,1
sim-000896,1,group_a,33856.15,0.3886,77.6,2,7996.05,9.3,1
sim-000897,1,group_a,69116.37,0.2737,81.8,0,8048.98,0.9,0
sim-000898,1,group_a,26101.69,0.1473,92.1,1,10638.14,5.2,0
sim-000899,1,group_a,37915.15,0.5961,102.4,6,14560.16,2.7,1
sim-000900,1,group_a,30127.57,0.1259,59.7,1,7376.49,2.9,0
sim-000901,1,group_a,44754.34,0.3921,66.6,3,6877.91,1.7,0
sim-000902,1,group_a,25178.18,0.1266,35.2,0,9168.22,13.2,1
sim-000903,1,group_a,78551.29,0.1475,63.4,1,4791.73,8.2,0
sim-000904,1,group_b,17187.59,0.2726,89.9,2,5272.18,12.8,0
sim-000905,1,group_b,71861.91,0.49,58.1,1,10526.39,1.4,0
sim-000906,1,group_a,36308.06,0.4648,57.5,0,6101.21,2.7,1
sim-000907,1,group_a,44091.32,0.0473,37.4,0,12058.18,4.2,0
sim-000908,1,group_a,61236.61,0.5187,53.5,1,7698.05,6.1,1
sim-000909,1,group_a,50122.13,0.4472,63.3,0,6806.54,5.7,1
sim-000910,1,group_b,25729.38,0.2133,98.1,1,14329.32,1.2,0
sim-000911,1,group_b,44982.9,0.2683,45.2,4,5827.22,2.6,1
sim-000912,1,group_b,76598.98,0.1865,49.5,0,8107.71,4.1,0
sim-000913,1,group_b,24084.83,0.4798,94.7,0,5904.58,7.2,0
sim-000914,1,group_b,85113.42,0.1677,17.3,1,8046.2,7.2,0
sim-000915,1,group_b,41109.52,0.3375,103.8,3,11160.49,7.2,0
sim-000916,1,group_a,29145.17,0.4213,54.7,1,8745.82,7.4,0
sim-000917,1,group_a,24024.24,0.4697,51.5,0,7944.45,14.6,0
sim-000918,1,group_a,31831.75,0.3517,101.9,1,7586.89,12.2,0
sim-000919,1,group_a,15379.38,0.7264,74.1,0,9260.16,9.2,0
sim-000920,1,group_a,29366.13,0.3767,65.9,0,10135.04,2.8,1
sim-000921,1,group_b,31306.17,0.265,53.3,4,10058.76,10.1,0
sim-000922,1,group_b,22264.44,0.2082,26.3,1,8837.14,2.2,1
sim-000923,1,group_a,47862.85,0.2519,41.1,3,6050.77,1.8,1
sim-000924,1,group_a,31892.25,0.4784,103.7,1,7569.46,3.1,1
sim-000925,1,group_a,26768.1,0.123,80.2,1,6496.74,8.5,0
sim-000926,1,group_a,30496.27,0.199,32.3,2,9801.44,2.4,0
sim-000927,1,group_b,40584.65,0.4502,111.4,1,7107.56,5.2,0
sim-000928,1,group_b,36053.27,0.2204,21.0,3,7205.49,7.4,0
sim-000929,1,group_b,26045.24,0.2681,43.9,0,16653.53,11.6,1
sim-000930,1,group_a,36856.03,0.1867,37.0,0,7741.44,11.0,0
sim-000931,1,group_a,34225.15,0.275,22.9,0,3282.15,12.7,0
sim-000932,1,group_a,21664.39,0.6137,65.8,2,18588.42,9.3,1
sim-000933,1,group_b,30971.66,0.5674,50.8,0,8097.96,8.6,1
sim-000934,1,group_b,44592.55,0.1164,53.3,0,6928.07,4.2,0
sim-000935,1,group_a,44457.91,0.3926,80.4,0,6915.24,2.9,0
sim-000936,1,group_b,31742.6,0.391,33.3,1,6854.98,2.9,0
sim-000937,1,group_a,46455.24,0.0822,76.3,1,14985.31,10.4,0
sim-000938,1,group_b,23165.48,0.1114,160.6,2,6102.69,4.6,1
sim-000939,1,group_a,23468.75,0.4592,47.0,0,6098.31,4.4,1
sim-000940,1,group_a,31460.02,0.0598,174.3,2,7439.9,5.2,0
sim-000941,1,group_b,65576.83,0.2015,88.1,1,3731.18,16.2,0
sim-000942,1,group_a,37442.65,0.3111,94.5,2,6583.65,1.8,0
sim-000943,1,group_a,31143.05,0.0511,65.9,0,13189.28,6.2,0
sim-000944,1,group_a,66872.16,0.243,36.1,2,9437.81,1.2,0
sim-000945,1,group_a,30992.05,0.2808,58.0,2,10612.07,13.1,1
sim-000946,1,group_b,89374.26,0.321,87.1,0,6027.4,8.6,0
sim-000947,1,group_b,28205.18,0.1738,41.0,0,3655.33,1.0,0
sim-000948,1,group_b,22858.4,0.1781,72.3,0,11172.6,2.7,1
sim-000949,1,group_a,32601.97,0.4038,106.8,2,5003.16,3.4,0
sim-000950,1,group_a,31488.72,0.3963,44.5,1,3787.02,3.7,0
sim-000951,1,group_a,24903.35,0.2451,114.9,2,5562.84,4.5,1
sim-000952,1,group_a,104279.4,0.0557,43.0,2,5863.43,6.7,0
sim-000953,1,group_a,39967.55,0.1364,138.7,1,4674.93,4.8,0
sim-000954,1,group_b,42488.33,0.4487,88.5,2,8215.41,3.2,0
sim-000955,1,group_b,28796.55,0.2803,69.9,2,23519.6,9.2,0
sim-000956,1,group_b,27429.62,0.1705,117.4,1,7922.29,2.5,0
sim-000957,1,group_a,53784.17,0.4438,95.4,1,5925.59,11.4,0
sim-000958,1,group_a,17294.55,0.3553,80.9,1,8351.24,15.0,1
sim-000959,1,group_a,21633.47,0.2746,44.4,2,12877.94,16.3,0
sim-000960,1,group_a,31512.21,0.0771,71.6,1,2775.69,2.0,0
sim-000961,1,group_a,61663.03,0.275,81.2,1,6587.56,3.7,0
sim-000962,1,group_a,29872.78,0.1664,100.8,1,9195.71,9.9,0
sim-000963,1,group_a,41638.63,0.4213,53.1,1,9645.18,6.2,0
sim-000964,1,group_b,35370.95,0.3009,46.7,1,6406.41,4.1,0
sim-000965,1,group_a,60260.28,0.4087,49.9,1,4193.9,14.0,0
sim-000966,1,group_b,17969.23,0.8375,95.8,0,8925.82,1.7,1
sim-000967,1,group_a,47624.59,0.2821,50.2,0,5541.39,3.6,1
sim-000968,1,group_a,32159.48,0.1622,96.1,0,2151.23,9.5,1
sim-000969,1,group_a,51557.42,0.2217,79.8,2,8564.67,9.1,0
sim-000970,1,group_a,24782.71,0.6121,84.9,1,9126.8,1.3,0
sim-000971,1,group_a,35321.43,0.2644,144.2,0,7279.4,1.1,0
sim-000972,1,group_a,33488.16,0.2327,102.1,0,18743.57,3.8,0
sim-000973,1,group_b,22947.79,0.3475,118.8,1,10192.64,4.3,0
sim-000974,1,group_a,20419.11,0.1386,50.3,2,8651.6,7.1,0
sim-000975,1,group_b,27398.05,0.1681,35.7,0,16894.92,0.5,0
sim-000976,1,group_a,36922.3,0.2195,41.0,0,20304.71,6.2,0
sim-000977,1,group_a,25440.48,0.395,35.8,0,12566.1,5.3,0
sim-000978,1,group_a,30435.63,0.2924,44.1,0,6474.58,5.3,0
sim-000979,1,group_a,15834.8,0.1458,61.7,0,10019.63,2.3,0
sim-000980,1,group_b,29921.33,0.8352,57.4,1,12108.01,4.9,1
sim-000981,1,group_b,53739.65,0.3369,89.5,2,2457.96,4.6,1
sim-000982,1,group_b,47012.83,0.2908,45.7,1,4494.02,7.2,0
sim-000983,1,group_a,33708.08,0.5138,53.5,1,10706.66,6.1,0
sim-000984,1,group_a,38728.62,0.2154,85.9,0,7681.77,3.8,0
sim-000985,1,group_b,24689.43,0.3065,73.1,1,10499.88,7.6,0
sim-000986,1,group_a,69165.97,0.1268,57.2,1,11338.41,9.6,0
sim-000987,1,group_a,83321.36,0.2318,132.4,0,5181.86,7.0,0
sim-000988,1,group_a,37467.38,0.2083,109.2,0,7320.34,2.5,0
sim-000989,1,group_b,103786.17,0.3761,163.9,3,8667.08,3.6,1
sim-000990,1,group_b,26273.69,0.3963,147.2,1,12352.52,2.4,1
sim-000991,1,group_b,20672.23,0.3865,28.1,0,12360.68,4.6,0
sim-000992,1,group_b,25950.81,0.1614,78.4,2,3605.52,1.6,0
sim-000993,1,group_a,31882.55,0.1163,26.6,0,2795.47,4.8,1
sim-000994,1,group_b,92324.79,0.2719,62.8,0,6100.23,4.3,0
sim-000995,1,group_a,31067.36,0.141,93.3,1,14307.89,4.3,0
sim-000996,1,group_b,24366.01,0.1084,158.5,1,6126.09,4.1,0
sim-000997,1,group_a,23972.13,0.3032,92.9,1,23861.87,3.9,0
sim-000998,1,group_b,56433.0,0.3924,68.7,0,4226.85,3.9,0
sim-000999,1,group_a,53149.65,0.3603,64.1,0,4876.49,14.5,0
sim-001000,2,group_a,28856.75,0.379,112.7,2,5774.19,14.4,0
sim-001001,2,group_a,16093.5,0.5635,100.5,1,4998.7,1.1,1
sim-001002,2,group_a,22026.26,0.1647,61.5,0,5264.76,5.1,0
sim-001003,2,group_a,72905.72,0.5635,31.6,1,9106.49,4.1,1
sim-001004,2,group_b,47254.32,0.0746,73.3,0,8212.81,2.2,0
sim-001005,2,group_a,36369.79,0.4965,49.8,3,4892.46,7.1,0
sim-001006,2,group_b,77567.98,0.6612,45.6,5,8395.55,5.9,0
sim-001007,2,group_a,80539.02,0.3061,25.5,0,5820.76,7.7,0
sim-001008,2,group_b,34853.38,0.1894,138.6,0,11631.02,2.9,0
sim-001009,2,group_a,35123.29,0.2024,169.3,0,9351.72,7.8,0
sim-001010,2,group_b,27709.77,0.3534,58.6,1,10519.15,5.3,0
sim-001011,2,group_b,31396.97,0.4881,64.4,3,8342.26,4.7,0
sim-001012,2,group_a,18953.49,0.3092,75.0,1,7584.15,18.5,0
sim-001013,2,group_b,18921.19,0.4718,57.3,1,8889.43,2.4,1
sim-001014,2,group_a,17162.52,0.455,82.4,1,30379.65,12.7,1
sim-001015,2,group_a,55794.0,0.1121,86.2,0,6267.96,1.3,0
sim-001016,2,group_b,18365.17,0.1998,134.3,1,11187.18,4.8,1
sim-001017,2,group_b,80256.59,0.1088,37.3,0,11147.83,7.1,0
sim-001018,2,group_a,26036.15,0.7239,81.1,2,26373.53,1.9,0
sim-001019,2,group_a,73400.57,0.608,59.9,2,14703.88,8.8,1
sim-001020,2,group_b,30353.81,0.1826,57.1,0,3345.14,6.4,0
sim-001021,2,group_b,18328.3,0.5417,20.2,1,6825.44,9.8,0
sim-001022,2,group_b,60668.94,0.4415,46.2,0,2749.09,9.1,0
sim-001023,2,group_a,63753.77,0.0684,88.2,1,9692.16,6.0,0
sim-001024,2,group_b,24184.29,0.454,47.6,1,9208.69,0.9,0
sim-001025,2,group_a,30782.64,0.1183,74.0,0,6916.89,2.0,0
sim-001026,2,group_b,24186.88,0.2722,11.3,2,9360.77,15.8,0
sim-001027,2,group_a,33636.89,0.1636,62.1,0,11631.97,13.0,0
sim-001028,2,group_b,37022.76,0.1512,72.1,1,6164.96,10.3,0
sim-001029,2,group_a,30528.6,0.2912,45.0,3,4828.85,12.2,0
sim-001030,2,group_a,16482.68,0.2895,59.4,1,6088.23,0.5,0
sim-001031,2,group_b,27723.36,0.3346,78.5,0,10312.26,1.5,1
sim-001032,2,group_a,47547.19,0.5198,53.7,1,8084.69,8.7,0
sim-001033,2,group_b,32411.29,0.2574,86.1,2,12441.61,14.4,0
sim-001034,2,group_a,30837.14,0.4399,50.2,2,4191.66,2.6,0
sim-001035,2,group_b,23934.44,0.0747,99.1,2,12577.06,14.1,0
sim-001036,2,group_a,27385.76,0.4793,28.9,1,15304.9,1.0,1
sim-001037,2,group_a,63943.69,0.6289,65.3,2,21252.34,7.1,0
sim-001038,2,group_a,21923.04,0.5051,85.7,4,9393.46,0.4,0
sim-001039,2,group_a,47894.01,0.6706,66.7,4,8742.35,7.2,0
sim-001040,2,group_a,36089.71,0.3618,98.3,1,11930.49,5.0,0
sim-001041,2,group_b,39215.23,0.186,56.3,1,7950.78,2.8,0
sim-001042,2,group_b,26014.53,0.4986,57.5,0,5349.03,7.6,1
sim-001043,2,group_b,30523.54,0.0523,23.6,0,3926.41,7.6,0
sim-001044,2,group_a,35298.56,0.1929,97.6,0,5593.53,3.3,0
sim-001045,2,group_a,28433.4,0.112,106.7,0,16705.33,12.0,0
sim-001046,2,group_a,40668.19,0.1605,101.7,2,9466.05,6.9,1
sim-001047,2,group_b,42878.44,0.4147,52.2,1,4010.87,2.2,1
sim-001048,2,group_b,88127.22,0.2063,28.0,2,8335.59,3.9,0
sim-001049,2,group_a,39768.87,0.2565,142.8,0,10436.43,8.8,0
sim-001050,2,group_b,15848.94,0.269,63.2,3,12998.17,3.5,0
sim-001051,2,group_a,57668.59,0.1133,32.0,0,5484.16,9.5,0
sim-001052,2,group_a,32479.82,0.37,121.9,0,7675.26,4.3,0
sim-001053,2,group_a,82372.64,0.2394,21.5,3,3570.75,2.6,0
sim-001054,2,group_a,65630.01,0.4739,137.0,0,10477.97,9.1,0
sim-001055,2,group_b,28617.9,0.3108,28.6,2,2634.32,13.2,0
sim-001056,2,group_b,47915.73,0.2695,62.3,1,7022.95,3.0,0
sim-001057,2,group_a,27571.53,0.2689,62.7,0,6046.07,4.6,0
sim-001058,2,group_a,35423.48,0.5147,75.5,0,19020.59,20.9,0
sim-001059,2,group_b,47000.5,0.4867,86.2,0,15737.23,10.6,1
sim-001060,2,group_b,56469.73,0.4955,50.1,2,5036.15,12.0,0
sim-001061,2,group_b,51533.45,0.1269,57.8,2,6999.35,12.2,0
sim-001062,2,group_a,36515.63,0.5545,49.6,4,3015.75,3.1,1
sim-001063,2,group_b,100412.1,0.065,112.0,1,4975.09,1.4,0
sim-001064,2,group_a,30354.24,0.2513,81.1,0,4760.12,7.8,0
sim-001065,2,group_b,18015.28,0.2055,109.9,0,9544.75,2.7,0
sim-001066,2,group_a,19532.33,0.148,55.0,4,10956.82,2.2,1
sim-001067,2,group_b,65715.05,0.3755,55.0,2,4730.26,9.1,0
sim-001068,2,group_a,34262.47,0.1743,32.6,1,15557.04,9.2,0
sim-001069,2,group_a,37827.97,0.3312,96.5,1,21221.22,1.1,1
sim-001070,2,group_b,28173.58,0.2806,69.2,3,5807.46,3.2,0
sim-001071,2,group_b,29256.73,0.2334,64.3,2,5572.39,2.7,0
sim-001072,2,group_a,25423.26,0.3043,51.1,1,12862.79,13.9,0
sim-001073,2,group_b,43126.09,0.3629,56.5,1,7433.92,1.4,0
sim-001074,2,group_b,33965.49,0.5049,81.9,1,8029.73,5.4,0
sim-001075,2,group_a,42476.33,0.0693,92.9,0,8740.19,2.7,0
sim-001076,2,group_a,40805.17,0.0646,45.5,0,10174.18,6.3,1
sim-001077,2,group_a,29588.2,0.148,91.5,0,28141.27,2.7,0
sim-001078,2,group_b,19174.43,0.2615,65.9,2,6729.72,5.9,1
sim-001079,2,group_a,18485.91,0.2029,78.5,0,10239.07,5.5,0
sim-001080,2,group_a,126145.8,0.247,59.4,2,4217.24,4.0,1
sim-001081,2,group_b,65830.13,0.5942,55.3,7,3052.05,7.0,0
sim-001082,2,group_b,62123.32,0.0338,59.2,0,14022.76,4.0,0
sim-001083,2,group_b,26653.22,0.1526,33.0,4,6256.56,7.4,0
sim-001084,2,group_b,35525.08,0.2841,53.2,1,11166.85,5.0,0
sim-001085,2,group_b,25123.22,0.0573,23.4,0,10440.98,1.0,0
sim-001086,2,group_b,20392.56,0.5758,94.2,0,11784.48,4.0,1
sim-001087,2,group_b,27631.59,0.8308,31.4,1,6309.8,5.0,1
sim-001088,2,group_a,61759.17,0.088,84.7,1,10916.57,11.5,0
sim-001089,2,group_a,50368.09,0.1495,39.3,1,18795.38,5.1,0
sim-001090,2,group_a,23542.91,0.3046,120.1,0,8774.97,5.3,1
sim-001091,2,group_b,31001.08,0.4211,21.3,1,13844.32,5.2,0
sim-001092,2,group_a,48466.68,0.2319,61.6,0,6707.06,3.0,0
sim-001093,2,group_a,27838.97,0.5562,122.2,1,7240.63,16.5,0
sim-001094,2,group_b,36586.19,0.5648,86.4,3,15608.84,6.1,0
sim-001095,2,group_a,41888.89,0.3794,53.2,0,6282.63,15.5,0
sim-001096,2,group_a,41697.27,0.3673,154.8,0,6535.24,13.9,0
sim-001097,2,group_b,39369.28,0.158,60.3,0,6286.47,3.3,0
sim-001098,2,group_b,26888.32,0.21,59.2,1,5187.41,0.7,1
sim-001099,2,group_a,28073.76,0.2371,103.2,1,10774.75,1.7,0
sim-001100,2,group_a,21979.53,0.1607,57.5,3,7663.06,13.9,0
sim-001101,2,group_a,18365.67,0.4191,58.8,1,9662.96,5.8,0
sim-001102,2,group_b,33718.62,0.2053,48.4,1,5153.27,7.1,0
sim-001103,2,group_b,49852.75,0.1025,82.3,0,6090.92,6.3,0
sim-001104,2,group_a,19816.72,0.1716,89.4,4,11254.24,3.1,1
sim-001105,2,group_b,39681.83,0.3179,47.5,0,6202.41,1.3,0
sim-001106,2,group_a,49194.89,0.644,114.1,3,11391.8,12.6,1
sim-001107,2,group_a,16359.63,0.5376,48.4,5,7688.54,4.8,0
sim-001108,2,group_b,31582.42,0.4993,42.2,2,9497.3,5.5,1
sim-001109,2,group_a,70643.99,0.2017,36.0,0,24821.14,5.8,1
sim-001110,2,group_a,44614.55,0.2255,107.1,0,12327.82,3.7,0
sim-001111,2,group_a,16129.55,0.154,38.6,0,16182.8,3.3,0
sim-001112,2,group_b,46653.47,0.4024,143.3,1,4943.63,7.1,0
sim-001113,2,group_b,25847.02,0.0996,34.7,1,10078.49,3.8,0
sim-001114,2,group_b,47303.94,0.2387,60.6,2,17278.56,12.3,0
sim-001115,2,group_a,26480.55,0.1154,38.0,0,10819.67,8.4,0
sim-001116,2,group_a,34604.06,0.3477,51.0,0,7550.1,12.9,0
sim-001117,2,group_b,28232.58,0.4871,64.0,0,7407.43,3.5,0
sim-001118,2,group_a,35430.43,0.207,140.0,1,5325.0,4.6,0
sim-001119,2,group_b,27882.16,0.0688,95.7,0,6881.01,8.4,0
sim-001120,2,group_b,32212.63,0.4833,18.2,3,5901.29,1.2,1
sim-001121,2,group_a,21595.62,0.2367,62.3,2,5726.57,3.2,0
sim-001122,2,group_b,43480.9,0.2683,63.6,2,10834.07,14.1,0
sim-001123,2,group_a,38086.68,0.24,52.2,4,6607.11,2.0,1
sim-001124,2,group_a,17944.81,0.4096,73.4,1,10825.81,4.4,0
sim-001125,2,group_a,53692.31,0.1808,171.6,1,8443.19,2.4,1
sim-001126,2,group_a,32858.28,0.1071,48.5,1,23274.66,2.2,1
sim-001127,2,group_b,37870.97,0.4839,85.4,3,7342.8,4.8,0
sim-001128,2,group_b,48781.96,0.1002,31.7,0,11040.77,1.5,0
sim-001129,2,group_b,40613.74,0.1813,22.5,0,5838.15,8.9,0
sim-001130,2,group_b,57721.52,0.2847,60.8,2,6828.76,7.8,0
sim-001131,2,group_a,31282.56,0.262,94.1,0,7835.18,16.0,0
sim-001132,2,group_a,54636.66,0.5798,59.5,4,9105.9,6.9,1
sim-001133,2,group_b,37258.24,0.3326,91.2,2,7748.43,5.6,0
sim-001134,2,group_b,43791.98,0.57,91.2,1,5512.07,4.8,1
sim-001135,2,group_a,41920.25,0.4963,218.7,2,12298.16,14.1,0
sim-001136,2,group_a,59581.88,0.4208,80.4,1,10371.6,11.5,0
sim-001137,2,group_a,47905.86,0.3549,62.0,0,13511.27,3.8,1
sim-001138,2,group_a,29376.87,0.1182,83.0,0,8203.14,5.6,0
sim-001139,2,group_b,27029.06,0.0376,45.8,0,16040.12,8.8,0
sim-001140,2,group_a,34651.74,0.4241,89.2,3,7527.41,7.5,1
sim-001141,2,group_b,25713.14,0.1243,84.8,0,3892.02,5.1,1
sim-001142,2,group_b,22744.51,0.4385,125.6,3,8649.1,2.1,1
sim-001143,2,group_b,14475.57,0.3891,40.5,0,2666.93,2.0,0
sim-001144,2,group_a,18459.04,0.1144,70.7,0,9100.18,6.5,0
sim-001145,2,group_a,81460.27,0.5092,142.8,4,9291.89,2.6,0
sim-001146,2,group_b,26856.68,0.174,49.7,1,2887.57,4.4,0
sim-001147,2,group_b,78704.32,0.0445,14.8,0,3063.04,11.6,0
sim-001148,2,group_a,41911.89,0.2523,68.8,1,4859.97,1.7,0
sim-001149,2,group_b,34651.68,0.1761,65.4,1,7820.87,16.9,1
sim-001150,2,group_a,18840.16,0.4204,64.5,2,4227.2,4.9,0
sim-001151,2,group_b,35452.92,0.3082,75.7,4,15275.5,3.8,0
sim-001152,2,group_a,78332.45,0.0274,93.2,0,4602.59,2.7,0
sim-001153,2,group_a,68064.25,0.1484,232.9,0,12423.01,12.9,0
sim-001154,2,group_a,39702.93,0.6566,49.4,2,2904.47,8.3,0
sim-001155,2,group_a,21841.33,0.1834,45.3,1,16054.81,3.2,1
sim-001156,2,group_a,23670.64,0.2668,91.7,5,12015.41,5.8,1
sim-001157,2,group_a,24733.44,0.0702,42.9,1,3516.48,1.6,0
sim-001158,2,group_a,60525.8,0.0525,54.1,0,8488.3,5.6,0
sim-001159,2,group_b,70215.38,0.314,57.2,1,10654.41,1.2,0
sim-001160,2,group_a,38417.75,0.1671,121.2,5,16929.19,3.0,0
sim-001161,2,group_b,31154.26,0.2102,128.7,1,3810.28,7.2,0
sim-001162,2,group_b,67809.56,0.262,21.2,0,18890.14,3.4,0
sim-001163,2,group_a,23458.76,0.156,24.5,0,7170.36,2.0,0
sim-001164,2,group_a,36162.06,0.302,66.5,1,25065.51,8.8,0
sim-001165,2,group_b,42978.09,0.6193,108.6,1,18372.9,2.7,1
sim-001166,2,group_b,24627.62,0.3177,146.3,1,1497.24,14.2,0
sim-001167,2,group_a,27089.89,0.1788,68.8,0,11302.87,5.5,0
sim-001168,2,group_b,26218.75,0.0597,127.7,0,7378.51,2.6,0
sim-001169,2,group_a,64152.95,0.4598,45.6,0,12759.02,7.2,0
sim-001170,2,group_a,79065.69,0.0309,57.3,0,10792.6,16.4,0
sim-001171,2,group_b,37131.2,0.0952,73.3,0,9462.22,4.1,0
sim-001172,2,group_a,31613.77,0.3838,53.6,2,11602.65,10.4,0
sim-001173,2,group_b,27503.45,0.4807,141.1,1,4911.1,10.2,0
sim-001174,2,group_a,35409.43,0.2571,54.4,0,3221.3,6.8,0
sim-001175,2,group_b,28082.64,0.4048,77.4,3,11119.24,4.2,0
sim-001176,2,group_a,33970.48,0.1503,50.0,0,9405.2,6.0,0
sim-001177,2,group_a,42089.68,0.0712,51.3,1,14752.05,11.6,0
sim-001178,2,group_a,29844.88,0.2852,39.4,2,10847.87,5.4,0
sim-001179,2,group_a,32675.24,0.5555,102.5,2,6441.75,4.0,1
sim-001180,2,group_b,32732.02,0.2837,91.6,2,9505.25,4.3,0
sim-001181,2,group_a,30965.33,0.4135,95.5,3,16057.2,8.4,1
sim-001182,2,group_a,29395.35,0.7093,52.3,0,8934.22,8.4,0
sim-001183,2,group_a,48733.53,0.1439,42.3,0,2856.97,5.0,0
sim-001184,2,group_a,16819.44,0.1217,58.2,3,16634.54,5.4,0
sim-001185,2,group_b,68541.7,0.2739,86.5,2,4784.7,5.1,0
sim-001186,2,group_a,37456.01,0.2427,39.5,0,6017.14,3.2,0
sim-001187,2,group_b,45716.17,0.3012,61.6,3,4806.55,4.6,0
sim-001188,2,group_a,47979.67,0.1476,86.7,1,8928.28,9.6,0
sim-001189,2,group_b,26281.36,0.0322,46.3,3,6670.65,4.1,0
sim-001190,2,group_a,24100.06,0.1769,155.5,1,11240.91,5.1,0
sim-001191,2,group_a,22935.63,0.2097,82.5,1,12636.24,4.3,0
sim-001192,2,group_b,31895.86,0.5329,63.8,3,3648.29,8.4,1
sim-001193,2,group_b,47461.11,0.2411,54.7,1,2696.9,3.8,1
sim-001194,2,group_b,27689.82,0.6729,89.6,3,5970.19,4.1,1
sim-001195,2,group_a,45676.14,0.4993,48.1,0,12839.11,6.9,0
sim-001196,2,group_a,13088.29,0.349,91.1,3,9700.01,4.3,0
sim-001197,2,group_b,30093.42,0.3964,36.8,1,11754.32,4.6,0
sim-001198,2,group_a,57768.43,0.6478,63.7,1,4358.74,10.3,1
sim-001199,2,group_b,32931.73,0.1306,99.1,1,4370.13,12.6,0
sim-001200,2,group_a,24978.22,0.3883,45.9,2,11681.06,4.1,1
sim-001201,2,group_a,26852.81,0.4697,46.0,0,4556.73,13.5,0
sim-001202,2,group_b,9919.23,0.3204,66.8,1,9488.94,6.3,0
sim-001203,2,group_b,23133.64,0.2339,71.5,3,3641.64,0.6,1
sim-001204,2,group_a,55162.65,0.4508,108.1,0,7234.92,4.7,0
sim-001205,2,group_a,27703.3,0.3633,90.2,1,5593.34,17.1,0
sim-001206,2,group_b,29111.58,0.4356,59.6,1,10887.87,6.4,0
sim-001207,2,group_a,13288.3,0.3321,60.7,1,3527.86,12.6,0
sim-001208,2,group_a,17837.32,0.3232,94.0,1,12737.67,4.2,0
sim-001209,2,group_a,58327.02,0.3179,35.4,1,8535.28,7.9,0
sim-001210,2,group_b,45856.1,0.3069,41.6,1,12440.05,20.4,0
sim-001211,2,group_b,20518.36,0.3592,51.6,3,5483.08,3.8,0
sim-001212,2,group_a,27150.74,0.2355,28.2,1,12121.57,2.8,0
sim-001213,2,group_a,34952.58,0.0965,105.1,1,6066.91,3.7,1
sim-001214,2,group_a,21410.28,0.429,34.0,2,16507.64,3.7,1
sim-001215,2,group_a,15248.85,0.5384,177.0,6,3575.62,7.0,1
sim-001216,2,group_a,33094.81,0.3351,85.2,1,3608.58,5.4,1
sim-001217,2,group_a,45003.5,0.18,52.1,2,7786.02,9.3,0
sim-001218,2,group_b,45368.81,0.3844,59.6,3,8729.76,4.4,0
sim-001219,2,group_a,51103.06,0.5774,133.3,1,8879.63,9.1,1
sim-001220,2,group_a,18425.78,0.032,55.8,2,10884.41,2.9,0
sim-001221,2,group_a,36254.5,0.1717,51.1,1,4007.83,4.5,0
sim-001222,2,group_b,31610.68,0.1512,58.7,0,19216.11,7.9,0
sim-001223,2,group_b,34110.73,0.0964,57.1,1,7702.0,8.9,1
sim-001224,2,group_a,32372.08,0.4162,68.7,0,11807.09,4.6,0
sim-001225,2,group_b,26812.19,0.5551,57.0,2,8387.09,14.8,0
sim-001226,2,group_a,9961.95,0.2278,122.6,1,13130.32,8.8,1
sim-001227,2,group_a,57639.78,0.0922,63.9,1,49998.43,12.9,0
sim-001228,2,group_b,40643.57,0.2847,42.8,2,4878.76,2.2,1
sim-001229,2,group_a,18969.7,0.4132,31.5,3,8466.67,7.7,1
sim-001230,2,group_a,43161.98,0.2271,35.8,4,7373.26,11.0,1
sim-001231,2,group_b,29323.13,0.3863,94.5,3,15474.69,14.4,0
sim-001232,2,group_a,29674.15,0.2736,84.8,0,11422.78,8.5,0
sim-001233,2,group_b,25623.52,0.419,74.7,0,13504.89,5.7,1
sim-001234,2,group_a,44334.16,0.48,94.4,0,6546.18,0.8,1
sim-001235,2,group_a,25287.72,0.4905,94.9,2,11847.11,3.8,0
sim-001236,2,group_a,22322.03,0.4307,85.3,0,5191.12,2.5,0
sim-001237,2,group_a,56916.06,0.6363,29.5,2,6141.38,9.3,0
sim-001238,2,group_a,32822.51,0.2737,26.2,1,14154.97,1.9,0
sim-001239,2,group_a,33258.17,0.2795,62.5,1,12903.9,4.2,0
sim-001240,2,group_b,47326.94,0.2386,112.2,2,13604.54,3.5,1
sim-001241,2,group_a,26731.92,0.2651,61.6,3,5259.24,8.0,0
sim-001242,2,group_a,29067.49,0.5858,64.5,2,11705.47,3.7,1
sim-001243,2,group_a,40231.29,0.3203,90.0,3,4939.25,13.7,0
sim-001244,2,group_a,18520.28,0.4545,14.8,3,8338.45,2.0,0
sim-001245,2,group_a,38826.63,0.186,64.5,1,12177.11,5.1,0
sim-001246,2,group_b,25760.59,0.4591,59.1,0,9675.78,2.2,1
sim-001247,2,group_a,50680.6,0.3863,66.3,0,14821.09,6.7,0
sim-001248,2,group_b,44515.76,0.15,143.9,0,3731.37,11.9,0
sim-001249,2,group_b,42112.94,0.5168,54.5,1,6520.55,6.0,1
sim-001250,2,group_a,18017.11,0.1324,91.2,2,4208.03,12.7,0
sim-001251,2,group_a,33879.79,0.1291,56.1,0,6651.06,12.0,0
sim-001252,2,group_a,21580.56,0.4684,43.8,3,8032.26,4.3,1
sim-001253,2,group_b,34839.85,0.2187,59.6,1,8234.96,5.7,0
sim-001254,2,group_a,13380.89,0.3434,116.9,1,12531.82,4.0,0
sim-001255,2,group_b,18524.52,0.1217,102.8,2,12945.59,5.8,0
sim-001256,2,group_b,58302.14,0.1372,55.1,4,6304.39,3.6,0
sim-001257,2,group_b,41315.89,0.2343,35.4,2,10168.28,7.8,1
sim-001258,2,group_a,30497.42,0.1453,99.4,0,18648.2,1.6,0
sim-001259,2,group_b,24156.96,0.1685,96.8,2,18139.12,3.1,0
sim-001260,2,group_a,22440.29,0.329,64.7,1,8235.42,5.6,0
sim-001261,2,group_a,38486.6,0.5465,35.1,1,10748.68,5.7,0
sim-001262,2,group_a,30628.14,0.2355,102.8,1,7984.95,2.9,0
sim-001263,2,group_b,67750.82,0.23,70.5,1,2552.09,0.4,0
sim-001264,2,group_a,32741.52,0.427,69.2,0,4310.52,20.1,1
sim-001265,2,group_b,36266.97,0.2965,135.1,1,6297.16,8.9,0
sim-001266,2,group_a,19748.42,0.2641,70.8,4,6512.63,6.5,1
sim-001267,2,group_b,30409.38,0.154,99.1,0,6673.45,4.3,0
sim-001268,2,group_a,38113.98,0.2122,122.4,0,5599.18,0.7,0
sim-001269,2,group_a,30255.4,0.4147,52.5,2,7932.25,4.7,0
sim-001270,2,group_b,28854.93,0.2687,40.8,2,7198.67,9.3,0
sim-001271,2,group_a,40591.02,0.1297,78.5,1,5653.19,7.4,1
sim-001272,2,group_a,66851.28,0.4617,164.9,3,5897.04,6.0,0
sim-001273,2,group_b,37604.81,0.3047,65.4,0,5765.95,5.5,0
sim-001274,2,group_a,57214.25,0.1564,41.9,1,14228.72,3.4,0
sim-001275,2,group_a,45939.15,0.2129,45.1,0,10564.2,1.0,1
sim-001276,2,group_a,55794.38,0.4314,56.7,1,6547.5,1.9,1
sim-001277,2,group_a,27389.57,0.153,65.1,3,11746.17,8.0,1
sim-001278,2,group_b,32438.15,0.27,90.2,0,6422.16,9.4,1
sim-001279,2,group_b,32494.79,0.3959,82.8,1,7212.94,2.1,0
sim-001280,2,group_a,44508.54,0.299,126.8,0,7053.35,3.8,1
sim-001281,2,group_a,49355.94,0.2933,68.4,1,14364.15,7.9,0
sim-001282,2,group_a,37291.61,0.143,87.1,0,9273.45,7.4,0
sim-001283,2,group_b,51134.61,0.3518,132.5,0,6604.03,6.2,0
sim-001284,2,group_b,27928.44,0.3249,73.7,2,15873.33,8.3,0
sim-001285,2,group_b,51321.17,0.0615,18.0,0,7396.86,1.5,0
sim-001286,2,group_a,54211.05,0.3535,62.0,1,4770.75,5.6,0
sim-001287,2,group_a,47030.35,0.5385,66.7,1,5772.3,4.2,1
sim-001288,2,group_a,37434.62,0.549,42.8,1,3675.39,3.1,1
sim-001289,2,group_a,47743.38,0.3089,30.6,2,5684.32,7.4,0
sim-001290,2,group_a,24306.96,0.2104,34.0,1,6494.45,7.4,1
sim-001291,2,group_b,38457.62,0.4553,134.5,1,4619.63,11.4,0
sim-001292,2,group_a,40143.44,0.2423,92.7,2,5618.54,11.1,0
sim-001293,2,group_a,20243.79,0.196,31.8,2,4795.19,5.1,0
sim-001294,2,group_a,43188.32,0.6331,55.6,4,12927.04,5.6,0
sim-001295,2,group_a,20941.67,0.0745,15.0,0,3592.03,2.2,0
sim-001296,2,group_a,29562.87,0.5155,60.3,1,4310.93,5.7,0
sim-001297,2,group_a,35979.32,0.2322,28.5,1,8312.34,7.3,0
sim-001298,2,group_b,26032.23,0.3872,117.6,1,3605.77,6.7,1
sim-001299,2,group_a,36631.83,0.2914,140.7,0,8661.51,2.3,0
sim-001300,2,group_a,36386.53,0.4311,144.2,2,4519.78,11.3,0
sim-001301,2,group_a,25072.42,0.2648,39.0,1,10069.07,6.1,0
sim-001302,2,group_b,44916.0,0.2354,31.1,3,5934.1,3.6,0
sim-001303,2,group_a,25669.38,0.344,57.9,0,6399.8,9.1,0
sim-001304,2,group_b,92498.64,0.4007,57.0,2,11400.5,5.6,1
sim-001305,2,group_b,33793.34,0.2134,19.6,0,8239.78,17.0,0
sim-001306,2,group_b,21634.76,0.2046,45.4,0,3491.86,6.7,1
sim-001307,2,group_b,23401.99,0.4672,60.6,2,8381.21,5.7,1
sim-001308,2,group_a,57295.87,0.2201,28.5,0,7117.61,6.8,0
sim-001309,2,group_b,29796.8,0.265,38.9,0,6809.5,11.1,0
sim-001310,2,group_a,19954.68,0.4307,75.1,1,6370.07,2.9,0
sim-001311,2,group_b,50643.15,0.4035,74.2,2,5159.07,6.7,1
sim-001312,2,group_a,29716.54,0.5182,106.9,4,9025.6,5.0,0
sim-001313,2,group_a,46557.17,0.1967,20.3,0,5828.42,7.0,1
sim-001314,2,group_a,52414.46,0.2987,68.9,1,19773.51,8.5,1
sim-001315,2,group_b,39706.68,0.3269,90.3,0,19037.37,4.6,0
sim-001316,2,group_a,96788.27,0.465,136.8,0,7839.15,5.0,0
sim-001317,2,group_a,17147.51,0.1005,53.6,2,12242.07,1.8,0
sim-001318,2,group_b,25095.93,0.1024,60.9,2,7117.17,12.7,0
sim-001319,2,group_b,31777.09,0.0935,53.2,1,6475.17,2.1,0
sim-001320,2,group_a,91463.28,0.4138,65.8,2,8138.52,13.6,0
sim-001321,2,group_a,75294.4,0.4276,110.4,0,5070.77,5.3,0
sim-001322,2,group_a,60794.23,0.2944,102.4,5,5231.89,2.8,1
sim-001323,2,group_b,25348.33,0.089,42.3,1,21987.69,2.4,0
sim-001324,2,group_a,26620.68,0.6408,62.8,2,7837.07,6.8,1
sim-001325,2,group_b,24984.35,0.3106,52.7,0,10477.85,6.5,0
sim-001326,2,group_a,25462.47,0.2855,51.4,1,11593.99,1.7,0
sim-001327,2,group_a,66233.12,0.4253,86.1,0,5208.13,8.7,0
sim-001328,2,group_a,31940.11,0.2588,53.7,0,4023.83,5.4,1
sim-001329,2,group_a,33764.69,0.2046,87.5,0,17884.41,2.2,1
sim-001330,2,group_b,48983.68,0.1503,54.7,0,8991.2,6.8,0
sim-001331,2,group_a,17594.09,0.4213,48.9,3,8142.29,8.9,1
sim-001332,2,group_a,36174.55,0.2781,61.6,1,9916.35,5.6,1
sim-001333,2,group_b,22321.68,0.3776,178.5,1,9935.01,9.4,1
sim-001334,2,group_b,31267.85,0.4105,39.8,2,13390.26,2.9,0
sim-001335,2,group_b,27658.91,0.4105,45.0,3,12470.38,3.8,1
sim-001336,2,group_a,27066.39,0.5334,25.1,2,8068.14,4.2,1
sim-001337,2,group_b,38899.8,0.3301,47.9,0,8129.77,10.9,0
sim-001338,2,group_b,38828.49,0.3557,22.4,0,15950.99,10.4,0
sim-001339,2,group_a,32262.97,0.5581,22.8,1,3742.45,10.4,0
sim-001340,2,group_a,41344.2,0.1781,78.5,0,8514.21,0.3,0
sim-001341,2,group_b,24567.55,0.122,92.9,0,4520.35,6.8,0
sim-001342,2,group_a,47111.2,0.4511,150.5,1,3529.88,0.5,0
sim-001343,2,group_a,32448.08,0.4126,40.5,1,5591.76,2.1,0
sim-001344,2,group_b,28878.75,0.0701,39.6,0,4608.4,2.5,0
sim-001345,2,group_b,25341.57,0.2443,113.5,2,10763.23,7.9,0
sim-001346,2,group_a,31971.91,0.2839,68.6,2,3099.76,8.4,0
sim-001347,2,group_a,77626.84,0.4554,41.3,1,14691.57,4.7,1
sim-001348,2,group_a,34454.96,0.3633,94.5,0,6692.8,1.8,1
sim-001349,2,group_a,21880.49,0.1526,64.5,1,12110.78,4.9,1
sim-001350,2,group_b,52047.08,0.5142,63.5,2,5838.81,3.3,0
sim-001351,2,group_b,29021.44,0.4714,131.1,1,5573.43,1.2,1
sim-001352,2,group_a,39862.0,0.1412,81.2,0,6696.95,12.1,0
sim-001353,2,group_a,27436.31,0.6656,82.5,1,6557.89,7.0,0
sim-001354,2,group_b,60592.4,0.3641,94.1,1,6774.97,10.2,0
sim-001355,2,group_a,27608.55,0.4448,62.9,1,5381.98,9.4,1
sim-001356,2,group_a,63646.55,0.3356,93.2,1,7688.7,3.4,0
sim-001357,2,group_a,22772.54,0.3431,134.4,2,9102.11,2.3,0
sim-001358,2,group_b,31287.67,0.3922,63.6,0,10109.08,3.7,0
sim-001359,2,group_a,63703.72,0.4117,77.2,3,14819.16,4.1,0
sim-001360,2,group_b,37973.1,0.4971,41.8,0,8549.29,3.0,0
sim-001361,2,group_a,91859.52,0.3808,46.0,1,11059.25,2.2,1
sim-001362,2,group_b,31601.54,0.3109,58.4,0,16455.79,6.0,0
sim-001363,2,group_a,39417.22,0.2121,60.6,0,5513.02,4.1,0
sim-001364,2,group_a,78760.17,0.1053,27.0,1,11062.78,5.2,0
sim-001365,2,group_a,18735.07,0.438,138.6,4,5686.49,5.2,1
sim-001366,2,group_a,17785.61,0.4341,96.2,0,5752.15,1.7,0
sim-001367,2,group_a,25333.59,0.5054,73.3,1,8384.51,3.8,0
sim-001368,2,group_a,49792.34,0.5973,40.6,4,1921.86,11.6,1
sim-001369,2,group_a,17995.24,0.2436,76.0,0,7042.94,4.5,0
sim-001370,2,group_a,45467.84,0.0748,55.7,1,5510.51,4.1,0
sim-001371,2,group_b,44144.2,0.2147,85.8,1,3875.13,8.2,0
sim-001372,2,group_a,82457.96,0.1927,34.2,0,11312.82,3.7,0
sim-001373,2,group_b,54890.94,0.5564,117.1,4,5609.81,2.3,1
sim-001374,2,group_b,41229.16,0.271,17.3,0,10416.1,10.4,0
sim-001375,2,group_a,62619.74,0.8005,60.2,3,11805.37,8.4,1
sim-001376,2,group_b,44370.92,0.3198,112.9,1,12343.46,5.1,0
sim-001377,2,group_b,29166.34,0.4002,189.4,0,26142.36,2.3,1
sim-001378,2,group_b,21878.63,0.4615,40.4,3,5913.74,5.3,1
sim-001379,2,group_a,27857.75,0.0593,59.8,1,4472.34,10.7,0
sim-001380,2,group_a,34792.91,0.0236,34.5,0,23546.05,5.4,0
sim-001381,2,group_a,38082.41,0.1714,46.5,1,6999.46,4.2,0
sim-001382,2,group_a,14432.21,0.3892,71.7,0,7312.21,3.4,0
sim-001383,2,group_b,32266.49,0.2494,30.8,0,12504.87,4.5,0
sim-001384,2,group_b,35810.78,0.223,128.8,0,7933.71,7.1,0
sim-001385,2,group_a,44532.11,0.5051,51.5,3,7265.56,7.0,0
sim-001386,2,group_b,70070.44,0.1957,84.7,2,12683.72,8.8,0
sim-001387,2,group_a,38252.89,0.0738,134.3,0,4285.3,17.5,0
sim-001388,2,group_b,24148.65,0.2497,33.3,1,4511.44,3.6,0
sim-001389,2,group_a,16488.31,0.1504,89.0,0,8030.03,2.9,0
sim-001390,2,group_b,47218.67,0.3386,98.3,1,3119.08,1.7,0
sim-001391,2,group_b,24562.68,0.1578,32.4,0,3456.82,4.9,0
sim-001392,2,group_a,50923.08,0.5174,36.6,1,18571.15,5.1,1
sim-001393,2,group_a,63634.84,0.4789,72.5,0,3653.46,2.3,1
sim-001394,2,group_b,18499.31,0.1407,127.8,2,6210.67,15.3,1
sim-001395,2,group_a,44651.13,0.1053,104.5,1,11985.27,10.2,0
sim-001396,2,group_a,60894.7,0.3707,43.9,1,13091.88,12.6,0
sim-001397,2,group_b,54284.64,0.1123,95.7,1,9898.05,3.0,0
sim-001398,2,group_a,14669.42,0.3139,38.0,2,6228.99,10.1,0
sim-001399,2,group_a,24722.43,0.0881,131.2,0,5236.82,3.2,0
sim-001400,2,group_a,20667.63,0.3549,47.8,1,6961.86,9.2,0
sim-001401,2,group_a,44084.28,0.5355,50.9,0,9279.72,4.7,0
sim-001402,2,group_b,42091.34,0.31,28.1,1,4067.82,6.1,0
sim-001403,2,group_a,11394.49,0.1318,40.2,2,10792.08,19.1,1
sim-001404,2,group_a,31183.7,0.0975,70.0,1,8119.95,5.7,1
sim-001405,2,group_a,49528.44,0.3498,47.9,2,5802.16,9.3,1
sim-001406,2,group_b,37652.32,0.0678,27.2,1,10871.63,6.5,0
sim-001407,2,group_a,37625.3,0.2087,47.8,4,15746.24,4.3,0
sim-001408,2,group_b,30354.58,0.0883,165.5,1,8718.45,5.7,0
sim-001409,2,group_b,22680.14,0.0606,130.2,1,8489.41,4.3,0
sim-001410,2,group_b,35130.91,0.0139,81.1,1,6620.96,1.7,0
sim-001411,2,group_b,36166.16,0.3713,78.0,0,3505.01,0.9,1
sim-001412,2,group_b,45816.84,0.1239,126.3,1,5168.75,4.6,0
sim-001413,2,group_b,47407.23,0.2846,82.5,4,7909.14,6.0,1
sim-001414,2,group_a,36682.75,0.3704,69.9,0,3998.46,1.6,0
sim-001415,2,group_b,56042.27,0.3158,89.1,1,5805.49,10.6,0
sim-001416,2,group_a,30228.23,0.3842,43.7,2,4562.07,4.9,0
sim-001417,2,group_a,19293.23,0.2251,70.6,0,8387.7,5.6,0
sim-001418,2,group_b,43233.14,0.3177,76.6,2,11094.73,15.3,0
sim-001419,2,group_b,37312.34,0.6243,60.3,1,11283.95,6.6,1
sim-001420,2,group_b,43595.59,0.53,72.4,1,16569.66,6.2,0
sim-001421,2,group_a,20804.62,0.3444,54.2,2,4342.41,10.9,0
sim-001422,2,group_a,75066.85,0.1259,37.8,0,12648.64,4.6,0
sim-001423,2,group_a,47686.85,0.3764,49.7,2,9175.04,10.7,1
sim-001424,2,group_a,31352.25,0.2377,73.9,0,9775.01,10.2,0
sim-001425,2,group_a,23887.48,0.1923,69.6,0,17090.02,3.7,1
sim-001426,2,group_a,55625.91,0.1954,74.1,1,3364.08,6.7,0
sim-001427,2,group_a,22275.81,0.3721,58.5,2,7472.63,17.5,0
sim-001428,2,group_b,91470.63,0.2598,24.0,2,6378.21,10.7,1
sim-001429,2,group_a,27349.51,0.3841,85.1,1,4996.32,4.0,0
sim-001430,2,group_b,72883.11,0.2104,64.6,2,7317.26,1.7,0
sim-001431,2,group_b,32745.51,0.4543,85.4,0,9843.29,4.6,0
sim-001432,2,group_a,68728.11,0.1245,71.3,0,7990.18,5.0,0
sim-001433,2,group_a,25987.09,0.3948,49.8,2,3426.92,2.7,0
sim-001434,2,group_a,35664.51,0.3992,66.9,3,7149.58,6.7,0
sim-001435,2,group_b,49612.33,0.5427,176.0,1,4512.17,2.3,0
sim-001436,2,group_a,46726.76,0.1834,27.7,1,5178.45,9.4,0
sim-001437,2,group_a,56180.22,0.4524,109.5,1,5077.64,5.0,0
sim-001438,2,group_b,28832.59,0.4814,77.5,3,19267.07,6.2,1
sim-001439,2,group_b,36666.53,0.2061,209.5,1,6396.49,9.1,0
sim-001440,2,group_a,59773.83,0.2047,45.7,1,6325.4,1.2,0
sim-001441,2,group_a,26312.32,0.3922,58.3,1,8003.34,3.8,1
sim-001442,2,group_a,45002.23,0.2289,69.7,2,5888.13,1.7,0
sim-001443,2,group_a,32271.92,0.6427,39.4,3,13238.45,1.1,1
sim-001444,2,group_a,38579.15,0.1764,157.1,1,10973.28,10.7,0
sim-001445,2,group_a,36662.55,0.428,164.6,1,9771.61,1.8,0
sim-001446,2,group_b,25410.58,0.116,93.9,0,7772.98,18.6,0
sim-001447,2,group_a,31713.85,0.3644,22.0,0,11033.78,6.1,0
sim-001448,2,group_b,37604.22,0.3224,29.3,1,7479.76,1.1,0
sim-001449,2,group_a,33889.34,0.402,79.6,1,12187.41,2.2,0
sim-001450,2,group_b,68497.27,0.2691,130.6,0,9157.59,2.5,0
sim-001451,2,group_b,54077.92,0.5233,53.9,2,5957.34,9.7,0
sim-001452,2,group_b,39966.3,0.5452,83.7,0,7826.31,3.6,0
sim-001453,2,group_b,25680.28,0.1093,122.8,1,11864.28,6.6,0
sim-001454,2,group_a,25032.0,0.4584,44.0,1,8601.06,5.5,0
sim-001455,2,group_a,81064.52,0.0705,117.3,0,5301.26,8.5,0
sim-001456,2,group_a,23152.27,0.1185,58.5,2,22011.02,5.4,0
sim-001457,2,group_a,37116.65,0.1648,62.2,0,6495.55,0.2,1
sim-001458,2,group_b,41175.49,0.2081,77.2,2,8286.79,7.9,0
sim-001459,2,group_a,31046.58,0.3297,38.0,1,7908.81,10.5,0
sim-001460,2,group_b,23227.09,0.1978,86.6,0,22724.29,1.0,0
sim-001461,2,group_a,25446.75,0.2343,47.7,0,7613.45,11.3,0
sim-001462,2,group_a,28126.51,0.4893,41.1,1,12393.2,3.0,0
sim-001463,2,group_a,26265.54,0.379,56.5,0,12523.93,0.6,0
sim-001464,2,group_b,61799.01,0.3419,35.8,3,4513.52,5.1,0
sim-001465,2,group_b,35248.11,0.3435,38.8,2,18140.55,3.8,1
sim-001466,2,group_a,28396.0,0.1204,99.8,0,8829.37,6.2,1
sim-001467,2,group_a,37009.22,0.2695,83.1,1,8183.77,4.4,0
sim-001468,2,group_b,46842.28,0.0479,62.4,0,9595.61,3.3,0
sim-001469,2,group_a,30615.44,0.035,40.7,1,23879.31,14.9,0
sim-001470,2,group_b,51680.31,0.3324,90.8,0,8151.45,1.9,0
sim-001471,2,group_a,20746.2,0.27,115.2,1,9038.66,5.8,0
sim-001472,2,group_a,57869.6,0.0152,214.2,0,12204.41,1.3,0
sim-001473,2,group_a,35250.68,0.1657,120.3,0,9308.71,8.1,0
sim-001474,2,group_a,34677.1,0.3961,54.1,6,14450.57,2.0,1
sim-001475,2,group_a,26447.95,0.5351,37.1,4,10089.84,15.9,1
sim-001476,2,group_a,21126.91,0.4042,64.7,2,14448.26,4.3,0
sim-001477,2,group_b,17570.87,0.3695,115.0,0,11249.58,2.7,1
sim-001478,2,group_a,25684.26,0.2863,54.0,0,8846.05,4.3,0
sim-001479,2,group_a,45289.15,0.3482,26.2,1,13940.0,4.3,0
sim-001480,2,group_a,23629.78,0.0616,84.0,0,12155.56,6.6,0
sim-001481,2,group_a,18465.36,0.3763,56.0,3,7568.73,1.5,0
sim-001482,2,group_b,24153.69,0.217,40.1,0,5755.51,3.8,0
sim-001483,2,group_a,30102.7,0.4446,122.1,3,9027.65,6.1,0
sim-001484,2,group_b,30604.11,0.5279,41.7,3,14991.36,3.6,1
sim-001485,2,group_a,33518.91,0.3509,53.1,1,4887.36,8.5,1
sim-001486,2,group_b,54594.84,0.5716,49.0,1,7549.03,9.1,0
sim-001487,2,group_a,59795.57,0.3655,27.1,2,7900.67,10.4,0
sim-001488,2,group_b,82149.35,0.0849,61.4,0,13625.78,11.8,0
sim-001489,2,group_a,17881.8,0.4027,25.2,2,4694.3,3.9,0
sim-001490,2,group_a,24699.26,0.2544,36.2,1,13616.59,16.2,0
sim-001491,2,group_b,47446.77,0.5023,40.1,1,5846.02,4.2,0
sim-001492,2,group_b,29240.41,0.0695,30.9,1,8313.49,7.1,0
sim-001493,2,group_b,50793.84,0.0548,80.9,1,12476.08,2.7,1
sim-001494,2,group_a,38599.23,0.1595,71.7,1,17470.08,6.1,0
sim-001495,2,group_b,68683.6,0.0863,85.5,0,14610.02,2.7,0
sim-001496,2,group_b,54827.15,0.4706,28.0,1,6191.09,9.2,0
sim-001497,2,group_b,55250.19,0.457,104.0,2,5133.21,14.5,0
sim-001498,2,group_a,29762.78,0.1711,106.3,0,20999.75,4.5,0
sim-001499,2,group_b,33964.34,0.4595,112.3,1,4334.24,2.6,1
sim-001500,3,group_b,31501.6,0.0856,67.4,3,19280.29,6.1,0
sim-001501,3,group_b,19025.31,0.5504,64.9,1,13267.69,1.6,1
sim-001502,3,group_a,66445.88,0.4094,85.2,1,12707.42,5.5,0
sim-001503,3,group_a,48974.87,0.5214,119.6,2,11883.13,1.7,1
sim-001504,3,group_b,30979.74,0.2678,64.5,1,5210.35,2.7,0
sim-001505,3,group_a,61940.46,0.0592,58.0,0,6954.67,4.0,0
sim-001506,3,group_b,27480.88,0.2921,74.6,0,20935.88,0.8,0
sim-001507,3,group_a,16547.39,0.1926,64.8,0,4374.86,1.5,0
sim-001508,3,group_a,54671.36,0.2783,24.0,2,17693.65,1.7,0
sim-001509,3,group_b,20931.38,0.3997,59.5,2,20075.05,9.2,0
sim-001510,3,group_a,32983.88,0.5496,68.6,1,5257.29,7.2,0
sim-001511,3,group_a,39048.97,0.1562,80.3,0,13156.05,10.2,0
sim-001512,3,group_b,42103.89,0.4961,81.6,2,20911.95,2.8,1
sim-001513,3,group_b,51140.32,0.1164,72.3,1,21750.1,8.5,0
sim-001514,3,group_b,45704.75,0.2761,96.2,0,2923.83,4.5,0
sim-001515,3,group_a,45114.31,0.3632,152.6,2,13981.02,10.1,0
sim-001516,3,group_a,25690.7,0.0306,63.4,1,9572.46,2.5,0
sim-001517,3,group_b,40521.27,0.6635,81.1,3,16192.57,1.2,0
sim-001518,3,group_a,19028.04,0.4853,126.9,3,10588.31,13.4,0
sim-001519,3,group_a,69016.29,0.2606,62.9,2,8695.7,4.3,0
sim-001520,3,group_a,19869.13,0.3512,69.8,1,24085.06,5.2,0
sim-001521,3,group_a,30961.36,0.4241,23.3,2,9324.08,10.7,1
sim-001522,3,group_b,20579.95,0.1721,57.9,4,22317.15,2.8,1
sim-001523,3,group_b,26352.81,0.0649,76.4,0,12010.89,15.6,0
sim-001524,3,group_b,36013.17,0.4679,73.8,5,4952.07,6.0,0
sim-001525,3,group_a,28679.03,0.4088,65.4,3,10588.2,2.3,1
sim-001526,3,group_a,57906.41,0.1811,54.0,0,18730.24,2.9,0
sim-001527,3,group_a,39391.23,0.2177,75.6,0,5237.01,10.9,0
sim-001528,3,group_a,29483.26,0.2893,116.8,2,9489.81,3.5,0
sim-001529,3,group_a,33856.82,0.3964,55.3,3,2299.17,23.9,0
sim-001530,3,group_a,59770.9,0.329,24.7,0,5267.9,6.0,1
sim-001531,3,group_a,52455.78,0.0322,37.6,1,4301.45,4.1,0
sim-001532,3,group_a,22197.08,0.1423,112.9,0,4550.74,8.3,0
sim-001533,3,group_b,26906.58,0.3222,78.2,0,15511.97,2.9,0
sim-001534,3,group_a,43713.48,0.2966,35.0,0,6595.24,2.3,0
sim-001535,3,group_a,41540.08,0.1982,90.4,3,6473.62,4.1,0
sim-001536,3,group_b,23036.61,0.2146,96.9,1,5617.6,11.6,0
sim-001537,3,group_b,49051.85,0.0318,32.3,0,11462.09,7.0,0
sim-001538,3,group_b,24632.77,0.7462,85.6,0,19104.83,13.0,1
sim-001539,3,group_a,61920.54,0.4062,105.6,1,11203.2,7.2,0
sim-001540,3,group_b,44728.61,0.3445,42.4,1,12241.75,10.0,0
sim-001541,3,group_a,22261.0,0.424,54.1,2,14145.43,12.7,1
sim-001542,3,group_a,28675.2,0.3765,10.5,1,9041.52,23.6,0
sim-001543,3,group_a,28466.59,0.1957,113.2,0,3496.6,6.6,1
sim-001544,3,group_a,38297.82,0.0757,102.2,1,14711.32,11.6,0
sim-001545,3,group_a,32870.46,0.1281,60.1,1,7157.74,1.1,1
sim-001546,3,group_a,22134.54,0.0458,86.5,0,3295.6,8.5,0
sim-001547,3,group_b,19938.57,0.4404,54.9,1,10716.07,5.9,0
sim-001548,3,group_a,45097.85,0.5806,114.6,1,22893.99,1.4,0
sim-001549,3,group_a,40385.23,0.4116,33.5,0,15535.12,18.0,1
sim-001550,3,group_a,37433.67,0.1485,32.2,1,3836.73,7.7,0
sim-001551,3,group_a,40123.09,0.4294,76.0,1,7772.88,5.1,0
sim-001552,3,group_a,27613.33,0.3299,69.3,2,5881.88,14.2,0
sim-001553,3,group_a,38687.69,0.4979,216.1,1,4295.64,1.5,0
sim-001554,3,group_a,104002.72,0.671,83.0,2,7617.2,5.6,0
sim-001555,3,group_b,58648.55,0.2238,38.6,2,7480.85,0.8,0
sim-001556,3,group_b,31725.26,0.1036,51.9,0,4561.15,6.0,0
sim-001557,3,group_a,28743.99,0.2944,45.9,2,6615.1,1.7,1
sim-001558,3,group_b,10771.03,0.2496,43.4,0,7105.19,4.3,0
sim-001559,3,group_b,56097.78,0.192,76.8,1,4990.75,7.8,0
sim-001560,3,group_b,49830.09,0.2585,60.1,0,3282.04,13.4,0
sim-001561,3,group_b,28498.09,0.3869,53.8,1,5400.91,4.8,0
sim-001562,3,group_b,19627.42,0.0595,132.2,0,3573.46,3.6,0
sim-001563,3,group_b,22043.82,0.2677,71.7,2,9515.59,7.3,1
sim-001564,3,group_b,43159.04,0.3873,12.1,3,8057.71,4.5,0
sim-001565,3,group_a,34491.8,0.5589,110.6,1,15203.86,8.0,0
sim-001566,3,group_a,47880.74,0.2785,183.6,2,2554.05,8.1,0
sim-001567,3,group_a,37134.66,0.2558,39.7,1,15678.12,7.8,0
sim-001568,3,group_a,53746.76,0.1947,118.9,0,4340.05,9.0,0
sim-001569,3,group_a,41823.83,0.0247,35.3,0,7780.78,10.4,0
sim-001570,3,group_a,50720.94,0.0867,24.0,5,6840.77,6.6,0
sim-001571,3,group_a,14888.33,0.4737,39.1,1,4116.93,4.9,0
sim-001572,3,group_a,21323.71,0.3886,62.5,3,9234.88,8.0,0
sim-001573,3,group_b,30729.31,0.123,91.7,2,8328.61,3.9,0
sim-001574,3,group_a,56354.59,0.3129,45.2,0,21574.54,0.8,0
sim-001575,3,group_a,78891.0,0.2297,47.3,0,8644.95,3.1,0
sim-001576,3,group_b,33423.72,0.0175,65.8,0,6885.48,9.2,1
sim-001577,3,group_b,27698.58,0.2489,59.0,1,5531.3,5.8,0
sim-001578,3,group_b,15755.0,0.4167,140.4,2,5764.8,14.4,0
sim-001579,3,group_b,51467.03,0.3613,80.3,2,2692.98,7.3,0
sim-001580,3,group_b,28422.03,0.5854,61.3,0,5912.22,4.6,0
sim-001581,3,group_a,124057.51,0.228,121.5,1,10294.36,5.3,0
sim-001582,3,group_a,26250.76,0.3271,117.6,2,5374.68,3.9,1
sim-001583,3,group_a,86700.55,0.2714,60.8,1,13260.07,5.2,0
sim-001584,3,group_b,49036.21,0.2246,120.3,0,7996.34,1.6,0
sim-001585,3,group_b,23251.59,0.1254,103.8,1,11672.31,8.9,0
sim-001586,3,group_a,39478.06,0.2578,96.9,2,6948.25,6.3,0
sim-001587,3,group_a,49512.47,0.3634,39.5,0,5499.59,5.8,0
sim-001588,3,group_a,32578.05,0.5507,62.0,1,15350.44,1.6,1
sim-001589,3,group_a,50917.03,0.3242,71.0,1,7921.96,5.7,0
sim-001590,3,group_a,50448.18,0.626,56.3,0,14291.08,3.5,1
sim-001591,3,group_a,46003.01,0.2868,66.5,1,6540.41,13.1,0
sim-001592,3,group_b,35563.72,0.393,78.2,1,1292.21,10.4,0
sim-001593,3,group_a,21862.44,0.2136,24.2,1,19216.13,10.0,0
sim-001594,3,group_b,34674.16,0.179,66.7,1,5147.71,2.8,0
sim-001595,3,group_b,38559.09,0.5923,116.9,0,4074.38,11.4,1
sim-001596,3,group_a,16285.96,0.2751,123.8,0,11947.86,2.4,0
sim-001597,3,group_a,38448.65,0.128,24.6,0,3226.4,7.6,0
sim-001598,3,group_b,34383.89,0.6469,125.1,2,13170.06,6.1,0
sim-001599,3,group_a,20773.16,0.2842,37.6,0,8363.73,5.4,1
sim-001600,3,group_b,31136.54,0.2435,93.6,1,9232.31,2.4,0
sim-001601,3,group_a,31414.49,0.0727,76.9,1,10113.26,0.2,1
sim-001602,3,group_b,80550.51,0.025,161.7,0,4654.78,8.5,0
sim-001603,3,group_b,39279.17,0.7324,30.8,2,4680.44,1.2,1
sim-001604,3,group_a,55333.79,0.5125,223.4,0,12740.18,2.1,1
sim-001605,3,group_a,34081.76,0.4577,98.3,5,5900.71,0.3,0
sim-001606,3,group_b,16300.57,0.353,80.7,0,7034.12,9.2,1
sim-001607,3,group_a,47495.18,0.249,45.1,2,8690.45,5.8,0
sim-001608,3,group_a,27161.66,0.3259,45.0,4,11469.05,1.5,1
sim-001609,3,group_a,31102.64,0.2257,120.3,1,3500.07,2.5,0
sim-001610,3,group_a,23011.56,0.3117,80.0,0,10264.46,1.5,0
sim-001611,3,group_b,36921.99,0.3833,25.0,0,13721.1,3.7,0
sim-001612,3,group_b,56015.01,0.3484,63.8,0,10173.49,2.5,1
sim-001613,3,group_a,52984.25,0.4127,126.8,1,16077.37,5.6,1
sim-001614,3,group_b,69717.01,0.1055,29.2,0,6973.12,1.5,0
sim-001615,3,group_a,73994.27,0.0586,92.4,1,3759.67,8.6,0
sim-001616,3,group_a,15164.81,0.5006,87.3,2,10621.96,10.0,1
sim-001617,3,group_a,21691.58,0.5844,113.1,4,8176.54,17.7,0
sim-001618,3,group_b,16756.8,0.3558,70.3,0,20557.78,4.6,1
sim-001619,3,group_a,46695.86,0.2713,46.4,0,9278.59,15.6,0
sim-001620,3,group_a,26766.48,0.3573,110.0,1,12561.69,11.4,1
sim-001621,3,group_a,29159.74,0.4115,68.5,2,6896.58,1.2,0
sim-001622,3,group_b,32696.69,0.4465,43.8,0,8288.12,4.7,0
sim-001623,3,group_a,42052.73,0.1988,74.9,2,15015.53,2.4,1
sim-001624,3,group_a,19190.39,0.2412,130.8,1,11236.27,2.1,0
sim-001625,3,group_b,21105.26,0.278,19.1,1,33436.31,5.1,1
sim-001626,3,group_a,35830.13,0.5913,59.1,1,13055.95,7.3,1
sim-001627,3,group_a,59247.17,0.5185,72.1,0,8444.2,3.1,0
sim-001628,3,group_a,35430.67,0.3134,101.2,3,9329.57,5.4,0
sim-001629,3,group_a,25680.9,0.233,52.9,1,11480.82,4.8,0
sim-001630,3,group_a,14526.83,0.1273,112.1,0,16284.97,5.4,0
sim-001631,3,group_b,53429.79,0.472,50.4,2,7519.82,4.0,1
sim-001632,3,group_b,26289.07,0.0669,49.6,0,3465.68,3.8,0
sim-001633,3,group_b,22116.44,0.6501,55.8,0,12352.38,3.7,1
sim-001634,3,group_b,17423.3,0.3716,94.7,0,14082.18,7.3,1
sim-001635,3,group_a,19566.57,0.4931,53.1,3,6659.59,1.6,1
sim-001636,3,group_a,23915.69,0.5128,53.6,1,16770.07,4.9,1
sim-001637,3,group_b,32392.54,0.5906,35.1,0,12666.79,1.6,1
sim-001638,3,group_a,21554.25,0.2492,43.5,1,9551.73,12.5,0
sim-001639,3,group_b,38715.58,0.2835,80.4,3,6488.12,7.2,0
sim-001640,3,group_b,32289.32,0.4892,81.7,1,5259.02,8.5,0
sim-001641,3,group_a,91056.62,0.3711,65.2,0,11127.09,2.4,0
sim-001642,3,group_a,17503.11,0.3561,65.9,1,9811.12,5.7,1
sim-001643,3,group_a,38323.61,0.1079,40.5,2,7081.49,7.0,1
sim-001644,3,group_a,38525.75,0.3196,92.6,0,3567.57,2.0,0
sim-001645,3,group_a,23229.21,0.0581,58.6,0,11187.03,6.5,0
sim-001646,3,group_a,37272.31,0.071,79.1,1,11446.08,6.9,0
sim-001647,3,group_b,49475.34,0.4602,119.9,1,9207.66,1.8,1
sim-001648,3,group_b,37291.71,0.3172,90.6,2,7796.57,3.3,0
sim-001649,3,group_b,64053.53,0.3604,75.7,0,4889.56,5.5,1
sim-001650,3,group_a,14348.08,0.3756,67.5,2,11625.79,7.3,1
sim-001651,3,group_a,25141.17,0.5697,52.2,0,20617.25,6.5,1
sim-001652,3,group_a,66537.67,0.2719,52.2,1,5296.54,1.2,0
sim-001653,3,group_a,52525.34,0.1828,46.9,0,5512.82,9.4,0
sim-001654,3,group_b,44936.92,0.4758,112.3,2,6761.19,10.0,1
sim-001655,3,group_a,60111.14,0.1141,41.6,2,15502.29,2.9,0
sim-001656,3,group_a,16011.23,0.3991,55.1,2,17061.73,3.7,0
sim-001657,3,group_b,50018.91,0.2146,69.1,0,7911.06,4.0,0
sim-001658,3,group_a,55996.0,0.1742,153.6,1,8124.08,7.5,0
sim-001659,3,group_a,27155.8,0.3543,33.9,1,8343.49,7.2,1
sim-001660,3,group_a,108042.46,0.2615,35.5,1,3985.05,5.4,0
sim-001661,3,group_b,38888.99,0.1441,109.7,1,3688.5,4.9,0
sim-001662,3,group_b,14257.48,0.1638,85.6,4,9955.48,8.6,0
sim-001663,3,group_a,42029.8,0.2904,75.4,0,22586.81,3.1,1
sim-001664,3,group_b,26467.13,0.6873,98.1,0,29407.5,2.5,0
sim-001665,3,group_b,58413.25,0.2112,42.1,2,7233.08,4.5,1
sim-001666,3,group_b,45077.41,0.3043,98.7,1,5441.56,1.8,0
sim-001667,3,group_a,27857.92,0.3363,85.3,0,4899.92,9.3,0
sim-001668,3,group_a,67307.69,0.1826,55.7,0,24509.93,4.6,0
sim-001669,3,group_b,53133.85,0.4758,67.9,2,4606.92,8.9,0
sim-001670,3,group_a,25292.76,0.2745,41.0,1,8157.2,6.4,0
sim-001671,3,group_b,33595.29,0.2913,95.2,1,13733.39,9.0,0
sim-001672,3,group_b,44493.8,0.4595,35.1,2,8124.87,5.0,1
sim-001673,3,group_a,30730.45,0.2857,36.7,0,17280.76,11.7,1
sim-001674,3,group_b,31118.33,0.622,53.6,3,4080.77,17.7,0
sim-001675,3,group_b,36367.27,0.3553,18.5,3,5635.97,8.8,1
sim-001676,3,group_b,22887.92,0.4055,69.8,1,6323.39,3.6,1
sim-001677,3,group_a,14019.98,0.697,78.0,3,7586.37,12.4,1
sim-001678,3,group_b,39594.15,0.6518,119.5,1,13696.69,2.4,1
sim-001679,3,group_a,15532.07,0.0459,59.1,0,2779.8,8.7,0
sim-001680,3,group_b,23598.15,0.3239,73.2,2,7415.16,2.1,1
sim-001681,3,group_b,17016.44,0.3637,67.4,0,9924.89,4.6,0
sim-001682,3,group_b,17919.65,0.0197,104.9,0,12679.31,4.2,0
sim-001683,3,group_a,42833.22,0.0934,147.1,1,6073.37,6.8,0
sim-001684,3,group_a,32618.36,0.1209,74.5,1,7731.88,1.8,0
sim-001685,3,group_a,32127.63,0.1053,58.6,4,8899.55,5.1,1
sim-001686,3,group_a,20605.66,0.3305,76.2,2,11080.58,8.7,0
sim-001687,3,group_a,27188.34,0.2993,67.0,3,18713.31,13.3,0
sim-001688,3,group_b,41944.86,0.4191,35.8,0,7952.47,6.3,0
sim-001689,3,group_a,35035.72,0.2969,52.9,0,11018.11,12.2,0
sim-001690,3,group_b,50590.7,0.1875,83.8,2,3011.77,2.3,0
sim-001691,3,group_b,53709.15,0.392,100.8,1,7224.64,0.8,0
sim-001692,3,group_a,32211.14,0.3248,161.6,1,11582.17,2.6,0
sim-001693,3,group_b,16449.58,0.2631,29.9,1,14311.58,1.4,1
sim-001694,3,group_b,26061.36,0.4929,83.9,1,3461.82,8.5,0
sim-001695,3,group_a,34371.07,0.2192,32.1,1,7845.03,8.6,1
sim-001696,3,group_a,25845.08,0.2473,137.2,2,6347.92,6.0,0
sim-001697,3,group_b,22995.59,0.2917,20.3,2,14887.53,8.7,1
sim-001698,3,group_b,36875.25,0.2707,63.7,2,3739.54,5.2,0
sim-001699,3,group_b,99382.1,0.4489,92.9,1,11018.97,5.0,0
sim-001700,3,group_b,29171.89,0.1953,25.5,0,9872.3,10.4,0
sim-001701,3,group_b,35768.45,0.5149,80.2,5,11921.0,4.2,1
sim-001702,3,group_a,20639.15,0.2721,121.7,1,8720.82,6.8,0
sim-001703,3,group_b,60368.85,0.5483,108.3,2,10751.39,8.5,1
sim-001704,3,group_a,51709.26,0.0932,73.4,0,12038.07,10.1,0
sim-001705,3,group_b,50232.04,0.4486,43.7,1,5948.13,6.6,0
sim-001706,3,group_a,63393.35,0.4481,88.2,0,7543.2,4.5,0
sim-001707,3,group_a,29927.01,0.2501,78.8,0,12580.5,4.1,0
sim-001708,3,group_b,31539.14,0.0996,118.1,0,9157.73,1.1,1
sim-001709,3,group_a,73434.49,0.2578,43.5,3,2962.41,4.1,1
sim-001710,3,group_b,46711.51,0.4302,82.3,0,3791.8,4.5,0
sim-001711,3,group_a,14099.95,0.2354,93.3,0,16804.74,6.4,0
sim-001712,3,group_b,43348.39,0.1438,25.3,0,6494.92,7.2,0
sim-001713,3,group_b,28048.4,0.2892,53.5,0,2710.38,6.9,0
sim-001714,3,group_a,52220.59,0.4781,91.0,3,6222.82,6.2,0
sim-001715,3,group_b,42507.68,0.0739,47.7,0,12206.12,4.1,0
sim-001716,3,group_a,17239.73,0.1817,120.4,0,6169.54,4.1,0
sim-001717,3,group_b,40091.06,0.3382,125.2,1,16350.72,10.9,0
sim-001718,3,group_b,39122.92,0.1501,61.9,0,4795.67,7.6,0
sim-001719,3,group_b,41716.59,0.3052,20.2,2,10373.6,0.6,0
sim-001720,3,group_a,45602.7,0.7439,62.9,1,12420.86,0.7,1
sim-001721,3,group_a,67124.59,0.7978,55.5,0,9416.55,1.1,0
sim-001722,3,group_b,42609.54,0.3969,149.4,3,11367.13,3.1,0
sim-001723,3,group_a,36156.69,0.2911,48.3,3,19754.44,7.7,0
sim-001724,3,group_a,57996.99,0.5575,58.1,1,10880.68,3.2,0
sim-001725,3,group_a,91853.58,0.2929,60.2,1,3246.33,6.9,0
sim-001726,3,group_a,52592.55,0.3364,60.6,1,7946.37,2.6,1
sim-001727,3,group_b,39050.33,0.0281,38.8,1,10485.79,8.4,0
sim-001728,3,group_a,42944.46,0.5407,25.6,1,15067.25,7.5,1
sim-001729,3,group_a,39876.34,0.1877,49.6,1,9878.46,0.9,0
sim-001730,3,group_b,36090.24,0.5485,76.7,2,9383.12,13.6,1
sim-001731,3,group_a,88909.28,0.1535,108.0,3,11630.79,3.6,0
sim-001732,3,group_b,26144.59,0.2274,57.8,1,9646.15,1.3,0
sim-001733,3,group_a,58166.24,0.1807,64.0,2,5172.77,4.6,0
sim-001734,3,group_b,33966.84,0.1411,46.2,0,14580.54,8.0,0
sim-001735,3,group_b,19229.94,0.2822,82.6,4,5630.0,2.1,0
sim-001736,3,group_b,33087.36,0.5314,77.4,0,3629.41,5.6,0
sim-001737,3,group_a,28462.83,0.0651,120.1,0,9506.97,4.2,0
sim-001738,3,group_a,45641.95,0.2592,23.1,1,5667.7,2.1,0
sim-001739,3,group_b,37210.49,0.3788,75.2,1,8770.68,5.5,0
sim-001740,3,group_a,23312.59,0.2763,99.6,0,3987.69,2.5,0
sim-001741,3,group_a,66424.64,0.2771,60.5,0,8656.08,3.8,0
sim-001742,3,group_a,56605.21,0.3987,31.8,3,6758.48,2.7,0
sim-001743,3,group_b,69713.09,0.1664,54.2,1,7540.64,3.3,0
sim-001744,3,group_b,39558.08,0.0874,164.2,3,8680.49,4.4,0
sim-001745,3,group_b,35277.2,0.5117,106.2,1,7256.9,3.2,0
sim-001746,3,group_b,48122.03,0.4334,73.5,0,5660.96,3.4,1
sim-001747,3,group_a,28098.19,0.0664,65.3,1,4353.09,4.3,0
sim-001748,3,group_a,37821.2,0.1294,44.4,2,10178.56,2.6,0
sim-001749,3,group_a,33263.48,0.2772,73.8,0,5702.33,1.6,0
sim-001750,3,group_b,19387.15,0.3048,122.4,0,3753.91,2.1,1
sim-001751,3,group_a,37779.86,0.0812,68.1,0,6356.47,5.5,1
sim-001752,3,group_b,29756.23,0.5257,122.7,1,5747.59,15.8,0
sim-001753,3,group_b,32342.2,0.1138,185.4,1,6125.19,1.4,0
sim-001754,3,group_a,41722.24,0.0774,50.2,0,13001.78,3.2,0
sim-001755,3,group_a,61112.02,0.1894,51.1,0,5066.19,2.1,0
sim-001756,3,group_a,25072.24,0.2416,40.5,1,19307.64,4.5,1
sim-001757,3,group_b,31090.13,0.4431,52.6,1,8051.68,6.9,0
sim-001758,3,group_b,25969.17,0.4413,50.0,2,6559.12,10.5,0
sim-001759,3,group_b,25268.76,0.479,53.0,2,15132.06,3.9,1
sim-001760,3,group_a,27897.18,0.2838,26.5,1,7487.62,15.0,1
sim-001761,3,group_a,32974.54,0.3072,57.7,0,6367.5,2.3,0
sim-001762,3,group_a,45801.22,0.3131,122.4,0,7333.17,3.5,1
sim-001763,3,group_a,40969.67,0.2597,83.1,0,51821.78,2.7,0
sim-001764,3,group_a,22974.04,0.1646,56.3,1,2085.5,7.4,0
sim-001765,3,group_a,61669.66,0.0371,85.9,0,8148.99,4.1,0
sim-001766,3,group_b,53244.68,0.568,93.7,3,14139.32,8.3,1
sim-001767,3,group_a,24526.32,0.1381,55.9,0,10049.33,5.0,0
sim-001768,3,group_a,59881.72,0.3156,90.5,1,10022.4,7.9,0
sim-001769,3,group_b,41081.54,0.2846,13.2,0,12311.09,3.9,0
sim-001770,3,group_b,33533.12,0.2876,139.1,0,11899.32,0.9,1
sim-001771,3,group_b,41622.39,0.2142,76.0,0,7213.24,2.5,0
sim-001772,3,group_b,35425.11,0.3502,98.8,1,12170.2,7.9,1
sim-001773,3,group_b,45023.19,0.5607,102.3,4,8540.57,6.4,1
sim-001774,3,group_b,38741.73,0.3808,219.3,1,9441.68,6.9,0
sim-001775,3,group_a,31078.8,0.4077,188.2,2,5051.88,6.9,0
sim-001776,3,group_b,15293.03,0.0931,57.2,0,5769.34,2.9,0
sim-001777,3,group_a,44686.05,0.6096,84.8,1,6166.94,0.4,1
sim-001778,3,group_a,30609.47,0.3559,110.5,3,5340.3,18.8,0
sim-001779,3,group_a,49649.2,0.453,91.5,4,4647.03,5.2,1
sim-001780,3,group_a,43840.07,0.2602,33.1,0,12641.07,6.1,1
sim-001781,3,group_b,30945.44,0.8045,70.2,0,5664.45,6.6,1
sim-001782,3,group_a,55031.17,0.374,135.9,1,4639.52,5.0,0
sim-001783,3,group_a,39027.96,0.1682,56.9,1,8907.48,3.8,1
sim-001784,3,group_a,38358.45,0.1125,67.7,1,5142.03,9.2,0
sim-001785,3,group_b,33792.48,0.0578,54.9,1,10921.8,2.7,0
sim-001786,3,group_a,72627.1,0.4104,83.4,0,9483.57,2.6,0
sim-001787,3,group_b,26540.52,0.2314,93.1,1,10081.76,4.6,0
sim-001788,3,group_b,31271.95,0.4601,35.2,1,5163.12,1.1,0
sim-001789,3,group_a,21296.95,0.5139,82.3,1,6242.03,1.1,1
sim-001790,3,group_b,48592.63,0.234,40.9,1,10461.95,6.6,1
sim-001791,3,group_a,28043.09,0.0958,30.9,1,3640.61,8.3,0
sim-001792,3,group_a,29395.15,0.6182,116.6,1,9580.54,7.9,1
sim-001793,3,group_b,28821.78,0.2446,99.2,0,8188.89,2.4,0
sim-001794,3,group_b,36766.53,0.4795,50.8,1,15356.94,10.4,0
sim-001795,3,group_a,21177.21,0.1887,113.1,0,3643.4,1.0,0
sim-001796,3,group_a,13958.4,0.1029,25.2,0,6307.52,4.2,0
sim-001797,3,group_a,43400.91,0.3564,41.9,0,8637.04,4.3,0
sim-001798,3,group_a,14739.79,0.2888,47.0,1,15371.01,3.0,0
sim-001799,3,group_b,51263.68,0.3551,75.0,2,11881.34,5.8,0
sim-001800,3,group_b,68911.73,0.1625,176.0,0,5883.8,4.5,0
sim-001801,3,group_b,33423.88,0.1955,33.2,0,8885.89,8.0,1
sim-001802,3,group_a,61807.94,0.6355,40.4,2,12625.97,7.1,1
sim-001803,3,group_b,35447.65,0.6032,101.4,2,12247.55,4.9,0
sim-001804,3,group_b,70100.23,0.2714,66.0,0,14834.79,4.0,0
sim-001805,3,group_b,29566.24,0.0776,91.9,1,4672.79,8.6,0
sim-001806,3,group_a,13263.21,0.1958,78.1,2,20848.07,8.6,0
sim-001807,3,group_a,34628.66,0.2762,86.3,0,5146.38,1.3,0
sim-001808,3,group_a,73375.44,0.4816,21.4,2,9093.01,4.4,1
sim-001809,3,group_a,44832.41,0.2602,64.0,1,6123.89,5.8,0
sim-001810,3,group_a,28841.32,0.3324,127.2,0,7836.33,2.8,0
sim-001811,3,group_a,41115.42,0.2179,174.8,0,6886.99,1.8,0
sim-001812,3,group_b,53845.41,0.1618,86.7,1,19127.38,4.4,1
sim-001813,3,group_a,34545.79,0.5133,171.1,0,4349.55,3.3,1
sim-001814,3,group_b,107913.35,0.8137,82.9,1,3283.74,8.7,0
sim-001815,3,group_a,28815.95,0.5934,82.3,4,4843.8,1.7,1
sim-001816,3,group_b,54559.9,0.2883,86.4,0,4831.77,2.9,1
sim-001817,3,group_a,49316.48,0.3969,46.4,0,10513.25,5.6,1
sim-001818,3,group_a,26690.75,0.0882,48.9,1,7361.05,9.3,0
sim-001819,3,group_b,29963.5,0.2323,42.3,1,9639.45,1.7,1
sim-001820,3,group_b,54918.27,0.1788,44.7,0,9317.03,7.4,0
sim-001821,3,group_a,38055.88,0.3735,32.9,2,5347.82,13.2,0
sim-001822,3,group_a,41274.09,0.2165,122.9,0,5759.38,8.1,0
sim-001823,3,group_b,18013.81,0.284,79.4,1,4616.72,6.7,1
sim-001824,3,group_b,47170.29,0.2934,45.8,1,11529.94,3.8,0
sim-001825,3,group_a,40403.22,0.0756,61.1,1,4193.81,0.3,0
sim-001826,3,group_a,34862.18,0.2574,75.9,0,2850.33,4.4,0
sim-001827,3,group_a,41671.58,0.1286,127.1,2,5502.08,2.7,1
sim-001828,3,group_b,30155.68,0.2603,34.0,0,16605.87,10.1,0
sim-001829,3,group_a,27928.44,0.4473,92.1,1,5175.21,5.5,0
sim-001830,3,group_a,32351.25,0.2164,63.6,1,7239.65,1.7,0
sim-001831,3,group_b,29467.25,0.3418,40.6,2,4552.46,2.1,0
sim-001832,3,group_a,89484.65,0.208,63.8,1,3863.31,0.7,0
sim-001833,3,group_a,52521.91,0.0772,100.6,1,5146.51,2.4,1
sim-001834,3,group_a,23842.93,0.2706,100.6,3,10203.49,1.6,0
sim-001835,3,group_a,84224.77,0.1616,41.4,1,3275.38,8.8,0
sim-001836,3,group_a,29857.77,0.1391,67.6,1,17601.27,0.7,0
sim-001837,3,group_a,36256.4,0.1102,67.7,1,3423.17,7.4,0
sim-001838,3,group_b,52204.04,0.347,32.0,1,5298.61,4.6,0
sim-001839,3,group_b,15655.93,0.5757,55.2,3,4511.3,6.0,1
sim-001840,3,group_a,32417.35,0.635,60.9,1,5982.31,3.3,1
sim-001841,3,group_a,28147.1,0.177,156.6,0,17809.62,15.9,0
sim-001842,3,group_a,39031.86,0.1408,89.0,2,6676.03,4.9,0
sim-001843,3,group_b,41832.17,0.4057,69.9,3,6279.27,5.2,0
sim-001844,3,group_a,34667.26,0.3543,91.8,1,10864.29,11.9,1
sim-001845,3,group_b,33998.38,0.3197,55.2,3,4967.48,6.7,0
sim-001846,3,group_a,56013.9,0.4602,85.2,1,8240.21,2.1,0
sim-001847,3,group_b,40644.71,0.494,36.8,1,16377.95,7.8,1
sim-001848,3,group_a,36439.13,0.2615,48.1,0,11290.35,7.4,1
sim-001849,3,group_b,38105.19,0.2774,52.2,0,9402.27,2.3,1
sim-001850,3,group_a,77425.65,0.2004,22.0,1,9214.13,2.7,0
sim-001851,3,group_b,38504.22,0.1561,106.1,1,6006.35,3.0,0
sim-001852,3,group_a,28851.91,0.599,105.2,3,4124.5,3.4,1
sim-001853,3,group_b,16062.14,0.3436,41.4,0,11190.21,7.0,0
sim-001854,3,group_b,19609.05,0.2438,28.7,1,7720.99,1.5,0
sim-001855,3,group_b,29432.33,0.3136,86.8,0,11269.73,3.6,1
sim-001856,3,group_a,34217.13,0.3655,43.7,2,17958.29,2.8,0
sim-001857,3,group_a,28357.28,0.2303,94.4,3,16330.7,4.6,0
sim-001858,3,group_a,41501.32,0.164,86.7,1,8045.49,1.2,0
sim-001859,3,group_a,28204.21,0.0768,115.4,2,8938.56,8.7,0
sim-001860,3,group_b,24389.66,0.2054,48.0,1,4811.46,6.2,0
sim-001861,3,group_b,46319.13,0.158,53.8,1,5710.01,3.0,1
sim-001862,3,group_b,63649.43,0.381,43.8,2,6453.18,5.2,1
sim-001863,3,group_a,22493.68,0.2942,23.4,0,9734.9,8.2,1
sim-001864,3,group_b,39670.4,0.6388,65.4,2,6905.83,2.8,1
sim-001865,3,group_b,16089.11,0.4784,127.6,1,8839.57,4.7,1
sim-001866,3,group_b,19277.5,0.1891,64.0,1,6875.76,5.0,1
sim-001867,3,group_a,27965.26,0.4332,44.0,1,5508.59,7.9,0
sim-001868,3,group_a,57679.8,0.4839,12.1,4,10910.18,11.4,0
sim-001869,3,group_b,25821.0,0.3166,46.9,2,9260.78,4.5,0
sim-001870,3,group_a,25418.63,0.3538,54.0,1,5684.68,8.6,0
sim-001871,3,group_a,36357.53,0.2177,86.0,1,9660.43,5.6,0
sim-001872,3,group_b,36372.75,0.1582,102.0,2,6314.95,2.2,0
sim-001873,3,group_b,25751.41,0.1056,26.6,0,12519.19,3.3,0
sim-001874,3,group_b,82471.91,0.1518,51.3,2,17591.51,6.7,0
sim-001875,3,group_b,32033.82,0.1263,75.4,0,6263.55,5.8,0
sim-001876,3,group_a,37560.4,0.1357,104.8,1,9238.12,14.3,0
sim-001877,3,group_a,30250.03,0.1549,50.0,1,10424.41,5.7,0
sim-001878,3,group_a,43078.88,0.1532,110.4,1,7534.19,1.8,0
sim-001879,3,group_a,60155.14,0.036,78.0,0,5294.18,7.9,0
sim-001880,3,group_a,72022.85,0.1964,67.9,0,8466.29,8.3,0
sim-001881,3,group_b,25999.91,0.1652,49.2,1,11156.8,3.6,0
sim-001882,3,group_a,56859.24,0.1798,80.8,0,3804.35,7.6,0
sim-001883,3,group_b,45110.3,0.4971,16.4,1,7026.23,14.7,1
sim-001884,3,group_a,53922.62,0.2109,22.4,0,13415.85,10.8,0
sim-001885,3,group_a,34455.04,0.3954,63.5,0,12941.87,2.5,0
sim-001886,3,group_a,33105.11,0.1133,95.6,1,4175.63,4.7,0
sim-001887,3,group_a,53050.53,0.3463,73.2,0,3715.98,6.4,0
sim-001888,3,group_b,53475.07,0.5303,69.5,0,13982.49,1.2,1
sim-001889,3,group_a,69120.22,0.0762,48.7,2,3146.19,9.3,0
sim-001890,3,group_a,38924.92,0.4295,75.4,2,5528.62,7.6,0
sim-001891,3,group_b,34238.15,0.2471,99.4,0,12247.16,2.4,0
sim-001892,3,group_a,12744.58,0.4536,69.8,2,15396.74,8.1,0
sim-001893,3,group_a,18201.71,0.4034,95.0,0,4782.84,8.3,0
sim-001894,3,group_a,30345.83,0.4898,12.2,1,9253.76,6.4,1
sim-001895,3,group_a,22551.46,0.4677,20.2,2,14349.55,9.7,0
sim-001896,3,group_b,50409.5,0.2327,70.7,0,6694.2,8.4,0
sim-001897,3,group_a,20656.62,0.282,85.5,3,6327.89,1.7,1
sim-001898,3,group_a,29011.63,0.0837,113.1,0,18732.68,3.5,0
sim-001899,3,group_a,29494.2,0.2863,105.2,2,7460.52,4.5,0
sim-001900,3,group_b,59396.59,0.534,166.9,0,2536.09,3.0,0
sim-001901,3,group_a,27737.48,0.5473,134.4,1,8674.16,7.2,1
sim-001902,3,group_b,43304.55,0.2923,49.4,0,10639.07,0.8,0
sim-001903,3,group_a,38878.5,0.6819,69.6,0,13832.02,2.4,1
sim-001904,3,group_b,52332.93,0.3931,32.7,0,11538.68,7.4,0
sim-001905,3,group_a,51179.29,0.1492,33.2,0,9920.16,6.6,1
sim-001906,3,group_a,35311.19,0.1491,40.5,2,5329.22,9.8,0
sim-001907,3,group_a,17563.12,0.5488,47.2,3,17628.56,21.4,0
sim-001908,3,group_b,32489.39,0.0704,30.2,0,7581.24,5.8,1
sim-001909,3,group_b,35511.74,0.4581,77.9,3,12212.58,3.8,1
sim-001910,3,group_a,40381.37,0.3604,46.4,1,12503.28,2.5,0
sim-001911,3,group_a,26271.15,0.167,87.4,2,10969.7,4.5,0
sim-001912,3,group_b,57825.11,0.8264,57.5,2,6701.94,4.3,1
sim-001913,3,group_a,36016.06,0.2666,40.0,2,16484.35,3.0,0
sim-001914,3,group_a,24328.19,0.2298,79.4,1,8527.49,4.3,1
sim-001915,3,group_a,29541.29,0.2675,207.1,1,9356.83,9.8,0
sim-001916,3,group_b,80498.02,0.3784,52.5,1,12161.79,1.8,1
sim-001917,3,group_b,47336.58,0.6129,104.0,2,7771.71,1.9,0
sim-001918,3,group_b,55622.98,0.1222,23.7,1,13751.81,12.3,0
sim-001919,3,group_b,23121.85,0.3045,60.5,2,9621.76,2.7,0
sim-001920,3,group_a,26814.32,0.3463,66.1,1,6703.19,7.8,0
sim-001921,3,group_a,26897.88,0.1353,115.8,0,10693.08,6.5,0
sim-001922,3,group_a,38694.21,0.3409,110.5,2,4934.39,4.9,0
sim-001923,3,group_a,33286.9,0.223,51.5,1,8824.97,3.7,0
sim-001924,3,group_a,29155.89,0.1365,113.4,1,7270.38,3.0,0
sim-001925,3,group_a,30732.95,0.5396,41.5,2,11676.29,6.3,1
sim-001926,3,group_a,25655.29,0.4881,66.9,1,11871.75,7.6,0
sim-001927,3,group_b,33205.39,0.2928,156.5,1,6009.97,5.0,0
sim-001928,3,group_a,57156.62,0.1829,45.6,0,5421.95,5.5,0
sim-001929,3,group_a,18967.48,0.2815,101.1,2,16221.08,6.6,0
sim-001930,3,group_b,41420.09,0.0567,45.1,1,18482.85,2.4,0
sim-001931,3,group_b,63936.07,0.5472,96.8,5,29778.7,2.7,1
sim-001932,3,group_b,33158.73,0.1321,74.4,0,6673.54,1.7,0
sim-001933,3,group_b,28677.61,0.2421,58.4,1,6070.72,14.8,0
sim-001934,3,group_b,52795.29,0.3355,30.7,0,4857.03,3.5,0
sim-001935,3,group_a,23685.7,0.6655,53.2,0,7404.74,6.2,1
sim-001936,3,group_a,35470.96,0.4104,88.1,2,3795.03,3.0,1
sim-001937,3,group_b,23138.78,0.3984,201.9,1,6504.99,4.9,0
sim-001938,3,group_a,16326.71,0.5455,86.8,1,8561.05,4.2,0
sim-001939,3,group_a,33596.15,0.2653,117.3,0,3525.04,4.2,0
sim-001940,3,group_a,21065.12,0.3555,58.1,1,8630.7,6.1,1
sim-001941,3,group_a,35635.53,0.269,60.5,0,13878.44,12.2,0
sim-001942,3,group_a,57200.19,0.6921,62.3,2,9706.31,2.7,0
sim-001943,3,group_a,78025.21,0.4269,171.7,0,12089.02,2.6,1
sim-001944,3,group_b,37245.35,0.1568,55.9,0,5408.02,8.5,0
sim-001945,3,group_b,54944.05,0.6388,38.0,5,3689.84,11.6,1
sim-001946,3,group_a,42343.25,0.1788,28.3,2,13949.13,8.0,0
sim-001947,3,group_b,30488.12,0.1122,45.7,0,9435.6,6.0,0
sim-001948,3,group_a,15956.06,0.5351,27.2,2,7470.64,6.6,0
sim-001949,3,group_b,70907.17,0.4366,83.0,1,7956.79,3.1,1
sim-001950,3,group_b,23048.99,0.3887,67.6,1,4766.47,3.4,0
sim-001951,3,group_a,64008.03,0.3572,90.2,3,9485.58,10.4,0
sim-001952,3,group_b,44867.06,0.4444,112.8,2,9339.29,14.6,0
sim-001953,3,group_b,23767.51,0.4261,43.3,1,9251.65,6.1,1
sim-001954,3,group_b,40824.57,0.2169,74.7,3,6467.8,3.3,0
sim-001955,3,group_b,87712.76,0.5538,67.0,1,9949.5,14.2,1
sim-001956,3,group_a,68252.82,0.5378,46.3,2,9487.36,5.5,1
sim-001957,3,group_a,28872.95,0.2064,45.6,1,9352.2,12.5,0
sim-001958,3,group_b,26554.86,0.4924,111.7,1,7909.98,2.8,0
sim-001959,3,group_b,37349.97,0.3023,71.5,1,7774.12,5.8,0
sim-001960,3,group_b,33405.78,0.4649,32.5,1,7057.17,4.9,1
sim-001961,3,group_a,59271.85,0.0711,94.2,0,8482.61,1.7,0
sim-001962,3,group_a,48855.75,0.5326,49.4,2,3886.02,8.3,0
sim-001963,3,group_a,17593.04,0.1472,72.2,1,8224.87,5.2,0
sim-001964,3,group_b,43418.62,0.2271,17.5,1,7283.55,4.5,0
sim-001965,3,group_a,33215.83,0.3155,49.5,1,18175.55,17.9,0
sim-001966,3,group_b,36373.12,0.2802,82.6,0,4705.44,3.1,0
sim-001967,3,group_b,39757.59,0.4021,38.3,1,4208.28,3.6,0
sim-001968,3,group_a,59246.75,0.1954,28.2,1,5780.29,3.7,0
sim-001969,3,group_a,53996.42,0.3456,48.9,0,9232.42,8.9,0
sim-001970,3,group_a,26137.02,0.3023,80.1,1,7149.91,2.6,0
sim-001971,3,group_b,34939.84,0.4897,107.3,3,3399.48,4.8,0
sim-001972,3,group_b,29661.97,0.0709,101.8,1,4204.65,1.3,0
sim-001973,3,group_a,17670.02,0.3123,95.7,2,14144.23,2.9,0
sim-001974,3,group_a,34202.85,0.3073,130.4,1,21656.49,13.5,0
sim-001975,3,group_a,77714.48,0.1755,110.0,0,10640.98,3.9,1
sim-001976,3,group_a,17447.33,0.13,84.8,1,7448.08,13.2,0
sim-001977,3,group_b,35450.55,0.3295,73.2,3,9004.39,5.9,1
sim-001978,3,group_b,34976.16,0.1618,67.7,1,5495.35,10.8,0
sim-001979,3,group_a,40410.66,0.2639,53.9,0,15477.64,2.7,0
sim-001980,3,group_b,23900.52,0.3206,62.8,1,17760.73,4.4,0
sim-001981,3,group_a,19681.88,0.0655,44.6,0,5602.03,4.1,0
sim-001982,3,group_b,20070.15,0.7612,93.8,0,10313.7,4.8,1
sim-001983,3,group_a,62629.53,0.3768,34.6,0,6448.3,7.3,0
sim-001984,3,group_b,23700.99,0.2135,96.6,0,10748.44,13.4,0
sim-001985,3,group_b,29032.87,0.305,194.4,0,6932.2,10.5,0
sim-001986,3,group_a,86677.16,0.1438,29.5,2,5560.2,2.2,1
sim-001987,3,group_b,26307.59,0.0672,93.3,0,9105.74,9.5,0
sim-001988,3,group_b,41349.18,0.1855,52.0,0,4058.21,10.8,0
sim-001989,3,group_a,55982.86,0.177,111.2,0,7986.71,2.0,0
sim-001990,3,group_a,54863.44,0.1899,77.1,1,7177.95,5.4,0
sim-001991,3,group_b,20470.46,0.5015,32.8,1,11042.74,2.1,1
sim-001992,3,group_a,26539.57,0.4314,68.4,3,8989.05,7.8,1
sim-001993,3,group_a,40659.71,0.1692,77.3,0,8215.45,1.0,0
sim-001994,3,group_a,80514.08,0.0483,57.0,0,12663.58,2.6,0
sim-001995,3,group_b,26008.16,0.4304,71.8,1,12011.15,5.7,1
sim-001996,3,group_a,29105.5,0.2966,55.4,4,12388.57,5.4,1
sim-001997,3,group_a,42711.4,0.514,56.5,3,4812.04,3.0,0
sim-001998,3,group_b,46455.79,0.5265,19.1,0,11320.54,3.5,1
sim-001999,3,group_a,47653.28,0.2319,26.5,1,17466.85,6.3,1
sim-002000,4,group_b,25400.66,0.1906,28.0,0,3545.1,10.4,0
sim-002001,4,group_a,28985.18,0.2119,43.6,1,4342.94,1.4,0
sim-002002,4,group_b,39676.35,0.3867,26.7,0,20211.62,5.1,0
sim-002003,4,group_b,61584.82,0.2551,33.6,1,9989.14,3.9,1
sim-002004,4,group_a,32788.62,0.1613,73.0,0,5958.8,3.9,0
sim-002005,4,group_b,35905.05,0.1728,89.9,0,4356.13,7.2,0
sim-002006,4,group_a,23555.39,0.1292,57.4,1,5840.15,9.1,0
sim-002007,4,group_a,79265.26,0.5916,71.7,2,2881.15,4.0,0
sim-002008,4,group_a,38668.88,0.633,74.4,2,9544.8,4.2,1
sim-002009,4,group_b,56991.48,0.1982,157.5,0,12687.89,1.6,0
sim-002010,4,group_a,36700.91,0.4632,26.2,2,16088.99,0.8,0
sim-002011,4,group_a,37564.4,0.1357,60.5,2,3231.28,8.6,1
sim-002012,4,group_a,19300.19,0.2658,27.3,1,10717.41,9.8,0
sim-002013,4,group_a,14686.44,0.3987,72.5,1,8415.48,6.6,1
sim-002014,4,group_a,61316.25,0.4468,34.5,2,11773.74,11.0,0
sim-002015,4,group_a,37450.84,0.3519,50.0,0,2416.75,2.9,0
sim-002016,4,group_a,39525.44,0.1541,26.0,2,7977.67,0.6,0
sim-002017,4,group_a,21448.23,0.5482,55.7,0,4698.06,8.0,0
sim-002018,4,group_b,24802.83,0.1164,57.9,2,4710.57,2.3,0
sim-002019,4,group_a,56622.79,0.3478,57.0,0,20032.45,6.2,0
sim-002020,4,group_b,75271.77,0.7467,94.5,1,18623.49,7.3,1
sim-002021,4,group_a,27919.06,0.1982,68.8,0,8925.7,3.3,0
sim-002022,4,group_a,48051.23,0.4086,44.0,0,2952.21,3.3,1
sim-002023,4,group_a,39254.07,0.3473,63.4,0,5777.56,4.5,0
sim-002024,4,group_a,34453.91,0.3855,46.3,1,20108.13,6.5,0
sim-002025,4,group_a,78891.03,0.3382,33.7,2,7338.05,1.3,1
sim-002026,4,group_b,29961.1,0.402,44.9,1,4533.77,3.5,0
sim-002027,4,group_a,61028.69,0.2895,38.3,1,8683.62,2.8,0
sim-002028,4,group_a,42539.9,0.3482,91.2,2,7741.23,3.1,1
sim-002029,4,group_b,35986.76,0.4352,117.4,0,4689.54,12.1,0
sim-002030,4,group_a,64488.82,0.62,64.1,0,5843.78,2.7,0
sim-002031,4,group_a,40939.74,0.402,37.2,1,4064.02,3.8,0
sim-002032,4,group_a,34804.45,0.2093,130.7,1,27460.02,2.8,1
sim-002033,4,group_a,64690.25,0.276,186.9,1,5344.55,4.2,0
sim-002034,4,group_a,61248.22,0.3516,22.3,1,6281.98,1.3,1
sim-002035,4,group_b,60043.5,0.2319,59.1,3,6819.14,4.5,0
sim-002036,4,group_b,7080.66,0.1096,41.1,0,11514.99,6.8,0
sim-002037,4,group_a,43602.69,0.2447,27.4,0,3054.29,4.9,0
sim-002038,4,group_b,39620.0,0.2473,77.0,4,7793.46,6.5,0
sim-002039,4,group_b,35716.12,0.1432,37.5,2,8674.71,5.2,0
sim-002040,4,group_a,46821.95,0.1957,35.7,0,10092.86,5.4,0
sim-002041,4,group_b,40434.31,0.034,107.6,3,8753.26,6.2,0
sim-002042,4,group_b,48179.03,0.2127,61.0,3,4789.96,7.5,0
sim-002043,4,group_b,32385.18,0.3164,94.4,1,7678.12,6.0,1
sim-002044,4,group_b,67998.16,0.2171,118.0,1,10586.82,3.8,0
sim-002045,4,group_a,50269.64,0.2354,189.7,1,8342.54,15.5,0
sim-002046,4,group_a,45517.91,0.7167,64.2,0,7774.21,3.8,0
sim-002047,4,group_a,44594.07,0.3769,125.4,0,16540.99,6.5,0
sim-002048,4,group_a,58927.21,0.3119,88.9,2,12182.61,4.2,1
sim-002049,4,group_a,55665.11,0.3329,73.4,3,5816.5,3.9,1
sim-002050,4,group_b,34566.34,0.268,72.1,1,6966.94,5.8,0
sim-002051,4,group_a,54936.34,0.2439,77.4,1,9901.59,2.3,1
sim-002052,4,group_a,38991.62,0.2238,63.1,1,4654.27,16.9,0
sim-002053,4,group_b,81073.32,0.1391,28.2,0,8114.08,8.1,0
sim-002054,4,group_a,57471.57,0.4978,41.1,1,9984.15,5.3,0
sim-002055,4,group_a,27868.27,0.1657,17.6,3,4753.96,3.6,0
sim-002056,4,group_b,96461.43,0.3859,84.6,3,12278.26,9.6,0
sim-002057,4,group_a,14990.07,0.0412,27.0,1,12260.45,4.9,0
sim-002058,4,group_a,47367.38,0.2209,35.1,2,2933.37,4.7,0
sim-002059,4,group_a,27053.62,0.3612,39.8,0,10303.59,0.4,0
sim-002060,4,group_b,79898.77,0.4193,64.3,6,17213.7,4.0,1
sim-002061,4,group_a,40302.89,0.1041,86.9,1,8099.67,3.8,0
sim-002062,4,group_a,25967.63,0.2383,77.6,0,4232.44,2.0,1
sim-002063,4,group_a,32405.14,0.4532,100.5,1,10984.22,2.2,0
sim-002064,4,group_a,26853.43,0.1261,106.9,0,6202.46,12.3,0
sim-002065,4,group_b,31874.88,0.141,80.9,2,10679.57,3.4,0
sim-002066,4,group_a,31570.17,0.1773,52.0,1,11333.92,2.1,0
sim-002067,4,group_b,26436.86,0.3904,26.6,1,4491.53,4.7,0
sim-002068,4,group_a,40596.08,0.3263,47.8,1,9090.85,7.4,0
sim-002069,4,group_a,42715.37,0.3607,39.3,2,4933.75,4.4,1
sim-002070,4,group_b,23850.28,0.1345,66.8,0,4274.27,8.0,0
sim-002071,4,group_a,18061.31,0.0849,101.1,1,11805.3,11.7,0
sim-002072,4,group_a,41299.34,0.5978,47.0,1,8517.43,4.9,1
sim-002073,4,group_b,45315.6,0.1796,179.3,1,2264.42,3.8,0
sim-002074,4,group_a,49251.3,0.0737,38.9,0,11213.62,14.6,0
sim-002075,4,group_a,45683.54,0.2102,56.6,1,4499.09,9.0,1
sim-002076,4,group_b,70160.52,0.4143,37.0,2,8149.23,8.5,0
sim-002077,4,group_a,55092.48,0.4269,43.3,0,6580.02,2.8,0
sim-002078,4,group_a,111695.07,0.5392,71.7,1,13091.73,3.7,1
sim-002079,4,group_a,133288.58,0.1398,63.4,1,10480.87,10.2,0
sim-002080,4,group_a,17319.65,0.4303,85.2,0,9216.56,1.1,0
sim-002081,4,group_a,14403.14,0.0827,85.7,1,10762.91,10.9,1
sim-002082,4,group_b,36130.61,0.0786,103.5,1,7657.24,6.5,0
sim-002083,4,group_a,44791.68,0.3496,75.5,1,12448.48,2.1,0
sim-002084,4,group_b,35106.03,0.301,54.4,2,9351.4,1.4,0
sim-002085,4,group_a,48703.38,0.5193,56.4,2,13015.81,6.5,1
sim-002086,4,group_a,32354.17,0.1272,71.1,0,16636.07,9.0,0
sim-002087,4,group_a,27079.73,0.6068,62.2,3,13980.89,2.1,0
sim-002088,4,group_b,28853.48,0.4218,70.4,1,8373.23,6.8,1
sim-002089,4,group_a,33320.54,0.3913,28.4,1,17945.66,5.6,1
sim-002090,4,group_a,51651.53,0.1078,52.4,1,5704.5,3.4,0
sim-002091,4,group_b,29542.02,0.4302,20.1,0,7853.57,4.4,0
sim-002092,4,group_a,32100.7,0.5502,135.6,1,10566.88,3.9,1
sim-002093,4,group_a,46050.37,0.2363,65.1,1,7053.23,8.0,0
sim-002094,4,group_b,33339.75,0.6071,90.7,0,12635.22,2.4,1
sim-002095,4,group_a,57931.61,0.1047,94.0,0,8220.51,1.2,0
sim-002096,4,group_a,24632.14,0.1274,117.1,1,3541.35,3.2,0
sim-002097,4,group_a,22487.78,0.1493,69.2,1,4273.71,9.3,0
sim-002098,4,group_a,41189.73,0.0844,46.4,1,12800.46,3.2,0
sim-002099,4,group_a,42950.4,0.5572,71.6,2,5006.21,16.0,0
sim-002100,4,group_b,25202.97,0.0942,99.6,1,8302.42,3.0,0
sim-002101,4,group_a,63723.59,0.1686,45.1,1,6434.27,2.7,0
sim-002102,4,group_b,81346.53,0.1204,55.2,2,10319.36,7.5,0
sim-002103,4,group_b,27842.01,0.5233,43.6,4,7924.66,11.0,1
sim-002104,4,group_b,67688.14,0.3998,61.7,1,5218.5,4.6,0
sim-002105,4,group_b,13326.43,0.1605,91.5,2,3852.78,13.4,0
sim-002106,4,group_b,56952.17,0.1567,73.0,0,12320.83,4.8,1
sim-002107,4,group_b,25279.26,0.5304,45.9,2,7301.82,4.6,1
sim-002108,4,group_a,54608.81,0.2704,92.0,2,3958.37,4.3,0
sim-002109,4,group_a,24203.78,0.1862,36.7,1,9059.4,7.2,0
sim-002110,4,group_a,35215.28,0.568,142.7,2,9542.56,6.2,0
sim-002111,4,group_a,25790.24,0.0535,128.9,0,6762.61,7.9,0
sim-002112,4,group_a,33129.19,0.1085,149.1,1,7714.36,3.4,0
sim-002113,4,group_b,78164.28,0.1354,45.1,0,13633.85,3.8,0
sim-002114,4,group_a,34636.6,0.1537,37.1,0,8343.91,2.8,0
sim-002115,4,group_b,87932.67,0.1855,110.6,1,3842.79,1.9,0
sim-002116,4,group_a,30821.22,0.2212,125.8,1,8315.89,4.6,0
sim-002117,4,group_a,67815.17,0.5285,79.0,2,13196.17,12.7,1
sim-002118,4,group_a,18310.12,0.2941,150.9,0,4165.0,5.1,0
sim-002119,4,group_a,32133.88,0.0893,36.3,1,11582.55,5.4,0
sim-002120,4,group_a,28935.77,0.2588,110.4,1,7763.43,11.1,1
sim-002121,4,group_a,69136.38,0.128,82.5,0,3833.31,3.3,0
sim-002122,4,group_a,39175.41,0.1628,33.0,2,12693.47,2.9,0
sim-002123,4,group_a,15078.2,0.5607,118.3,0,5428.06,7.2,1
sim-002124,4,group_a,20905.04,0.3596,32.2,3,8056.85,5.2,0
sim-002125,4,group_a,23687.0,0.5526,96.1,3,9421.7,1.9,1
sim-002126,4,group_a,53653.45,0.2558,117.1,2,8488.5,6.7,1
sim-002127,4,group_a,50822.94,0.0662,23.8,0,5528.14,6.1,1
sim-002128,4,group_a,31946.96,0.1178,116.0,0,14639.92,4.1,0
sim-002129,4,group_a,28785.47,0.5417,61.4,2,5213.65,4.2,0
sim-002130,4,group_a,48966.08,0.4542,56.8,2,6696.94,2.6,0
sim-002131,4,group_b,22552.48,0.3886,51.8,0,12302.31,1.2,0
sim-002132,4,group_b,43924.21,0.4698,159.2,3,7557.61,10.2,0
sim-002133,4,group_b,42381.09,0.3719,83.8,1,6700.18,5.1,1
sim-002134,4,group_a,32295.15,0.2791,45.4,2,6818.67,7.7,1
sim-002135,4,group_a,42831.31,0.2901,141.4,1,3146.88,7.6,0
sim-002136,4,group_a,37830.83,0.0805,125.1,0,12953.71,4.1,0
sim-002137,4,group_b,44663.69,0.3568,79.0,1,4341.14,0.0,1
sim-002138,4,group_b,20695.61,0.1916,81.8,0,7888.87,0.4,1
sim-002139,4,group_b,46914.91,0.0236,24.6,1,2521.97,1.5,0
sim-002140,4,group_b,55780.11,0.24,52.4,2,8338.28,11.2,0
sim-002141,4,group_a,41473.07,0.3259,40.7,2,4147.66,6.2,0
sim-002142,4,group_b,46653.85,0.2958,69.3,0,3361.42,4.3,0
sim-002143,4,group_b,34607.78,0.6319,55.0,2,4831.1,7.6,1
sim-002144,4,group_a,52699.42,0.4048,64.0,1,3422.32,7.0,0
sim-002145,4,group_b,37249.87,0.4934,75.9,3,7283.27,3.1,0
sim-002146,4,group_a,22378.69,0.6056,24.0,1,7991.91,6.3,0
sim-002147,4,group_b,51148.62,0.1867,43.5,1,7348.68,8.6,0
sim-002148,4,group_b,18245.22,0.5265,97.7,2,5550.74,9.4,0
sim-002149,4,group_a,40813.47,0.1702,54.8,0,11854.27,2.6,0
sim-002150,4,group_b,30841.81,0.1566,90.1,0,6858.67,2.2,1
sim-002151,4,group_a,30025.05,0.3365,136.9,3,13735.97,7.7,1
sim-002152,4,group_b,38957.84,0.2815,104.0,0,2598.52,16.4,0
sim-002153,4,group_b,26905.85,0.5735,30.8,3,8675.42,1.1,1
sim-002154,4,group_b,44941.93,0.197,19.4,1,8588.27,2.9,1
sim-002155,4,group_b,37117.9,0.1801,71.0,4,5190.01,14.0,0
sim-002156,4,group_a,27965.77,0.2199,45.5,0,13414.37,12.0,0
sim-002157,4,group_a,63578.8,0.0635,69.9,1,7520.8,8.7,0
sim-002158,4,group_a,39498.13,0.061,46.7,2,8149.96,3.7,0
sim-002159,4,group_a,47237.17,0.2817,31.5,2,9257.01,16.9,0
sim-002160,4,group_a,65707.43,0.625,113.1,2,19222.23,6.6,1
sim-002161,4,group_a,65256.11,0.0967,73.3,1,6234.75,4.2,0
sim-002162,4,group_a,46235.81,0.3099,51.1,2,8305.83,13.9,0
sim-002163,4,group_a,31916.66,0.5732,68.8,1,13817.67,6.1,0
sim-002164,4,group_b,19881.09,0.1592,192.3,0,7137.21,8.3,0
sim-002165,4,group_a,39529.8,0.1873,14.8,0,13014.38,6.3,0
sim-002166,4,group_b,57395.74,0.432,60.7,1,7609.25,10.2,0
sim-002167,4,group_a,42058.31,0.3465,54.8,0,9121.0,4.5,0
sim-002168,4,group_a,8529.4,0.1691,55.9,0,7054.36,10.3,1
sim-002169,4,group_a,52230.72,0.2773,129.1,3,6540.31,5.5,0
sim-002170,4,group_a,53596.0,0.3929,47.3,0,7674.73,13.4,0
sim-002171,4,group_a,31935.92,0.5088,20.4,0,5090.72,3.0,1
sim-002172,4,group_a,54891.4,0.1886,64.2,0,5166.41,6.3,0
sim-002173,4,group_a,47180.95,0.146,90.3,1,7113.3,7.5,1
sim-002174,4,group_a,27175.94,0.3973,53.5,0,7798.75,10.9,1
sim-002175,4,group_a,61817.79,0.6166,136.0,2,10515.5,5.2,0
sim-002176,4,group_a,21282.91,0.3987,62.9,1,6332.61,3.8,0
sim-002177,4,group_b,35381.96,0.3729,94.1,2,16073.15,6.6,1
sim-002178,4,group_a,33930.14,0.0637,145.7,0,4218.25,9.8,0
sim-002179,4,group_b,25624.8,0.1858,51.6,0,4996.41,6.8,0
sim-002180,4,group_b,41175.28,0.163,89.4,1,9272.8,2.2,0
sim-002181,4,group_b,62840.49,0.3061,69.1,0,14611.18,11.5,0
sim-002182,4,group_b,61209.13,0.5479,101.0,3,5352.4,5.7,0
sim-002183,4,group_a,49115.94,0.3939,68.4,1,16319.0,4.4,0
sim-002184,4,group_a,17777.92,0.5185,56.7,1,11243.75,6.7,0
sim-002185,4,group_a,20679.54,0.5252,110.7,1,9858.44,6.8,0
sim-002186,4,group_b,38862.73,0.6019,65.1,0,9763.55,6.3,0
sim-002187,4,group_b,35725.55,0.123,103.1,2,9623.69,6.0,0
sim-002188,4,group_a,29401.66,0.2204,129.4,0,6064.99,3.2,1
sim-002189,4,group_b,80679.17,0.311,107.4,1,6037.72,5.4,1
sim-002190,4,group_a,37890.71,0.2531,33.1,0,6031.18,3.6,1
sim-002191,4,group_a,45515.73,0.3656,57.2,0,6120.57,5.0,0
sim-002192,4,group_b,54880.61,0.3462,63.9,3,10740.2,9.4,1
sim-002193,4,group_a,37089.25,0.3084,97.2,1,14264.28,5.9,0
sim-002194,4,group_b,107607.55,0.1853,71.0,1,4640.26,2.1,1
sim-002195,4,group_b,24417.21,0.0876,127.0,0,4935.09,4.1,0
sim-002196,4,group_a,28097.89,0.1711,49.9,3,15167.3,9.3,1
sim-002197,4,group_a,24392.07,0.1421,109.3,2,7456.07,7.1,0
sim-002198,4,group_a,69864.75,0.2032,81.5,1,10691.05,3.7,0
sim-002199,4,group_b,50760.62,0.2278,56.8,0,6278.89,0.2,1
sim-002200,4,group_a,28838.2,0.2864,81.3,2,19924.97,8.3,0
sim-002201,4,group_b,25214.43,0.1422,171.5,0,8130.42,11.4,0
sim-002202,4,group_b,64838.45,0.2643,77.8,4,11507.54,5.5,1
sim-002203,4,group_a,42188.75,0.3278,65.1,3,12211.4,3.8,0
sim-002204,4,group_a,65537.35,0.2403,89.3,2,3435.24,3.9,0
sim-002205,4,group_b,35338.82,0.2876,73.2,2,3330.04,14.8,0
sim-002206,4,group_b,44929.27,0.4547,55.6,6,5831.77,4.4,1
sim-002207,4,group_a,41113.66,0.4722,61.1,2,7919.34,7.4,1
sim-002208,4,group_a,27885.81,0.3202,10.4,2,7767.44,1.5,0
sim-002209,4,group_a,34113.87,0.3551,160.2,1,12857.03,6.8,1
sim-002210,4,group_b,22039.52,0.1715,110.9,0,4800.01,12.7,0
sim-002211,4,group_a,44601.59,0.3336,23.8,1,4620.61,4.6,0
sim-002212,4,group_b,49897.41,0.2031,45.1,0,4888.4,2.1,1
sim-002213,4,group_a,54932.9,0.3092,56.1,1,13585.11,9.0,0
sim-002214,4,group_b,47951.67,0.7734,86.1,3,11369.12,10.2,1
sim-002215,4,group_a,34342.94,0.4548,91.0,1,4079.19,7.0,0
sim-002216,4,group_a,69551.84,0.6031,63.4,5,11237.63,1.3,1
sim-002217,4,group_b,52721.02,0.5763,48.8,0,5905.36,1.8,0
sim-002218,4,group_b,64938.08,0.3352,31.0,1,3881.51,0.3,0
sim-002219,4,group_a,66672.0,0.4582,89.5,2,7621.46,7.5,0
sim-002220,4,group_a,34380.61,0.1665,43.2,1,7373.75,7.4,0
sim-002221,4,group_a,42655.41,0.3629,88.8,0,11452.89,6.4,0
sim-002222,4,group_a,50177.27,0.2678,126.4,0,7389.16,4.5,0
sim-002223,4,group_a,22367.41,0.0823,75.5,3,13748.27,8.1,0
sim-002224,4,group_b,22576.65,0.4808,38.8,3,14576.62,2.8,1
sim-002225,4,group_a,21000.24,0.6222,14.4,1,5890.27,11.6,1
sim-002226,4,group_b,34634.24,0.2298,30.2,0,7110.88,4.0,1
sim-002227,4,group_a,31508.32,0.1982,119.7,0,12727.25,4.1,0
sim-002228,4,group_a,19831.33,0.4037,180.3,0,7948.41,3.4,0
sim-002229,4,group_b,38589.31,0.5663,32.9,1,12927.21,8.3,0
sim-002230,4,group_a,34816.27,0.0881,80.1,0,13161.77,12.8,1
sim-002231,4,group_b,59548.17,0.1919,97.3,0,3462.3,7.5,0
sim-002232,4,group_a,84410.85,0.4146,112.8,1,10290.39,3.3,0
sim-002233,4,group_b,43901.74,0.156,225.6,1,9644.51,2.3,0
sim-002234,4,group_b,27049.27,0.2515,18.1,0,9804.68,7.4,0
sim-002235,4,group_b,47554.15,0.1095,43.2,4,9389.19,2.0,0
sim-002236,4,group_a,36384.83,0.4319,38.8,1,9303.18,6.3,1
sim-002237,4,group_a,32766.02,0.2497,135.8,0,19497.72,4.0,1
sim-002238,4,group_a,25238.54,0.3087,98.2,3,9703.63,3.2,0
sim-002239,4,group_a,29822.77,0.2226,128.8,0,6336.53,9.0,1
sim-002240,4,group_a,33635.18,0.1985,39.6,3,6523.97,5.3,1
sim-002241,4,group_a,50803.5,0.4786,147.1,0,7020.14,3.5,0
sim-002242,4,group_a,44919.66,0.3917,86.5,5,15007.59,5.7,1
sim-002243,4,group_a,78021.68,0.1004,44.5,1,4714.07,3.6,0
sim-002244,4,group_a,48108.88,0.4846,80.8,3,17031.09,6.0,1
sim-002245,4,group_a,43312.82,0.056,89.4,2,8839.77,5.3,0
sim-002246,4,group_a,31868.82,0.4137,82.4,1,2743.01,6.3,1
sim-002247,4,group_b,23441.55,0.2073,117.1,1,15457.02,15.9,0
sim-002248,4,group_a,28528.1,0.1197,76.0,0,12021.02,8.0,0
sim-002249,4,group_a,27012.84,0.2103,60.5,1,6722.49,1.9,0
sim-002250,4,group_a,12362.45,0.2269,41.4,1,8891.2,11.9,0
sim-002251,4,group_b,23727.14,0.2548,94.7,1,12761.13,12.7,0
sim-002252,4,group_a,71035.01,0.3636,92.8,0,14485.22,0.8,0
sim-002253,4,group_b,42311.41,0.1832,49.3,1,7513.16,1.6,0
sim-002254,4,group_b,30941.7,0.2756,77.8,1,15868.91,4.3,0
sim-002255,4,group_a,42845.74,0.3398,55.2,3,7381.24,3.6,0
sim-002256,4,group_b,15955.68,0.1067,50.3,3,14710.01,6.3,0
sim-002257,4,group_b,40801.78,0.5622,152.1,2,3656.48,1.3,1
sim-002258,4,group_a,61978.74,0.431,49.3,1,17366.89,2.5,0
sim-002259,4,group_a,34445.42,0.3886,152.4,0,3375.92,11.2,0
sim-002260,4,group_b,17218.93,0.0667,91.8,1,5449.87,1.2,0
sim-002261,4,group_b,30459.25,0.0597,97.2,0,13509.36,3.0,0
sim-002262,4,group_a,62024.83,0.6515,43.5,1,8512.34,3.1,1
sim-002263,4,group_a,40401.59,0.1347,134.2,0,11546.51,17.8,1
sim-002264,4,group_a,19976.46,0.325,40.8,0,4469.8,5.3,0
sim-002265,4,group_a,97968.79,0.2213,79.4,0,5319.03,3.3,0
sim-002266,4,group_b,21405.44,0.5349,188.9,1,7002.93,2.6,1
sim-002267,4,group_a,32727.52,0.5311,68.8,1,3717.43,4.0,0
sim-002268,4,group_b,23442.31,0.3353,53.8,1,14273.41,3.3,0
sim-002269,4,group_b,23455.94,0.5357,56.8,1,7827.17,3.9,1
sim-002270,4,group_b,29974.33,0.5244,54.4,5,4586.09,5.0,1
sim-002271,4,group_b,47343.42,0.0936,47.9,0,7861.61,7.7,0
sim-002272,4,group_b,62319.1,0.3294,111.6,1,8066.15,4.3,1
sim-002273,4,group_b,30816.62,0.1732,93.5,0,10346.56,3.3,0
sim-002274,4,group_b,23712.08,0.1211,67.7,0,7620.93,4.7,0
sim-002275,4,group_a,44312.78,0.4188,77.6,3,5516.52,0.9,1
sim-002276,4,group_a,44861.92,0.3007,27.1,0,7269.68,4.1,0
sim-002277,4,group_a,40093.04,0.44,22.5,1,23152.23,5.4,0
sim-002278,4,group_b,40692.97,0.0652,83.2,2,9608.34,9.6,1
sim-002279,4,group_b,34569.33,0.269,46.5,1,4987.16,2.6,0
sim-002280,4,group_a,37768.22,0.5792,116.7,2,13379.96,4.5,1
sim-002281,4,group_a,33580.69,0.2668,40.4,2,26025.79,14.5,0
sim-002282,4,group_a,56811.97,0.3177,17.5,0,10554.34,5.8,0
sim-002283,4,group_b,92406.54,0.0798,30.7,1,7865.08,4.1,1
sim-002284,4,group_a,39083.45,0.314,81.5,1,3865.21,4.1,0
sim-002285,4,group_a,36143.04,0.0778,30.4,1,7722.85,7.2,0
sim-002286,4,group_b,40354.64,0.4937,70.6,1,4373.34,6.1,0
sim-002287,4,group_b,27492.62,0.2856,28.4,1,9385.37,6.6,0
sim-002288,4,group_a,49975.64,0.1733,50.3,1,2852.35,3.1,0
sim-002289,4,group_a,43621.01,0.6608,68.4,2,10802.6,5.3,1
sim-002290,4,group_b,30375.83,0.4429,88.8,2,3346.16,12.0,0
sim-002291,4,group_b,52937.54,0.3563,46.4,2,8462.89,3.6,0
sim-002292,4,group_b,36533.16,0.3264,55.3,1,17670.33,1.7,1
sim-002293,4,group_a,24114.68,0.1574,41.2,1,5077.15,4.0,0
sim-002294,4,group_a,42010.46,0.6468,50.4,0,5818.1,3.8,0
sim-002295,4,group_a,40036.1,0.1678,65.3,4,9729.96,4.6,0
sim-002296,4,group_b,54250.94,0.1783,76.2,1,6170.54,11.4,0
sim-002297,4,group_a,51392.61,0.2909,89.0,0,14702.56,5.4,0
sim-002298,4,group_a,34617.86,0.2757,73.7,1,7051.86,11.1,0
sim-002299,4,group_b,29724.4,0.2717,42.2,2,13155.58,1.6,0
sim-002300,4,group_b,36269.5,0.4858,67.2,0,10292.2,2.5,0
sim-002301,4,group_b,42217.48,0.2117,144.8,2,8310.06,3.9,0
sim-002302,4,group_a,44408.09,0.0573,33.5,1,8701.19,13.9,0
sim-002303,4,group_a,41134.12,0.5263,78.9,0,9680.73,8.9,0
sim-002304,4,group_a,34887.36,0.3801,133.4,1,6699.77,2.5,0
sim-002305,4,group_a,55086.68,0.3873,63.2,1,14573.0,5.4,0
sim-002306,4,group_a,27304.13,0.6915,14.3,1,4264.01,3.2,0
sim-002307,4,group_a,102677.62,0.22,76.9,0,18114.34,9.4,0
sim-002308,4,group_b,49935.61,0.3529,61.3,0,4266.96,1.5,0
sim-002309,4,group_b,22571.79,0.1122,90.4,0,13569.78,2.4,1
sim-002310,4,group_b,39175.09,0.5224,72.9,3,21408.68,3.4,0
sim-002311,4,group_a,50137.63,0.2839,50.2,1,19233.58,10.1,0
sim-002312,4,group_a,31296.61,0.126,42.9,0,2909.38,4.9,0
sim-002313,4,group_a,19342.1,0.2716,115.9,1,8292.48,4.6,0
sim-002314,4,group_a,23425.8,0.4195,37.3,0,8213.61,1.9,1
sim-002315,4,group_a,45509.62,0.3675,99.2,1,18196.68,3.9,0
sim-002316,4,group_a,17345.03,0.2012,42.0,2,4091.65,7.2,1
sim-002317,4,group_b,19717.76,0.5007,60.1,2,7960.87,6.7,0
sim-002318,4,group_a,45409.23,0.3701,17.5,2,5058.46,5.3,1
sim-002319,4,group_b,33008.8,0.2484,190.3,1,9018.66,6.6,0
sim-002320,4,group_a,27058.93,0.3241,26.8,0,6170.91,5.5,0
sim-002321,4,group_a,29443.03,0.5442,90.5,1,8827.3,1.6,1
sim-002322,4,group_a,19540.77,0.3154,131.1,0,6741.55,7.6,0
sim-002323,4,group_a,44421.13,0.4167,50.6,1,3930.42,4.3,1
sim-002324,4,group_a,25828.96,0.1761,85.0,1,13249.84,7.3,0
sim-002325,4,group_b,28940.12,0.1104,73.3,0,2967.26,7.2,0
sim-002326,4,group_a,41925.51,0.5155,78.9,4,8733.72,7.0,1
sim-002327,4,group_a,32539.71,0.5551,65.6,2,6922.16,4.0,0
sim-002328,4,group_a,26958.28,0.428,49.7,1,11280.96,9.1,0
sim-002329,4,group_a,15716.02,0.0702,128.2,2,23958.18,5.0,0
sim-002330,4,group_b,42290.55,0.1586,107.1,1,3226.62,10.7,0
sim-002331,4,group_a,37465.55,0.5504,50.2,1,5925.36,10.5,1
sim-002332,4,group_b,29164.2,0.175,79.1,0,7253.16,7.5,0
sim-002333,4,group_a,23442.18,0.4101,145.6,1,5554.96,5.4,1
sim-002334,4,group_a,36437.74,0.5781,72.4,1,11514.47,3.3,1
sim-002335,4,group_b,44346.9,0.0406,58.7,0,7974.84,4.9,0
sim-002336,4,group_b,37762.01,0.1905,12.9,1,5603.36,0.9,0
sim-002337,4,group_a,72112.85,0.2007,68.0,3,4863.64,5.5,0
sim-002338,4,group_a,48727.81,0.2447,88.1,4,2891.48,7.6,0
sim-002339,4,group_a,34646.12,0.1692,69.2,1,11046.44,4.3,0
sim-002340,4,group_a,49418.35,0.252,32.8,3,5893.3,6.9,1
sim-002341,4,group_a,36991.3,0.4573,38.1,1,20679.07,11.1,0
sim-002342,4,group_b,36937.44,0.4709,96.8,1,15083.46,4.8,0
sim-002343,4,group_a,62471.94,0.4072,26.3,1,7000.97,9.1,0
sim-002344,4,group_b,24855.04,0.3208,71.0,2,7578.4,2.3,1
sim-002345,4,group_a,36599.51,0.42,85.4,0,5223.34,3.9,0
sim-002346,4,group_b,59735.29,0.6714,73.1,1,7426.85,2.9,0
sim-002347,4,group_b,41265.25,0.5449,33.0,1,6422.04,7.7,0
sim-002348,4,group_a,31038.94,0.5536,18.4,3,7767.61,2.3,1
sim-002349,4,group_a,17701.65,0.6957,27.2,1,12133.44,4.2,1
sim-002350,4,group_a,13967.02,0.5479,74.9,1,21440.6,7.4,0
sim-002351,4,group_b,86681.53,0.4517,19.2,1,5754.35,3.7,0
sim-002352,4,group_a,41256.95,0.1568,58.3,0,3626.32,1.2,0
sim-002353,4,group_a,28358.7,0.119,97.6,1,6903.0,5.3,0
sim-002354,4,group_a,41972.58,0.245,101.5,1,8337.68,3.2,0
sim-002355,4,group_b,24342.45,0.4475,57.7,0,10485.07,4.4,0
sim-002356,4,group_a,31536.33,0.4318,89.1,1,13914.35,6.4,1
sim-002357,4,group_a,24411.39,0.2256,41.2,0,3909.29,7.4,0
sim-002358,4,group_b,20018.76,0.1444,95.3,0,9308.24,1.3,1
sim-002359,4,group_a,14971.54,0.1674,90.4,0,20719.04,3.9,0
sim-002360,4,group_b,18526.99,0.5003,61.0,0,9606.55,3.6,1
sim-002361,4,group_a,55655.76,0.1967,42.5,0,4604.72,7.1,0
sim-002362,4,group_a,23944.87,0.3252,58.0,1,3710.46,6.7,0
sim-002363,4,group_b,45372.19,0.1711,69.1,1,7339.95,6.4,0
sim-002364,4,group_b,54165.09,0.2773,15.4,2,17558.75,6.7,0
sim-002365,4,group_b,36496.2,0.1926,108.1,0,7618.77,4.6,0
sim-002366,4,group_a,31971.55,0.4295,51.9,3,5494.56,3.1,1
sim-002367,4,group_a,38325.46,0.3444,88.8,1,4468.69,7.7,1
sim-002368,4,group_a,30424.99,0.1674,52.6,1,22253.66,1.2,1
sim-002369,4,group_a,60092.59,0.4642,87.6,3,2837.23,2.0,0
sim-002370,4,group_a,79709.51,0.0784,47.2,2,6592.25,4.3,0
sim-002371,4,group_a,66630.72,0.4732,127.7,2,4552.9,16.7,0
sim-002372,4,group_a,14681.5,0.3224,111.7,1,7434.39,2.8,1
sim-002373,4,group_a,30165.34,0.3446,63.7,0,7643.71,19.2,0
sim-002374,4,group_a,36306.31,0.3696,28.7,3,12389.85,5.3,1
sim-002375,4,group_a,44023.74,0.1687,49.5,1,3832.22,12.5,0
sim-002376,4,group_b,17545.06,0.256,75.0,2,7993.3,3.0,0
sim-002377,4,group_b,17426.61,0.1978,112.3,2,3448.86,1.5,1
sim-002378,4,group_a,62746.1,0.1128,38.3,0,3384.16,0.7,0
sim-002379,4,group_b,28657.48,0.0959,90.7,1,6859.85,5.1,0
sim-002380,4,group_b,19405.06,0.1243,73.8,1,10097.35,1.8,0
sim-002381,4,group_a,22798.98,0.2428,52.4,4,11597.03,2.4,0
sim-002382,4,group_a,42701.93,0.3506,64.8,0,10436.33,7.2,0
sim-002383,4,group_a,25655.93,0.2708,41.5,3,7907.8,0.4,0
sim-002384,4,group_a,40114.08,0.5,84.6,1,9441.33,12.3,0
sim-002385,4,group_b,24027.02,0.4225,70.3,2,6511.62,0.8,0
sim-002386,4,group_b,17421.07,0.4378,48.9,1,5083.14,5.9,0
sim-002387,4,group_a,65922.8,0.1396,142.0,1,5201.02,14.8,0
sim-002388,4,group_b,42840.52,0.5659,87.3,2,7182.48,5.2,1
sim-002389,4,group_a,31502.58,0.4095,84.3,0,5452.62,1.0,0
sim-002390,4,group_b,29115.56,0.1227,63.7,1,18567.96,15.9,0
sim-002391,4,group_b,67054.31,0.2216,70.3,0,5856.94,9.4,0
sim-002392,4,group_a,46464.44,0.4898,36.2,0,3057.03,7.6,0
sim-002393,4,group_a,58668.69,0.0766,51.4,0,11466.22,6.7,0
sim-002394,4,group_b,28363.24,0.3998,96.0,1,11649.53,14.8,0
sim-002395,4,group_b,37022.46,0.314,93.6,0,8451.31,1.7,0
sim-002396,4,group_a,42912.72,0.4015,36.5,2,8159.59,4.5,1
sim-002397,4,group_a,28766.62,0.385,41.5,2,7132.88,3.4,1
sim-002398,4,group_a,34817.54,0.0767,87.8,0,6973.92,8.8,0
sim-002399,4,group_a,28364.22,0.5358,88.7,3,7340.34,14.4,1
sim-002400,4,group_b,42856.17,0.3354,43.0,1,8191.44,5.3,0
sim-002401,4,group_b,20806.37,0.4391,96.6,2,7138.32,7.2,1
sim-002402,4,group_b,46084.29,0.0914,43.7,1,3166.9,5.0,0
sim-002403,4,group_b,41295.12,0.236,60.1,3,4677.85,8.5,0
sim-002404,4,group_b,33276.62,0.1367,62.7,1,8779.08,2.6,0
sim-002405,4,group_a,43774.08,0.5989,93.7,2,4612.38,8.3,1
sim-002406,4,group_a,31092.6,0.5111,106.0,1,5129.06,9.1,0
sim-002407,4,group_a,27352.0,0.1723,53.1,1,11375.03,5.9,0
sim-002408,4,group_a,45540.85,0.3818,81.7,0,3421.16,3.3,0
sim-002409,4,group_b,46376.4,0.0895,156.1,0,4678.06,7.1,0
sim-002410,4,group_b,29288.39,0.1766,115.8,2,10707.43,3.5,0
sim-002411,4,group_b,28251.96,0.4814,37.8,1,5383.43,12.9,0
sim-002412,4,group_a,33562.05,0.0571,66.5,0,7546.62,7.7,0
sim-002413,4,group_a,28743.23,0.2747,75.5,2,2096.06,2.7,1
sim-002414,4,group_a,68771.87,0.2845,63.0,1,12826.76,1.9,1
sim-002415,4,group_a,41395.18,0.5391,68.7,2,12771.34,3.4,1
sim-002416,4,group_a,36465.87,0.1932,90.5,1,7857.97,4.9,0
sim-002417,4,group_a,24495.76,0.7146,105.0,0,4517.72,0.5,0
sim-002418,4,group_a,49433.1,0.2656,100.5,2,17177.61,11.8,0
sim-002419,4,group_b,28032.67,0.1286,91.7,2,24735.83,7.7,1
sim-002420,4,group_a,27552.43,0.0182,36.8,0,18387.33,7.4,0
sim-002421,4,group_a,50136.18,0.3937,89.4,4,12235.43,11.5,0
sim-002422,4,group_b,42645.44,0.2639,45.1,1,8574.31,4.4,1
sim-002423,4,group_a,12664.42,0.0752,37.3,1,6613.3,4.6,1
sim-002424,4,group_b,33919.19,0.3622,52.7,1,15497.28,7.0,1
sim-002425,4,group_b,38204.87,0.2183,31.6,4,7464.61,11.9,0
sim-002426,4,group_a,31425.33,0.3791,47.2,0,1804.03,4.5,1
sim-002427,4,group_b,38768.09,0.1644,72.7,2,8030.69,4.6,0
sim-002428,4,group_b,16948.44,0.2787,105.3,1,7284.35,2.6,0
sim-002429,4,group_b,11036.59,0.2958,95.5,2,5750.17,4.1,1
sim-002430,4,group_b,24059.94,0.2828,21.5,2,12140.82,4.4,0
sim-002431,4,group_b,40804.34,0.3661,60.3,2,5724.34,6.4,1
sim-002432,4,group_b,9353.62,0.2962,53.6,0,8905.87,12.5,0
sim-002433,4,group_a,25430.66,0.3274,24.3,3,2358.56,3.8,1
sim-002434,4,group_b,16162.36,0.1961,131.4,1,4776.98,8.3,0
sim-002435,4,group_b,32731.65,0.1262,115.8,0,6875.12,4.1,0
sim-002436,4,group_b,82480.54,0.1012,75.0,3,2896.77,12.6,1
sim-002437,4,group_b,33083.37,0.4789,102.8,0,4970.1,3.8,0
sim-002438,4,group_a,34642.93,0.1453,69.4,0,11560.96,3.4,0
sim-002439,4,group_b,51558.74,0.1226,36.3,4,6470.77,4.2,0
sim-002440,4,group_b,36568.73,0.883,28.7,3,16283.96,10.4,0
sim-002441,4,group_a,33113.74,0.3426,73.5,1,9391.29,5.3,0
sim-002442,4,group_a,53486.86,0.6091,151.0,0,4251.4,13.2,0
sim-002443,4,group_a,44187.3,0.2712,10.4,0,15679.56,0.8,1
sim-002444,4,group_a,40913.81,0.0642,74.7,0,11166.8,3.3,0
sim-002445,4,group_a,34190.82,0.0314,66.3,0,9193.66,1.5,1
sim-002446,4,group_a,31340.07,0.5166,80.2,1,13232.99,6.4,1
sim-002447,4,group_a,53274.43,0.1105,64.7,0,4973.65,4.6,1
sim-002448,4,group_b,31466.72,0.2026,166.2,0,9068.63,5.7,0
sim-002449,4,group_b,60786.69,0.2314,26.0,0,5470.38,2.1,1
sim-002450,4,group_b,23346.41,0.4576,50.5,0,11656.39,17.1,0
sim-002451,4,group_b,66183.68,0.3137,59.7,1,4413.68,2.1,0
sim-002452,4,group_b,44190.13,0.1688,31.2,0,8605.64,13.1,1
sim-002453,4,group_b,24130.1,0.1569,95.2,1,13907.54,4.6,1
sim-002454,4,group_b,44881.05,0.0619,53.7,1,6938.66,6.1,0
sim-002455,4,group_a,27580.73,0.5967,48.7,0,15444.68,7.3,1
sim-002456,4,group_b,36755.38,0.2679,97.6,2,5920.37,7.6,0
sim-002457,4,group_a,29543.43,0.0356,62.1,0,4450.53,1.9,0
sim-002458,4,group_a,34275.18,0.3902,37.2,3,9195.17,2.8,0
sim-002459,4,group_a,53820.03,0.2487,35.7,1,7580.89,6.4,0
sim-002460,4,group_b,45061.11,0.684,63.8,2,14513.7,5.9,0
sim-002461,4,group_b,22591.9,0.4363,105.6,3,5282.36,2.3,0
sim-002462,4,group_a,23141.89,0.1622,43.9,1,13036.31,7.5,1
sim-002463,4,group_b,40608.22,0.3685,80.2,0,8338.61,6.3,1
sim-002464,4,group_a,41862.2,0.1713,99.4,0,13092.85,3.2,0
sim-002465,4,group_b,27302.49,0.4343,90.0,0,5414.39,4.1,0
sim-002466,4,group_b,70710.72,0.3626,48.5,3,6757.85,7.9,0
sim-002467,4,group_b,51004.44,0.1403,89.8,0,8329.25,10.5,0
sim-002468,4,group_b,27868.66,0.5288,96.7,0,14550.88,2.2,1
sim-002469,4,group_a,26759.71,0.2636,30.0,1,10342.94,5.4,1
sim-002470,4,group_a,32935.9,0.1261,46.1,1,3917.37,3.6,0
sim-002471,4,group_b,31527.68,0.2072,59.1,2,5303.28,5.6,1
sim-002472,4,group_b,61425.86,0.0501,48.6,1,7608.52,3.6,0
sim-002473,4,group_a,54802.97,0.3296,33.4,2,5618.76,6.7,0
sim-002474,4,group_a,36780.72,0.1624,37.7,2,18860.02,6.8,0
sim-002475,4,group_a,48181.01,0.2337,56.7,2,5687.24,6.8,1
sim-002476,4,group_a,51207.93,0.1597,59.2,1,4480.66,3.6,0
sim-002477,4,group_a,37140.73,0.3713,84.8,6,6194.0,5.6,0
sim-002478,4,group_a,42920.29,0.1318,59.8,0,10911.04,4.4,0
sim-002479,4,group_b,46516.33,0.274,33.1,1,6881.35,4.8,1
sim-002480,4,group_a,44479.98,0.6913,94.7,1,17813.0,2.9,1
sim-002481,4,group_a,26131.65,0.3628,57.6,1,4009.78,17.4,0
sim-002482,4,group_a,27265.08,0.1793,74.4,0,7123.96,1.9,0
sim-002483,4,group_a,32105.74,0.1391,57.8,1,29650.44,2.2,1
sim-002484,4,group_b,26935.52,0.2309,45.6,1,10753.95,4.5,0
sim-002485,4,group_a,19522.01,0.494,56.6,0,5609.05,4.6,0
sim-002486,4,group_b,48141.5,0.4692,89.7,1,3523.43,4.6,1
sim-002487,4,group_b,41918.87,0.7401,108.9,2,5085.97,8.2,1
sim-002488,4,group_a,20649.91,0.1793,56.3,1,8084.53,4.9,0
sim-002489,4,group_b,32755.13,0.1335,75.1,0,14205.41,4.4,1
sim-002490,4,group_b,33543.55,0.3478,27.3,3,4653.95,5.8,0
sim-002491,4,group_a,39121.08,0.1066,25.5,0,4585.64,3.0,0
sim-002492,4,group_a,23007.89,0.4742,82.0,4,7529.88,3.9,1
sim-002493,4,group_b,20523.43,0.5378,88.0,1,19440.25,6.7,0
sim-002494,4,group_b,45084.07,0.227,42.1,1,14309.06,1.4,1
sim-002495,4,group_a,19029.31,0.247,45.7,0,3275.43,7.2,0
sim-002496,4,group_a,32868.87,0.2898,117.8,0,7534.0,4.3,1
sim-002497,4,group_a,31604.27,0.305,72.4,1,10061.26,8.6,0
sim-002498,4,group_b,34414.06,0.3995,52.6,1,7825.87,10.8,0
sim-002499,4,group_a,40301.4,0.1473,102.6,0,4557.84,7.4,0
sim-002500,5,group_a,71782.76,0.4605,37.9,0,12956.51,4.4,1
sim-002501,5,group_b,18736.21,0.5422,124.6,1,11311.72,11.6,0
sim-002502,5,group_b,53006.21,0.2318,64.8,1,16340.5,4.5,0
sim-002503,5,group_b,12770.51,0.3317,43.1,3,8835.71,1.7,1
sim-002504,5,group_a,65864.75,0.3336,129.5,1,6477.85,7.6,0
sim-002505,5,group_a,15552.78,0.6045,29.7,3,10104.31,4.7,1
sim-002506,5,group_b,102056.9,0.3504,49.7,1,5428.42,10.4,0
sim-002507,5,group_b,31141.53,0.0766,110.9,0,12504.1,6.7,0
sim-002508,5,group_a,63067.5,0.7258,53.0,1,18955.95,4.4,1
sim-002509,5,group_b,57834.78,0.2082,41.4,1,4780.47,6.9,0
sim-002510,5,group_a,30536.4,0.1477,90.8,0,5411.99,5.7,0
sim-002511,5,group_a,31536.64,0.3233,79.9,0,17952.17,4.1,1
sim-002512,5,group_a,25806.8,0.3162,92.7,1,12231.05,18.8,1
sim-002513,5,group_a,51056.87,0.1304,84.8,1,8147.88,1.9,0
sim-002514,5,group_a,30703.85,0.1546,101.1,1,3842.34,1.7,0
sim-002515,5,group_b,26004.55,0.4563,77.1,2,7112.83,6.5,0
sim-002516,5,group_a,45965.94,0.4553,69.7,0,7002.76,4.7,0
sim-002517,5,group_a,25164.41,0.0889,112.4,0,6144.21,5.4,0
sim-002518,5,group_a,31946.8,0.0819,157.5,1,8768.87,5.7,0
sim-002519,5,group_a,38368.21,0.417,74.2,4,3191.03,7.0,0
sim-002520,5,group_a,28006.16,0.1782,42.4,2,8598.03,5.3,0
sim-002521,5,group_a,29838.34,0.1291,57.3,1,9326.11,0.6,0
sim-002522,5,group_a,69891.05,0.3683,33.8,0,6432.84,8.0,0
sim-002523,5,group_b,33665.24,0.2232,121.1,0,14883.24,0.2,0
sim-002524,5,group_b,31538.26,0.1916,52.4,1,5423.86,4.2,0
sim-002525,5,group_a,34079.37,0.2418,51.7,0,10347.45,4.4,0
sim-002526,5,group_b,44394.51,0.2868,71.3,1,15816.35,2.5,1
sim-002527,5,group_b,23760.44,0.1992,42.6,2,11094.18,18.0,0
sim-002528,5,group_b,43889.5,0.2867,44.0,0,4128.26,3.0,0
sim-002529,5,group_b,40841.11,0.4722,33.4,1,19847.43,15.2,1
sim-002530,5,group_b,17305.24,0.6579,36.2,1,7683.12,9.3,1
sim-002531,5,group_b,77931.64,0.3778,80.7,1,12741.89,3.1,0
sim-002532,5,group_b,67747.42,0.3577,74.9,1,8997.33,7.6,0
sim-002533,5,group_a,26206.52,0.3289,51.0,0,14756.45,3.5,0
sim-002534,5,group_b,22892.87,0.4408,170.4,2,12818.84,8.5,0
sim-002535,5,group_b,40367.55,0.375,68.0,2,6969.46,10.2,1
sim-002536,5,group_b,20153.58,0.1358,119.2,1,6874.55,8.7,0
sim-002537,5,group_a,65055.68,0.5184,57.8,0,10664.82,8.8,1
sim-002538,5,group_a,30129.18,0.1565,6.6,1,6717.68,3.0,0
sim-002539,5,group_a,72486.74,0.2253,27.1,0,13079.62,2.5,0
sim-002540,5,group_a,25945.43,0.482,138.9,3,16891.95,11.1,0
sim-002541,5,group_a,34992.01,0.538,159.9,3,9994.19,7.6,0
sim-002542,5,group_a,62456.73,0.3042,129.3,0,6760.5,1.2,0
sim-002543,5,group_a,32023.95,0.292,73.5,0,12577.15,1.7,0
sim-002544,5,group_a,41121.18,0.2968,80.1,1,15129.76,4.6,1
sim-002545,5,group_a,58041.68,0.1814,59.4,0,6900.52,0.7,0
sim-002546,5,group_b,29040.89,0.156,109.2,1,5315.6,3.8,0
sim-002547,5,group_a,21591.81,0.343,72.7,2,4774.75,12.2,0
sim-002548,5,group_a,19877.46,0.1001,94.0,1,5133.98,2.6,0
sim-002549,5,group_a,46865.72,0.1785,34.8,1,8932.13,8.5,0
sim-002550,5,group_a,43186.66,0.1875,52.0,0,13050.27,3.4,0
sim-002551,5,group_a,57290.98,0.1889,96.0,1,4105.81,1.9,1
sim-002552,5,group_b,32692.51,0.5016,41.7,3,11952.88,7.8,1
sim-002553,5,group_b,20112.37,0.3358,54.7,3,12622.51,9.2,0
sim-002554,5,group_a,13654.77,0.1296,65.2,2,19218.58,2.7,0
sim-002555,5,group_b,122338.16,0.2431,77.9,2,6664.12,8.4,0
sim-002556,5,group_a,45766.5,0.1987,45.2,1,18122.87,1.8,1
sim-002557,5,group_a,38849.58,0.0604,96.8,0,8960.95,3.5,1
sim-002558,5,group_a,41234.42,0.3627,70.8,0,6871.26,7.9,0
sim-002559,5,group_a,20107.29,0.4422,11.6,0,5479.63,3.2,1
sim-002560,5,group_b,26269.24,0.4302,31.7,2,7559.62,0.5,1
sim-002561,5,group_b,76282.49,0.5293,31.4,2,4817.0,5.9,1
sim-002562,5,group_b,48363.75,0.2832,37.3,0,7006.66,1.7,0
sim-002563,5,group_a,26616.56,0.0994,92.9,1,5843.79,3.5,0
sim-002564,5,group_b,21910.86,0.2428,27.1,2,3290.05,5.1,0
sim-002565,5,group_a,29537.28,0.2147,30.9,0,10212.99,3.2,0
sim-002566,5,group_a,32129.15,0.2002,173.8,0,9729.8,9.0,0
sim-002567,5,group_a,86737.48,0.1491,36.6,4,6746.14,2.3,0
sim-002568,5,group_b,33891.78,0.2554,52.6,0,10346.34,6.1,0
sim-002569,5,group_b,22256.47,0.3885,71.8,1,10127.32,8.6,0
sim-002570,5,group_a,35788.68,0.4793,42.7,1,4179.15,5.8,0
sim-002571,5,group_a,40987.49,0.2273,52.8,0,9617.51,5.9,0
sim-002572,5,group_b,21421.93,0.1266,39.6,1,9416.43,2.5,0
sim-002573,5,group_b,43430.16,0.6163,48.7,1,7023.53,4.7,1
sim-002574,5,group_a,60946.07,0.1019,42.6,3,3329.72,20.8,0
sim-002575,5,group_b,38880.26,0.2662,67.8,1,39294.85,12.2,0
sim-002576,5,group_b,26245.05,0.2467,49.8,1,6442.11,2.0,0
sim-002577,5,group_b,29374.27,0.1228,19.9,1,6211.03,5.4,0
sim-002578,5,group_a,18274.99,0.6595,159.7,0,9215.54,6.5,0
sim-002579,5,group_b,34675.52,0.1111,24.2,0,6635.93,2.5,0
sim-002580,5,group_a,41794.82,0.3046,82.6,0,5437.63,4.0,0
sim-002581,5,group_b,25170.16,0.2123,42.4,0,14285.25,5.5,1
sim-002582,5,group_a,82840.64,0.2786,70.0,1,3830.94,5.9,0
sim-002583,5,group_a,51162.26,0.4029,24.2,0,5188.45,7.3,1
sim-002584,5,group_a,17275.31,0.4566,73.4,1,5785.11,4.4,0
sim-002585,5,group_a,17424.8,0.2478,89.9,0,9671.94,0.3,1
sim-002586,5,group_a,24263.05,0.0614,66.3,0,16080.3,2.4,0
sim-002587,5,group_a,71021.5,0.5224,66.7,2,4564.73,3.2,0
sim-002588,5,group_a,53326.42,0.5693,39.0,1,8059.42,6.0,0
sim-002589,5,group_a,72544.77,0.2803,54.0,1,3383.84,1.1,0
sim-002590,5,group_b,36838.1,0.3629,20.5,1,5206.78,3.4,1
sim-002591,5,group_b,33591.03,0.2699,30.2,1,7418.53,6.6,0
sim-002592,5,group_b,21721.24,0.3253,98.5,1,9105.75,11.1,0
sim-002593,5,group_a,42483.34,0.2821,201.4,2,2568.21,1.9,0
sim-002594,5,group_a,33779.5,0.6072,80.5,1,4157.29,7.2,0
sim-002595,5,group_b,33237.62,0.3115,68.5,1,10599.84,9.3,0
sim-002596,5,group_a,72372.48,0.4259,16.3,1,11503.45,8.4,0
sim-002597,5,group_a,34784.77,0.4467,65.9,0,5822.95,9.7,0
sim-002598,5,group_b,64152.11,0.1788,31.4,0,6113.8,4.0,0
sim-002599,5,group_b,18826.27,0.0648,75.5,0,5670.66,1.5,0
sim-002600,5,group_a,113437.48,0.164,125.9,1,15355.71,2.5,0
sim-002601,5,group_b,31358.05,0.1125,39.7,0,11454.06,8.4,0
sim-002602,5,group_a,49366.0,0.5972,60.9,1,17647.84,1.7,1
sim-002603,5,group_b,52777.2,0.2042,62.1,3,15342.35,0.3,1
sim-002604,5,group_a,29765.65,0.3936,64.1,0,7696.71,3.4,1
sim-002605,5,group_a,51740.32,0.2171,77.8,1,7177.73,6.1,0
sim-002606,5,group_b,52882.16,0.2578,40.0,0,8677.29,2.8,1
sim-002607,5,group_a,27186.6,0.5417,30.8,2,7834.83,7.5,1
sim-002608,5,group_b,27322.17,0.6838,137.2,2,11129.3,4.5,1
sim-002609,5,group_a,37385.15,0.1082,75.1,0,10174.3,3.5,0
sim-002610,5,group_b,34943.67,0.3886,112.9,0,14124.67,15.1,0
sim-002611,5,group_b,65848.68,0.0694,105.7,0,5476.51,1.5,0
sim-002612,5,group_a,49272.46,0.2857,40.3,3,9893.51,6.5,1
sim-002613,5,group_b,35611.44,0.3646,83.4,1,6437.75,2.1,0
sim-002614,5,group_a,47313.59,0.1231,85.8,0,13231.67,28.9,0
sim-002615,5,group_a,15528.09,0.3065,52.6,0,2961.72,8.2,0
sim-002616,5,group_a,28326.96,0.1343,41.5,0,11271.72,2.1,0
sim-002617,5,group_b,41393.74,0.1375,52.8,0,4857.68,7.4,1
sim-002618,5,group_b,58597.86,0.555,54.3,3,7859.62,5.1,1
sim-002619,5,group_b,39890.88,0.5906,47.8,0,8764.96,4.6,1
sim-002620,5,group_b,67674.21,0.6375,36.1,0,5532.04,6.5,0
sim-002621,5,group_b,52814.17,0.3539,80.4,0,6367.43,4.4,1
sim-002622,5,group_a,29878.72,0.291,31.0,0,9242.6,4.0,0
sim-002623,5,group_b,34585.41,0.1947,92.0,1,7185.91,1.7,0
sim-002624,5,group_a,43544.43,0.0947,165.9,2,9492.51,1.4,0
sim-002625,5,group_a,30381.01,0.6419,66.8,0,13199.4,7.0,1
sim-002626,5,group_a,69782.73,0.172,64.0,0,7328.16,3.6,0
sim-002627,5,group_a,23024.98,0.4083,48.6,4,13088.25,3.7,1
sim-002628,5,group_a,41888.42,0.322,99.4,0,4917.56,1.2,0
sim-002629,5,group_a,49955.49,0.4932,57.2,4,23173.36,3.2,1
sim-002630,5,group_a,32155.93,0.3979,63.8,2,4250.9,2.4,1
sim-002631,5,group_a,29252.03,0.1881,76.1,0,5570.53,5.1,0
sim-002632,5,group_b,35526.91,0.1497,37.8,1,14104.88,10.1,0
sim-002633,5,group_b,51587.74,0.0705,37.5,2,11375.38,3.7,0
sim-002634,5,group_a,29734.52,0.0895,49.5,1,10032.3,11.5,0
sim-002635,5,group_a,23413.15,0.1148,46.1,2,7946.21,5.4,0
sim-002636,5,group_a,59471.09,0.1485,129.5,0,5458.69,11.8,0
sim-002637,5,group_a,43377.86,0.4672,65.1,1,4049.41,11.3,0
sim-002638,5,group_b,56010.82,0.2642,33.9,1,10691.98,2.1,0
sim-002639,5,group_a,50459.15,0.5118,52.2,0,11529.0,8.4,0
sim-002640,5,group_b,91633.62,0.3316,85.4,1,10360.64,5.2,0
sim-002641,5,group_b,58588.18,0.2199,118.9,1,7334.59,2.7,0
sim-002642,5,group_a,27062.02,0.2854,230.4,0,19044.78,7.4,0
sim-002643,5,group_b,44690.34,0.2076,29.4,2,10500.68,15.3,0
sim-002644,5,group_a,29023.31,0.3738,162.0,2,8756.24,2.3,1
sim-002645,5,group_b,30311.03,0.1776,74.2,0,9631.8,0.7,0
sim-002646,5,group_b,20267.01,0.1887,118.2,3,22026.95,2.1,0
sim-002647,5,group_b,32527.22,0.2344,47.3,0,5479.43,5.1,0
sim-002648,5,group_b,46115.96,0.0769,114.4,3,5577.9,12.6,0
sim-002649,5,group_b,35677.33,0.5707,122.5,1,8780.2,0.7,0
sim-002650,5,group_b,23115.65,0.3313,93.9,0,7925.28,2.7,0
sim-002651,5,group_a,19347.76,0.5178,148.0,2,11894.62,12.1,1
sim-002652,5,group_b,89051.96,0.3607,37.9,1,8515.27,2.9,0
sim-002653,5,group_b,42048.02,0.3283,48.2,2,11818.22,7.1,1
sim-002654,5,group_a,25949.07,0.3598,55.7,1,14637.46,3.4,1
sim-002655,5,group_b,44531.37,0.1248,34.4,0,7588.48,1.2,1
sim-002656,5,group_a,91992.12,0.2887,85.9,0,19029.44,5.1,1
sim-002657,5,group_a,47600.29,0.1367,90.5,0,7935.14,1.7,0
sim-002658,5,group_a,11377.94,0.5434,25.2,0,11297.62,6.2,0
sim-002659,5,group_a,111743.63,0.1998,107.6,0,7873.37,10.5,0
sim-002660,5,group_b,16870.41,0.1639,93.3,1,4750.78,20.1,0
sim-002661,5,group_a,33640.13,0.2268,85.4,1,6959.12,5.5,0
sim-002662,5,group_a,22787.56,0.103,11.9,0,18780.75,2.2,0
sim-002663,5,group_a,26881.65,0.1107,72.9,2,3920.02,10.3,0
sim-002664,5,group_a,41334.47,0.5207,161.0,3,14960.34,6.9,0
sim-002665,5,group_b,15369.96,0.229,82.6,0,3349.7,5.6,0
sim-002666,5,group_b,35316.19,0.1265,51.2,0,9131.44,7.0,0
sim-002667,5,group_a,59390.16,0.259,45.5,1,14935.11,17.7,0
sim-002668,5,group_a,25740.97,0.5586,116.3,0,3760.91,8.9,1
sim-002669,5,group_a,20457.0,0.1354,48.4,1,5525.25,3.3,0
sim-002670,5,group_b,34595.95,0.5287,82.4,2,15710.84,4.3,0
sim-002671,5,group_a,31821.47,0.1623,35.9,0,6143.83,2.0,1
sim-002672,5,group_a,28566.91,0.19,147.3,1,7306.24,4.0,1
sim-002673,5,group_a,22267.75,0.3491,111.7,1,6993.78,8.1,1
sim-002674,5,group_b,45617.99,0.5721,115.7,0,4286.98,4.0,1
sim-002675,5,group_a,47099.17,0.144,101.7,1,9207.06,2.3,1
sim-002676,5,group_a,23445.37,0.2285,67.1,0,15889.18,6.0,0
sim-002677,5,group_b,24848.52,0.2502,33.3,0,8976.48,4.8,0
sim-002678,5,group_b,38844.69,0.2447,35.4,3,15242.8,7.1,0
sim-002679,5,group_a,24457.98,0.728,97.0,2,7082.66,1.6,0
sim-002680,5,group_b,39538.81,0.308,60.8,2,9323.13,4.6,0
sim-002681,5,group_b,67953.54,0.0947,68.5,2,13193.86,3.2,0
sim-002682,5,group_a,35770.34,0.3391,73.3,2,8915.65,5.8,0
sim-002683,5,group_b,22032.66,0.4837,22.1,1,4820.65,4.4,0
sim-002684,5,group_a,43247.01,0.3331,90.9,0,5614.36,21.2,0
sim-002685,5,group_b,34043.18,0.3449,61.6,1,8439.77,2.9,1
sim-002686,5,group_a,34438.63,0.244,135.0,1,12350.67,16.1,0
sim-002687,5,group_b,44785.32,0.4286,61.7,2,7470.76,5.8,1
sim-002688,5,group_a,49032.36,0.2558,109.6,1,13301.62,10.3,0
sim-002689,5,group_a,37231.52,0.1469,105.3,0,20609.32,1.4,0
sim-002690,5,group_b,35757.46,0.3378,67.7,0,14365.26,4.9,0
sim-002691,5,group_a,87263.49,0.0407,38.7,0,6519.79,4.4,0
sim-002692,5,group_b,60732.4,0.4796,84.6,1,6977.42,16.9,1
sim-002693,5,group_b,52056.73,0.2471,98.6,2,15988.94,12.8,0
sim-002694,5,group_b,38758.54,0.2423,166.2,1,9312.5,1.6,0
sim-002695,5,group_a,24042.73,0.4416,103.6,1,8274.26,9.3,0
sim-002696,5,group_b,58894.46,0.3316,76.6,2,7418.43,10.4,0
sim-002697,5,group_a,38972.19,0.1279,80.6,0,5308.78,2.0,0
sim-002698,5,group_a,28784.4,0.2749,81.6,0,5027.55,11.9,0
sim-002699,5,group_b,33119.62,0.2183,100.2,1,6490.72,1.6,0
sim-002700,5,group_b,24445.55,0.2036,55.2,2,6473.43,3.4,0
sim-002701,5,group_a,57186.79,0.1471,76.0,0,10965.44,5.8,0
sim-002702,5,group_a,48867.88,0.4261,24.8,0,6864.28,18.0,0
sim-002703,5,group_b,39588.17,0.6292,42.1,1,8176.67,9.7,1
sim-002704,5,group_b,36027.22,0.481,80.5,3,6555.87,2.0,0
sim-002705,5,group_a,27559.95,0.4867,121.2,1,6872.87,9.5,0
sim-002706,5,group_b,14993.46,0.0941,74.9,0,9372.36,15.0,0
sim-002707,5,group_a,20263.38,0.0475,105.2,1,2073.56,12.0,0
sim-002708,5,group_a,26851.82,0.2213,107.4,0,15832.42,0.4,0
sim-002709,5,group_b,25208.94,0.3162,103.0,3,7500.75,4.8,0
sim-002710,5,group_b,41420.51,0.6058,31.4,0,4966.58,16.4,0
sim-002711,5,group_a,51576.81,0.1288,50.8,1,4574.55,16.2,0
sim-002712,5,group_a,34754.19,0.2392,122.1,1,8390.46,6.3,1
sim-002713,5,group_a,66286.74,0.4138,66.0,2,1894.81,5.9,0
sim-002714,5,group_b,26401.68,0.1295,70.4,2,15251.3,6.0,1
sim-002715,5,group_a,34650.74,0.1937,75.8,0,5400.64,15.6,0
sim-002716,5,group_a,35903.33,0.2242,137.8,0,15508.8,4.1,0
sim-002717,5,group_b,58030.17,0.2111,46.0,2,10856.34,1.3,0
sim-002718,5,group_a,38348.57,0.4889,100.6,2,7726.33,3.3,1
sim-002719,5,group_a,38797.03,0.1848,79.4,1,11884.8,10.1,0
sim-002720,5,group_a,18305.67,0.4343,74.2,1,5895.37,3.2,0
sim-002721,5,group_b,25135.57,0.3577,52.9,2,6987.4,16.5,0
sim-002722,5,group_a,58122.02,0.1371,90.8,1,20094.84,0.5,1
sim-002723,5,group_a,15342.1,0.1618,64.8,3,11084.85,8.6,0
sim-002724,5,group_a,64476.55,0.1292,127.3,0,12358.58,2.3,0
sim-002725,5,group_b,45245.53,0.062,101.6,0,7986.46,6.2,0
sim-002726,5,group_b,26796.89,0.3195,93.4,1,5162.98,10.4,0
sim-002727,5,group_a,25862.24,0.2957,114.1,0,7479.74,9.8,1
sim-002728,5,group_a,81332.52,0.5696,47.3,1,4479.73,10.5,0
sim-002729,5,group_b,66356.06,0.0869,149.5,0,3836.48,7.4,0
sim-002730,5,group_a,34885.79,0.2338,80.6,0,8298.64,1.4,0
sim-002731,5,group_a,38813.7,0.2738,67.9,3,5539.06,7.8,0
sim-002732,5,group_a,27962.06,0.331,115.3,0,10113.81,8.8,0
sim-002733,5,group_a,38816.83,0.4523,47.1,1,5953.85,4.3,0
sim-002734,5,group_a,27638.37,0.4414,72.7,3,3306.34,10.9,0
sim-002735,5,group_a,35490.2,0.4663,69.9,0,11456.12,19.3,1
sim-002736,5,group_a,78459.54,0.1493,60.5,0,11122.2,13.4,0
sim-002737,5,group_a,35236.65,0.5839,102.7,2,10465.43,2.4,0
sim-002738,5,group_b,23619.57,0.6405,91.6,4,6608.88,3.9,1
sim-002739,5,group_a,20663.49,0.2499,66.3,1,14505.04,9.5,0
sim-002740,5,group_a,38692.05,0.2795,124.0,0,7611.83,1.2,1
sim-002741,5,group_b,26646.79,0.5405,80.3,6,8501.39,4.8,1
sim-002742,5,group_a,40683.31,0.3642,88.1,0,10424.1,10.1,0
sim-002743,5,group_b,18579.4,0.3536,93.8,0,4339.23,3.9,0
sim-002744,5,group_a,49016.15,0.1972,41.3,0,8082.25,1.7,1
sim-002745,5,group_b,23499.41,0.8319,67.3,1,7743.96,2.1,1
sim-002746,5,group_a,37400.71,0.298,61.4,1,10500.82,5.0,0
sim-002747,5,group_a,31821.98,0.4828,55.6,2,9788.36,6.3,0
sim-002748,5,group_a,75487.58,0.1821,59.5,1,14731.11,5.1,0
sim-002749,5,group_a,39419.88,0.4975,174.4,2,17792.83,8.4,0
sim-002750,5,group_a,83041.7,0.558,52.9,4,6934.08,2.6,0
sim-002751,5,group_b,46421.21,0.5698,116.2,3,3104.33,1.1,0
sim-002752,5,group_b,66747.39,0.4365,89.4,2,2826.03,6.6,0
sim-002753,5,group_a,33600.79,0.2911,78.3,0,14086.39,6.0,0
sim-002754,5,group_b,42408.8,0.6984,58.5,1,4829.94,4.7,1
sim-002755,5,group_b,61195.58,0.3433,28.7,0,6885.37,8.8,0
sim-002756,5,group_b,53641.76,0.105,52.0,0,13533.68,4.4,0
sim-002757,5,group_b,45844.81,0.5554,59.0,3,9042.7,4.6,1
sim-002758,5,group_b,31960.86,0.2394,68.4,4,24446.85,9.4,1
sim-002759,5,group_a,34314.18,0.3191,127.8,1,12744.44,5.0,0
sim-002760,5,group_b,59149.18,0.0377,63.8,1,6121.81,5.2,1
sim-002761,5,group_b,64555.64,0.3588,11.5,0,5898.94,12.8,0
sim-002762,5,group_a,28595.3,0.2708,102.7,0,12910.32,1.8,0
sim-002763,5,group_a,26839.27,0.2859,88.3,1,6884.14,9.5,0
sim-002764,5,group_a,25090.98,0.1397,80.3,0,11500.76,6.1,0
sim-002765,5,group_b,51972.72,0.4008,104.7,2,19919.27,6.0,1
sim-002766,5,group_a,24825.35,0.1349,76.3,1,4390.71,2.6,0
sim-002767,5,group_b,51709.33,0.2983,113.5,0,4844.99,2.4,0
sim-002768,5,group_b,46128.67,0.281,106.6,0,3899.47,0.8,0
sim-002769,5,group_b,29174.82,0.3907,89.7,1,4057.59,5.4,1
sim-002770,5,group_a,70743.85,0.2565,141.9,0,5549.51,8.3,1
sim-002771,5,group_b,19847.86,0.2822,73.7,0,6965.66,2.9,0
sim-002772,5,group_b,73644.42,0.3055,55.1,1,6318.68,9.9,0
sim-002773,5,group_a,41937.35,0.3671,91.2,0,8887.61,4.5,0
sim-002774,5,group_b,15354.2,0.438,45.0,0,7056.39,3.4,1
sim-002775,5,group_a,71581.32,0.3242,37.5,1,12914.3,3.3,1
sim-002776,5,group_b,55178.53,0.555,55.2,1,37756.38,2.5,1
sim-002777,5,group_a,30642.74,0.2635,74.1,1,7487.96,5.7,0
sim-002778,5,group_a,24460.56,0.1693,48.1,2,6340.77,4.3,0
sim-002779,5,group_a,18977.17,0.6411,70.5,2,5372.15,7.5,1
sim-002780,5,group_a,101162.9,0.4203,26.7,1,3571.47,6.4,0
sim-002781,5,group_a,24888.96,0.3408,89.6,3,5963.89,1.3,0
sim-002782,5,group_b,21575.05,0.3254,72.1,2,8607.69,4.7,0
sim-002783,5,group_a,41049.18,0.2194,84.8,1,7691.84,2.0,0
sim-002784,5,group_a,18436.45,0.0887,64.4,2,19238.27,4.4,0
sim-002785,5,group_b,24288.29,0.5871,37.8,3,10207.18,13.3,1
sim-002786,5,group_b,55708.45,0.6018,58.0,3,14751.09,7.4,0
sim-002787,5,group_a,44576.78,0.1254,154.1,3,6564.67,7.2,1
sim-002788,5,group_b,31186.0,0.5399,38.3,2,3709.36,2.9,0
sim-002789,5,group_a,36963.6,0.4177,88.2,1,12085.34,8.8,0
sim-002790,5,group_b,30459.78,0.1382,123.6,0,12594.68,1.5,1
sim-002791,5,group_a,35737.68,0.2711,31.6,1,4851.23,7.9,0
sim-002792,5,group_b,26636.54,0.2305,116.6,1,3054.33,5.3,0
sim-002793,5,group_b,28747.31,0.2798,99.6,5,3462.31,3.7,1
sim-002794,5,group_b,28382.14,0.2222,44.2,0,13290.92,5.9,0
sim-002795,5,group_a,27041.78,0.1643,30.2,0,8583.6,3.9,0
sim-002796,5,group_b,56865.42,0.2738,139.9,0,7608.29,8.0,0
sim-002797,5,group_a,50688.24,0.3743,38.9,1,11620.3,9.0,0
sim-002798,5,group_b,24795.25,0.217,51.5,0,7128.77,7.8,0
sim-002799,5,group_b,22211.26,0.6584,176.0,2,3448.53,12.1,0
sim-002800,5,group_b,34335.8,0.3416,59.3,1,5982.72,5.1,1
sim-002801,5,group_a,90691.67,0.5701,28.6,1,33698.09,6.7,1
sim-002802,5,group_a,23821.98,0.1342,24.5,0,15036.88,10.9,0
sim-002803,5,group_b,34278.92,0.1541,67.6,0,9695.19,4.4,0
sim-002804,5,group_a,38073.07,0.2512,62.0,1,5663.12,3.1,1
sim-002805,5,group_a,35044.37,0.51,40.4,1,10187.62,5.4,1
sim-002806,5,group_a,30259.09,0.3373,24.2,0,13890.85,9.4,1
sim-002807,5,group_b,59583.48,0.5412,67.2,2,9976.27,6.8,0
sim-002808,5,group_a,44394.58,0.0499,30.3,1,8120.88,2.8,1
sim-002809,5,group_a,52325.45,0.3228,50.2,0,6791.61,2.5,0
sim-002810,5,group_a,46982.93,0.0163,45.9,0,14299.08,6.4,0
sim-002811,5,group_b,53394.25,0.0575,43.3,1,8212.42,4.1,0
sim-002812,5,group_b,71356.98,0.0894,32.5,0,7332.63,7.5,0
sim-002813,5,group_a,64153.79,0.4589,32.2,0,7442.29,5.7,0
sim-002814,5,group_a,97384.04,0.4656,90.6,1,6066.52,3.7,1
sim-002815,5,group_a,61162.12,0.2823,83.5,0,8952.48,1.6,0
sim-002816,5,group_a,27690.16,0.2678,18.3,0,3363.69,3.9,0
sim-002817,5,group_b,52358.58,0.1576,112.9,0,6047.38,2.6,0
sim-002818,5,group_a,49433.46,0.331,40.6,0,5565.29,11.9,0
sim-002819,5,group_b,82168.22,0.3743,38.1,0,11667.47,2.8,0
sim-002820,5,group_a,24435.53,0.5744,52.6,0,9849.83,15.0,0
sim-002821,5,group_b,46366.82,0.6124,46.7,1,27281.03,13.5,1
sim-002822,5,group_a,27555.31,0.1862,118.9,0,7182.81,15.8,0
sim-002823,5,group_b,45490.96,0.2127,71.4,0,11787.75,17.2,0
sim-002824,5,group_b,33516.94,0.2997,42.3,2,3005.77,5.9,1
sim-002825,5,group_b,44863.37,0.2116,62.0,1,8009.35,8.6,1
sim-002826,5,group_a,20285.43,0.2139,23.3,0,5933.03,8.2,0
sim-002827,5,group_a,51182.61,0.2346,61.1,2,4335.2,7.2,0
sim-002828,5,group_b,39996.41,0.488,30.7,1,9006.61,9.6,1
sim-002829,5,group_b,39101.69,0.5043,105.6,2,19276.55,6.4,0
sim-002830,5,group_a,83207.76,0.5147,78.2,5,9693.38,10.1,0
sim-002831,5,group_a,31236.95,0.542,58.8,2,3940.95,4.6,0
sim-002832,5,group_a,42351.18,0.2803,107.4,0,2955.85,1.8,0
sim-002833,5,group_b,38258.22,0.0911,70.5,1,8888.34,3.1,0
sim-002834,5,group_b,39861.91,0.1508,117.3,0,5983.79,6.6,0
sim-002835,5,group_b,93261.03,0.0606,68.9,0,4195.37,11.7,0
sim-002836,5,group_b,37676.77,0.3405,80.7,0,11157.29,12.9,1
sim-002837,5,group_a,28904.21,0.321,96.5,2,15505.1,3.2,1
sim-002838,5,group_a,80481.22,0.1187,96.4,0,3656.9,0.8,0
sim-002839,5,group_a,32233.8,0.0711,28.6,0,13272.12,3.0,1
sim-002840,5,group_b,18691.52,0.285,42.2,0,5717.65,5.1,0
sim-002841,5,group_a,26872.15,0.2621,42.8,0,7675.47,7.5,0
sim-002842,5,group_a,21729.66,0.243,74.6,1,13646.23,2.1,0
sim-002843,5,group_a,17223.23,0.4748,52.5,1,5326.81,2.5,0
sim-002844,5,group_a,31493.41,0.1795,24.8,1,7676.32,7.5,1
sim-002845,5,group_b,35614.54,0.1737,40.9,0,4968.43,5.0,0
sim-002846,5,group_a,60223.73,0.2623,38.8,0,9533.4,3.6,0
sim-002847,5,group_a,47779.34,0.026,149.3,1,10134.53,5.6,0
sim-002848,5,group_b,46873.62,0.0603,131.7,1,3905.08,5.3,0
sim-002849,5,group_a,25206.36,0.7238,97.9,3,5351.96,4.7,0
sim-002850,5,group_a,53192.46,0.0359,57.1,2,16378.27,14.3,0
sim-002851,5,group_a,65796.23,0.3547,85.5,1,10911.8,2.0,0
sim-002852,5,group_b,43291.85,0.022,89.0,0,8915.74,9.2,0
sim-002853,5,group_a,43802.99,0.0432,41.9,1,13229.57,5.0,0
sim-002854,5,group_b,21565.05,0.2006,63.0,1,5412.96,13.4,0
sim-002855,5,group_b,57117.34,0.0338,42.5,0,6745.37,4.9,1
sim-002856,5,group_b,77493.46,0.1567,24.0,1,5144.93,13.9,0
sim-002857,5,group_a,42009.04,0.4401,74.6,3,3767.1,4.0,1
sim-002858,5,group_b,28577.36,0.2217,87.9,1,5581.92,8.1,0
sim-002859,5,group_a,34267.83,0.2921,56.7,1,7850.14,4.5,0
sim-002860,5,group_a,30743.18,0.136,117.2,1,10768.93,5.6,0
sim-002861,5,group_a,31527.36,0.5176,88.4,1,14834.8,1.3,1
sim-002862,5,group_a,48153.68,0.3762,36.7,1,8457.28,3.6,0
sim-002863,5,group_a,41248.7,0.118,56.1,0,10977.01,8.0,0
sim-002864,5,group_a,55918.66,0.2515,27.7,0,12733.62,15.0,0
sim-002865,5,group_a,42863.63,0.364,104.5,1,13079.53,3.1,0
sim-002866,5,group_a,25516.56,0.1121,95.3,1,5951.91,5.3,1
sim-002867,5,group_a,29723.98,0.0923,73.6,1,5747.98,12.7,1
sim-002868,5,group_b,28958.14,0.121,76.2,0,8180.03,4.5,0
sim-002869,5,group_a,33917.37,0.6873,75.3,2,22769.79,12.4,0
sim-002870,5,group_b,77946.64,0.1808,84.1,1,12837.92,11.0,0
sim-002871,5,group_a,83371.17,0.1474,85.2,0,6586.2,10.2,0
sim-002872,5,group_a,52123.57,0.1189,41.8,2,8172.54,2.7,0
sim-002873,5,group_a,38556.53,0.1469,27.9,0,9315.21,10.5,0
sim-002874,5,group_a,20704.49,0.2048,95.9,0,4400.78,1.5,0
sim-002875,5,group_a,40231.42,0.0857,108.3,0,5540.18,8.9,0
sim-002876,5,group_a,26322.96,0.6498,108.8,1,10176.32,1.3,0
sim-002877,5,group_a,72752.55,0.1121,127.0,1,11635.24,5.9,0
sim-002878,5,group_a,18684.24,0.2378,124.3,1,7542.28,3.8,0
sim-002879,5,group_a,43108.84,0.0787,93.3,3,6451.21,15.1,0
sim-002880,5,group_a,25408.0,0.1158,46.5,0,9760.28,6.0,0
sim-002881,5,group_a,36534.18,0.1429,27.1,0,4930.89,9.8,0
sim-002882,5,group_a,48520.84,0.8124,52.1,3,5143.56,7.5,1
sim-002883,5,group_a,56343.76,0.2143,21.6,0,34726.2,5.1,0
sim-002884,5,group_a,35757.31,0.1065,109.6,1,5492.95,12.5,0
sim-002885,5,group_a,50499.11,0.3932,30.1,1,12533.95,3.3,1
sim-002886,5,group_a,27771.42,0.4697,68.6,3,6692.51,3.3,0
sim-002887,5,group_b,40665.12,0.3579,66.1,0,11026.43,9.5,1
sim-002888,5,group_a,55878.06,0.1192,109.4,1,12953.38,5.6,0
sim-002889,5,group_a,42170.74,0.0662,82.9,1,3708.52,5.0,1
sim-002890,5,group_a,29368.43,0.4149,48.1,1,7759.67,8.4,0
sim-002891,5,group_b,32623.96,0.418,70.0,1,4463.32,10.4,1
sim-002892,5,group_b,56194.58,0.0632,67.8,0,5099.9,17.8,0
sim-002893,5,group_b,23188.81,0.0532,36.9,1,16078.15,2.6,0
sim-002894,5,group_b,24671.1,0.3215,59.6,4,5431.97,6.6,1
sim-002895,5,group_a,47224.46,0.1536,101.6,1,5652.52,8.8,0
sim-002896,5,group_b,30502.37,0.3221,72.3,1,11132.16,6.0,0
sim-002897,5,group_a,19924.7,0.334,57.7,0,34511.67,5.8,0
sim-002898,5,group_b,64688.83,0.4412,73.8,1,6520.58,1.0,0
sim-002899,5,group_a,23113.4,0.2347,31.2,1,5502.68,13.6,0
sim-002900,5,group_a,33733.25,0.4543,108.7,0,7423.03,1.3,0
sim-002901,5,group_b,28276.92,0.2948,148.1,3,11570.79,4.9,1
sim-002902,5,group_a,32369.53,0.3208,21.9,1,13595.25,4.0,0
sim-002903,5,group_b,25297.47,0.231,14.8,0,4268.96,5.6,0
sim-002904,5,group_a,49513.33,0.1012,69.5,1,19585.35,7.2,0
sim-002905,5,group_b,38428.16,0.3176,26.3,2,10810.26,2.5,1
sim-002906,5,group_b,55444.32,0.5687,68.5,0,5425.73,3.2,1
sim-002907,5,group_a,28400.14,0.2617,74.3,2,7214.6,7.8,0
sim-002908,5,group_b,89847.51,0.4528,87.6,1,10247.46,6.5,0
sim-002909,5,group_a,16482.38,0.3689,68.2,3,8122.21,8.8,0
sim-002910,5,group_b,18849.53,0.3184,10.7,2,7524.02,12.1,0
sim-002911,5,group_a,76595.66,0.545,128.9,2,22876.05,14.7,0
sim-002912,5,group_a,44761.22,0.1886,84.8,1,10569.24,2.5,1
sim-002913,5,group_b,42335.54,0.3161,46.5,1,6456.02,9.2,1
sim-002914,5,group_a,43964.41,0.4995,51.4,1,6794.16,6.9,0
sim-002915,5,group_a,46625.69,0.1853,50.1,0,19207.86,9.9,0
sim-002916,5,group_a,41601.96,0.4395,37.1,2,9695.75,7.7,0
sim-002917,5,group_b,24448.4,0.348,68.2,3,4748.43,2.5,0
sim-002918,5,group_a,51722.09,0.1797,51.8,1,7213.8,4.4,1
sim-002919,5,group_b,48411.12,0.1663,94.1,0,8000.45,11.9,0
sim-002920,5,group_b,66832.25,0.2478,75.0,1,4844.91,3.2,0
sim-002921,5,group_a,76955.4,0.1538,168.5,0,18415.88,15.6,0
sim-002922,5,group_a,42141.99,0.3248,42.7,0,4336.41,1.8,0
sim-002923,5,group_b,21904.11,0.0896,101.3,0,18483.27,3.3,0
sim-002924,5,group_a,77223.54,0.2474,46.1,0,4500.03,5.0,0
sim-002925,5,group_b,23917.77,0.0796,55.4,1,9416.75,4.1,0
sim-002926,5,group_b,42274.74,0.0538,31.5,0,15089.17,5.0,0
sim-002927,5,group_b,32931.07,0.356,57.9,3,7542.31,8.9,0
sim-002928,5,group_a,30611.69,0.059,38.6,1,5370.68,4.3,0
sim-002929,5,group_b,50564.55,0.7284,189.7,2,8743.28,11.0,0
sim-002930,5,group_b,40646.7,0.306,76.2,2,9887.72,1.5,1
sim-002931,5,group_a,45504.27,0.4239,85.7,3,15958.89,2.0,1
sim-002932,5,group_a,26040.59,0.4006,52.8,1,4460.5,2.3,0
sim-002933,5,group_b,34094.4,0.3039,157.3,0,5116.98,3.4,0
sim-002934,5,group_b,26550.27,0.075,106.7,0,22597.67,4.2,0
sim-002935,5,group_a,33738.33,0.1763,80.7,2,9051.49,2.0,0
sim-002936,5,group_a,34895.73,0.4119,52.7,0,9970.07,4.2,1
sim-002937,5,group_a,79587.14,0.3462,137.9,0,11709.75,4.0,0
sim-002938,5,group_a,32894.37,0.5825,76.6,0,8619.24,3.1,0
sim-002939,5,group_a,15021.66,0.2806,78.8,3,15125.62,6.5,0
sim-002940,5,group_b,65902.95,0.4441,89.2,3,11288.99,6.2,1
sim-002941,5,group_a,44297.74,0.2274,125.0,0,8347.91,1.5,1
sim-002942,5,group_b,34716.68,0.237,122.6,2,3832.94,2.5,0
sim-002943,5,group_a,30527.08,0.5033,43.2,0,13526.18,7.7,0
sim-002944,5,group_a,24644.06,0.0755,75.3,1,20735.06,4.1,0
sim-002945,5,group_a,82783.18,0.3473,68.7,2,14866.85,2.4,0
sim-002946,5,group_a,37487.95,0.3372,76.6,0,2681.56,5.5,1
sim-002947,5,group_b,17679.21,0.2451,115.5,0,15094.68,3.6,1
sim-002948,5,group_b,42093.59,0.2389,133.4,3,11357.62,5.8,0
sim-002949,5,group_b,60875.87,0.1871,43.9,0,8347.66,3.9,0
sim-002950,5,group_a,39171.42,0.6834,50.5,1,4202.09,14.4,1
sim-002951,5,group_b,25117.77,0.1813,57.5,0,5533.07,8.9,0
sim-002952,5,group_a,24191.31,0.4422,117.1,1,10206.37,4.3,0
sim-002953,5,group_b,24952.42,0.3955,110.7,2,6513.94,1.7,1
sim-002954,5,group_a,69501.0,0.2452,13.2,1,22683.71,4.9,1
sim-002955,5,group_a,35592.89,0.1276,81.1,0,3643.74,2.7,0
sim-002956,5,group_a,18122.97,0.242,29.8,0,7731.57,2.2,0
sim-002957,5,group_a,43102.5,0.1981,59.0,0,3604.72,4.9,1
sim-002958,5,group_a,38918.91,0.3998,22.9,0,3566.17,8.5,0
sim-002959,5,group_b,30377.7,0.2454,66.3,0,4594.56,2.4,0
sim-002960,5,group_b,23895.11,0.424,67.3,2,3328.35,9.5,0
sim-002961,5,group_b,23462.63,0.4177,42.8,4,10682.95,9.6,1
sim-002962,5,group_a,57894.99,0.4789,65.3,0,5427.23,9.0,0
sim-002963,5,group_b,40698.86,0.5734,57.4,1,4687.06,10.0,1
sim-002964,5,group_a,44847.82,0.3384,74.4,3,7963.33,4.0,0
sim-002965,5,group_a,40651.81,0.6631,18.4,0,7296.5,3.6,0
sim-002966,5,group_a,42092.69,0.4305,37.9,2,7149.05,11.3,0
sim-002967,5,group_a,30129.93,0.2642,81.8,0,6587.21,7.7,0
sim-002968,5,group_a,33642.71,0.2399,48.8,1,9759.53,1.8,1
sim-002969,5,group_a,59830.03,0.6899,34.4,1,11019.6,1.2,1
sim-002970,5,group_a,66444.87,0.4304,39.3,2,4835.28,3.7,1
sim-002971,5,group_b,21954.37,0.3658,144.8,2,18425.27,4.5,0
sim-002972,5,group_a,33608.4,0.3152,26.7,1,8041.25,5.4,0
sim-002973,5,group_b,52182.36,0.387,237.5,2,14463.61,10.5,1
sim-002974,5,group_a,80859.91,0.418,42.8,3,8517.93,3.0,1
sim-002975,5,group_b,77530.22,0.3013,70.3,0,12242.26,4.2,0
sim-002976,5,group_b,26259.46,0.4549,68.4,0,3814.98,5.1,0
sim-002977,5,group_b,62662.56,0.3497,63.5,0,4549.07,5.2,1
sim-002978,5,group_b,37595.03,0.5305,44.3,2,5977.85,3.7,0
sim-002979,5,group_b,56877.49,0.3944,50.8,0,4262.74,10.2,0
sim-002980,5,group_b,51076.36,0.4684,57.5,2,9280.82,6.7,0
sim-002981,5,group_a,21571.65,0.2615,30.0,1,8008.32,2.0,0
sim-002982,5,group_a,46211.74,0.3181,138.5,0,4895.58,3.0,0
sim-002983,5,group_b,55960.01,0.2126,46.4,2,10590.81,1.5,0
sim-002984,5,group_a,36371.28,0.0341,98.4,0,11995.02,6.8,1
sim-002985,5,group_a,33075.47,0.4814,71.4,1,2841.79,7.4,0
sim-002986,5,group_a,18956.48,0.2174,80.4,0,13527.74,8.7,0
sim-002987,5,group_a,48879.79,0.3015,78.2,0,11104.47,1.3,0
sim-002988,5,group_a,40041.6,0.4301,34.6,2,3664.53,2.4,1
sim-002989,5,group_b,24901.49,0.3114,114.2,0,5703.9,5.1,0
sim-002990,5,group_b,31988.99,0.1258,24.5,2,5793.66,7.3,0
sim-002991,5,group_b,39139.65,0.2163,42.3,1,4989.88,0.4,0
sim-002992,5,group_a,29009.34,0.1589,69.0,0,17352.18,5.1,0
sim-002993,5,group_a,36721.75,0.1086,56.5,0,6255.94,9.4,1
sim-002994,5,group_a,17588.99,0.4909,43.7,3,2554.44,5.3,0
sim-002995,5,group_a,64650.89,0.3527,109.3,2,6930.43,5.6,0
sim-002996,5,group_b,36926.4,0.581,84.4,2,5966.25,2.8,1
sim-002997,5,group_a,23115.8,0.4061,75.2,2,5651.09,5.1,0
sim-002998,5,group_b,13054.95,0.3707,59.3,2,9498.95,6.2,1
sim-002999,5,group_a,56513.6,0.2475,84.0,0,3985.45,6.9,0
sim-003000,6,group_b,46929.35,0.5284,98.5,1,19689.79,17.1,1
sim-003001,6,group_b,40557.99,0.3541,48.7,0,7601.73,3.6,0
sim-003002,6,group_a,53355.49,0.13,33.0,0,8234.99,8.9,0
sim-003003,6,group_b,53293.91,0.1541,29.7,2,6486.54,9.0,1
sim-003004,6,group_a,40282.16,0.1599,118.8,1,17632.85,7.7,0
sim-003005,6,group_b,33363.91,0.2385,36.4,0,5733.21,4.2,0
sim-003006,6,group_b,31157.2,0.6693,36.7,2,9003.18,6.9,1
sim-003007,6,group_a,44302.47,0.3877,97.2,0,9666.23,3.0,0
sim-003008,6,group_a,66752.91,0.2405,67.9,1,7240.63,4.4,0
sim-003009,6,group_b,35553.03,0.1675,143.7,0,10752.78,11.4,0
sim-003010,6,group_a,69017.85,0.1711,53.7,1,12520.63,11.6,0
sim-003011,6,group_b,43422.11,0.3012,67.9,0,11678.73,8.8,0
sim-003012,6,group_b,43559.81,0.5032,59.1,4,7691.49,3.6,0
sim-003013,6,group_b,101940.64,0.5604,117.6,1,7116.02,6.9,0
sim-003014,6,group_a,74319.22,0.3969,64.7,0,8659.35,5.5,0
sim-003015,6,group_b,75133.05,0.3696,58.8,0,6616.09,8.0,0
sim-003016,6,group_b,26555.77,0.0638,61.7,0,4789.11,0.7,0
sim-003017,6,group_a,93219.91,0.1584,13.6,1,8764.42,7.9,0
sim-003018,6,group_a,35863.27,0.3704,24.4,0,16916.12,9.6,1
sim-003019,6,group_a,33740.48,0.5977,40.7,1,10442.26,7.3,0
sim-003020,6,group_a,14989.66,0.7598,70.9,1,4169.07,6.5,1
sim-003021,6,group_b,42575.84,0.5171,85.3,0,8464.1,9.0,0
sim-003022,6,group_a,23552.6,0.0802,89.6,0,12818.32,6.7,0
sim-003023,6,group_a,44067.01,0.082,84.5,1,7441.03,3.7,0
sim-003024,6,group_a,22791.49,0.2439,79.2,2,8855.06,16.1,0
sim-003025,6,group_a,78986.63,0.5405,60.4,1,47921.84,2.6,0
sim-003026,6,group_a,46801.06,0.2191,85.6,0,20638.45,2.8,0
sim-003027,6,group_b,96717.15,0.3666,60.0,2,8153.92,6.7,0
sim-003028,6,group_b,24157.01,0.6808,134.1,3,11730.62,11.1,1
sim-003029,6,group_a,71157.8,0.5299,65.7,3,7300.1,11.1,0
sim-003030,6,group_b,17411.06,0.438,39.9,2,7050.14,5.5,1
sim-003031,6,group_a,40513.55,0.3043,207.9,0,13283.34,6.9,0
sim-003032,6,group_a,28473.19,0.2415,18.0,1,13140.51,2.0,0
sim-003033,6,group_a,30756.55,0.3516,52.3,3,11479.87,3.3,1
sim-003034,6,group_b,29883.79,0.1668,67.1,0,7392.04,6.3,0
sim-003035,6,group_b,25281.27,0.3771,7.7,2,20722.99,6.3,1
sim-003036,6,group_b,21871.31,0.609,68.1,1,4771.09,6.1,0
sim-003037,6,group_a,30828.06,0.0622,46.4,1,8686.96,9.0,0
sim-003038,6,group_a,38977.19,0.0616,49.0,0,4650.39,5.7,0
sim-003039,6,group_b,60521.36,0.3682,79.9,2,8754.71,10.2,0
sim-003040,6,group_a,42026.14,0.1343,23.2,0,7146.88,0.9,1
sim-003041,6,group_b,60593.74,0.2315,73.7,1,16387.22,2.0,0
sim-003042,6,group_b,19953.62,0.6502,122.0,1,8271.51,6.9,1
sim-003043,6,group_a,30950.76,0.2466,59.0,0,16651.97,2.2,1
sim-003044,6,group_b,50042.21,0.4845,99.9,6,7559.37,9.6,1
sim-003045,6,group_b,42879.11,0.2493,73.0,1,6500.94,2.3,0
sim-003046,6,group_a,25856.22,0.367,30.1,1,10259.38,6.6,1
sim-003047,6,group_b,54957.14,0.3131,18.5,1,2898.82,3.3,1
sim-003048,6,group_b,29698.9,0.4502,64.8,1,6996.63,10.0,0
sim-003049,6,group_a,26782.59,0.1287,29.2,2,9254.68,6.2,1
sim-003050,6,group_b,45547.82,0.4303,98.4,1,25852.59,12.4,0
sim-003051,6,group_a,37219.61,0.0527,70.6,0,11437.86,7.5,0
sim-003052,6,group_b,29803.37,0.2993,133.8,0,3368.63,1.6,0
sim-003053,6,group_b,29381.34,0.1956,41.2,2,5919.54,6.4,0
sim-003054,6,group_b,23687.09,0.7629,35.3,4,4730.6,4.4,0
sim-003055,6,group_a,31438.41,0.4037,84.3,1,10443.66,4.2,0
sim-003056,6,group_b,58924.01,0.1114,112.5,1,13236.45,4.5,0
sim-003057,6,group_a,41138.97,0.3863,105.6,2,3934.42,12.8,0
sim-003058,6,group_a,55526.16,0.4273,127.8,2,14813.95,11.9,0
sim-003059,6,group_a,46108.32,0.2435,85.7,0,5293.22,0.8,0
sim-003060,6,group_b,28705.86,0.4661,55.7,3,5349.21,1.6,1
sim-003061,6,group_a,18571.08,0.1971,54.1,2,4531.94,7.4,0
sim-003062,6,group_a,25152.72,0.4169,110.7,2,6225.6,4.1,1
sim-003063,6,group_b,28003.39,0.2685,113.2,0,8382.19,9.0,0
sim-003064,6,group_a,27108.3,0.7588,103.8,1,15056.44,1.3,1
sim-003065,6,group_a,56051.62,0.264,58.0,1,4357.96,2.8,1
sim-003066,6,group_a,55806.59,0.651,12.7,2,4462.89,6.0,1
sim-003067,6,group_a,93994.3,0.115,91.5,1,12984.88,0.3,1
sim-003068,6,group_b,26936.49,0.294,8.7,2,7032.32,6.0,0
sim-003069,6,group_a,72615.11,0.0694,85.7,0,5891.99,6.2,0
sim-003070,6,group_a,72426.84,0.4763,84.9,0,9284.21,5.2,0
sim-003071,6,group_b,33672.92,0.4833,82.7,0,6281.26,2.5,1
sim-003072,6,group_b,45292.34,0.3943,66.2,1,5182.13,7.7,0
sim-003073,6,group_b,62511.63,0.2216,50.5,1,7102.23,2.5,0
sim-003074,6,group_b,36215.83,0.0846,33.0,2,9286.08,4.0,0
sim-003075,6,group_b,35056.47,0.6471,212.4,2,4722.47,6.9,0
sim-003076,6,group_a,28524.49,0.1042,49.4,2,13629.44,4.0,0
sim-003077,6,group_b,13777.39,0.2631,86.5,0,7597.72,5.1,1
sim-003078,6,group_b,38238.5,0.5247,36.2,1,7496.44,6.7,1
sim-003079,6,group_a,27552.67,0.2424,71.5,1,6124.22,8.0,0
sim-003080,6,group_a,23631.92,0.1424,76.3,0,6675.62,2.5,1
sim-003081,6,group_a,44325.73,0.3344,22.5,0,5600.92,3.9,0
sim-003082,6,group_b,20180.03,0.3041,22.4,1,14402.98,3.1,0
sim-003083,6,group_b,52080.9,0.1607,84.0,1,8831.86,3.4,0
sim-003084,6,group_b,45483.81,0.5837,56.8,1,6399.0,6.7,0
sim-003085,6,group_a,31379.77,0.2943,28.7,1,5332.67,2.1,0
sim-003086,6,group_a,36149.19,0.353,22.1,0,6445.28,4.7,0
sim-003087,6,group_a,22518.83,0.1881,67.5,1,10378.69,5.4,1
sim-003088,6,group_a,50875.78,0.3088,120.2,1,6798.73,4.1,1
sim-003089,6,group_b,40162.66,0.2362,79.0,0,7262.33,5.6,0
sim-003090,6,group_b,41438.97,0.2406,76.2,0,8620.54,1.7,1
sim-003091,6,group_b,45834.57,0.4466,75.8,1,6134.58,3.9,0
sim-003092,6,group_b,28344.42,0.6093,32.0,4,7705.96,7.3,0
sim-003093,6,group_b,19613.93,0.1626,12.8,2,22667.42,7.9,1
sim-003094,6,group_a,55496.42,0.368,45.2,1,8895.8,1.5,1
sim-003095,6,group_a,49575.98,0.3941,33.6,6,9056.64,7.6,0
sim-003096,6,group_a,29647.98,0.3805,34.9,3,5612.63,4.6,1
sim-003097,6,group_a,44082.86,0.1368,94.8,1,12506.72,10.3,0
sim-003098,6,group_a,62965.92,0.0768,111.1,0,5871.41,1.2,0
sim-003099,6,group_a,59889.37,0.2102,19.3,0,9554.23,3.3,0
sim-003100,6,group_b,29286.6,0.4227,17.6,2,2876.74,5.4,0
sim-003101,6,group_a,19865.11,0.5794,96.8,2,5442.87,10.0,0
sim-003102,6,group_b,21349.2,0.0818,84.9,1,6135.55,2.8,1
sim-003103,6,group_b,32567.66,0.4383,60.6,5,6950.75,6.3,1
sim-003104,6,group_b,68608.6,0.1256,168.1,0,6590.79,7.5,0
sim-003105,6,group_b,27338.55,0.6807,110.5,1,14864.45,3.6,1
sim-003106,6,group_a,28898.42,0.2341,89.1,2,7838.0,4.3,0
sim-003107,6,group_b,28649.67,0.4789,61.6,2,14929.87,8.7,1
sim-003108,6,group_a,29693.19,0.2239,29.7,0,5073.26,5.6,0
sim-003109,6,group_b,36948.66,0.631,116.7,2,4410.62,2.7,1
sim-003110,6,group_a,21685.06,0.3341,34.8,2,17121.34,3.4,0
sim-003111,6,group_a,58537.99,0.2338,79.9,1,5154.51,0.4,0
sim-003112,6,group_b,34932.58,0.025,132.4,2,9338.07,3.7,0
sim-003113,6,group_b,105159.82,0.2835,35.7,1,7118.47,7.6,0
sim-003114,6,group_a,22676.86,0.5701,55.2,2,4595.38,8.7,1
sim-003115,6,group_b,72384.23,0.1778,48.3,0,4087.01,15.4,0
sim-003116,6,group_a,66593.69,0.4232,62.0,1,5367.39,2.9,0
sim-003117,6,group_b,31228.7,0.2126,105.0,0,6512.58,5.0,0
sim-003118,6,group_a,31447.49,0.1623,32.8,0,9959.03,2.7,1
sim-003119,6,group_a,25211.48,0.0925,51.0,0,8392.92,2.1,1
sim-003120,6,group_a,25333.3,0.2659,23.8,0,6834.53,3.1,0
sim-003121,6,group_a,37113.85,0.2928,75.1,1,13588.52,11.2,0
sim-003122,6,group_a,37447.39,0.54,49.2,1,15701.1,14.3,0
sim-003123,6,group_a,18939.61,0.1586,19.8,0,8766.26,1.0,1
sim-003124,6,group_a,97272.56,0.5431,73.9,1,6377.76,5.7,1
sim-003125,6,group_a,33289.69,0.0478,86.5,1,8037.99,2.4,0
sim-003126,6,group_a,38160.54,0.0843,51.5,0,9209.96,1.9,0
sim-003127,6,group_a,28537.67,0.2432,97.6,0,3911.05,1.1,0
sim-003128,6,group_b,33185.09,0.0442,51.7,1,7832.08,2.7,0
sim-003129,6,group_b,31942.45,0.1544,44.0,3,8245.21,3.2,0
sim-003130,6,group_a,37077.63,0.3972,31.3,1,4913.75,10.4,0
sim-003131,6,group_b,36896.51,0.1667,225.1,0,6134.47,3.4,0
sim-003132,6,group_a,52054.36,0.4643,80.7,1,5565.16,13.1,0
sim-003133,6,group_a,40840.62,0.2808,73.0,1,14835.68,0.7,0
sim-003134,6,group_b,49901.13,0.2984,66.1,3,4386.73,11.3,0
sim-003135,6,group_b,36970.64,0.0593,97.4,2,9792.57,5.2,0
sim-003136,6,group_b,40909.85,0.2224,120.7,0,18274.36,16.7,0
sim-003137,6,group_a,33545.29,0.2231,72.4,1,7731.62,7.6,0
sim-003138,6,group_b,56574.12,0.3072,100.0,2,16222.86,0.3,0
sim-003139,6,group_a,42510.29,0.7249,111.3,2,8524.26,2.9,1
sim-003140,6,group_a,34738.66,0.4264,116.6,1,10333.47,3.9,1
sim-003141,6,group_a,34306.08,0.1896,59.9,1,4061.95,6.5,0
sim-003142,6,group_b,35458.54,0.4005,52.9,1,15388.73,12.7,1
sim-003143,6,group_a,37601.02,0.2372,60.5,1,6973.93,5.1,0
sim-003144,6,group_b,36254.85,0.3786,69.1,0,7815.77,2.6,1
sim-003145,6,group_b,29357.01,0.194,78.7,2,6789.42,8.4,0
sim-003146,6,group_b,51187.89,0.2564,20.9,2,5544.5,4.5,0
sim-003147,6,group_b,52564.27,0.4394,98.4,2,12167.78,4.8,0
sim-003148,6,group_b,78528.73,0.1358,39.7,0,6721.63,2.3,1
sim-003149,6,group_a,28809.93,0.0237,111.0,1,5442.08,1.7,0
sim-003150,6,group_a,49114.24,0.2521,37.8,0,5600.35,5.7,0
sim-003151,6,group_b,16649.95,0.3904,66.9,1,5036.61,8.0,0
sim-003152,6,group_a,52585.63,0.279,55.0,0,17135.67,5.4,1
sim-003153,6,group_a,20135.42,0.2359,19.6,0,8638.2,6.5,0
sim-003154,6,group_a,24552.79,0.606,41.1,3,5436.69,10.5,1
sim-003155,6,group_a,42682.09,0.3053,127.4,0,5375.32,6.9,0
sim-003156,6,group_a,28594.52,0.0467,43.5,1,13588.62,7.6,0
sim-003157,6,group_a,26997.28,0.3272,41.9,2,9265.8,17.4,0
sim-003158,6,group_b,30284.07,0.3613,127.5,0,3841.32,4.3,0
sim-003159,6,group_a,50435.11,0.4526,80.1,2,1815.4,5.7,1
sim-003160,6,group_b,25089.03,0.2186,40.3,0,8698.66,5.3,0
sim-003161,6,group_b,36288.46,0.2943,58.8,1,16067.72,5.4,0
sim-003162,6,group_a,31664.91,0.1457,157.7,0,5485.88,6.9,0
sim-003163,6,group_b,52383.88,0.5658,116.3,3,10995.57,15.4,0
sim-003164,6,group_b,53004.24,0.1975,43.6,0,19722.21,7.2,0
sim-003165,6,group_b,17174.51,0.3402,67.4,2,4214.18,3.9,0
sim-003166,6,group_a,57580.89,0.3378,57.7,1,4995.17,5.5,1
sim-003167,6,group_a,28723.83,0.0448,58.3,1,6797.78,2.7,0
sim-003168,6,group_a,40996.53,0.2794,64.2,0,9803.81,6.7,0
sim-003169,6,group_b,25025.69,0.393,24.9,2,9612.43,3.0,0
sim-003170,6,group_b,43385.33,0.3414,35.8,1,7620.89,11.9,0
sim-003171,6,group_b,108398.18,0.4578,103.5,0,29390.44,6.7,0
sim-003172,6,group_b,39159.94,0.2551,107.8,1,12219.19,4.1,0
sim-003173,6,group_b,30603.33,0.5544,65.2,2,6843.01,4.2,1
sim-003174,6,group_b,33674.37,0.3815,54.0,2,7374.49,1.2,1
sim-003175,6,group_a,20030.42,0.4214,55.9,2,6726.84,5.9,0
sim-003176,6,group_b,68224.88,0.2902,126.0,1,15148.99,2.4,0
sim-003177,6,group_a,42336.76,0.4608,134.6,3,3795.38,3.7,0
sim-003178,6,group_a,23895.92,0.0639,116.6,0,7196.99,3.4,0
sim-003179,6,group_a,24225.14,0.3965,69.5,2,3153.55,13.5,0
sim-003180,6,group_b,37362.34,0.3881,53.8,1,9448.25,7.6,1
sim-003181,6,group_a,54909.3,0.0349,87.1,0,10461.41,4.6,0
sim-003182,6,group_a,22892.95,0.3875,49.7,2,3968.58,11.2,0
sim-003183,6,group_a,59256.57,0.3171,66.3,1,3643.05,5.8,0
sim-003184,6,group_a,35721.71,0.2334,65.4,1,8195.57,5.2,1
sim-003185,6,group_a,25116.94,0.2371,61.6,1,9660.8,0.6,0
sim-003186,6,group_b,30502.69,0.0692,44.1,0,3923.83,1.1,0
sim-003187,6,group_b,77372.96,0.1607,73.4,1,7075.18,3.2,0
sim-003188,6,group_a,20721.98,0.1893,50.6,0,11281.43,7.5,1
sim-003189,6,group_a,27298.99,0.3049,20.0,0,10311.51,13.9,0
sim-003190,6,group_a,55386.16,0.1975,25.6,1,6580.74,17.1,0
sim-003191,6,group_a,40656.42,0.3449,56.7,3,5728.52,11.1,1
sim-003192,6,group_a,26626.94,0.4762,35.9,1,2347.77,6.1,1
sim-003193,6,group_b,55670.92,0.3264,57.0,0,5521.67,7.5,1
sim-003194,6,group_b,56792.76,0.1513,27.0,1,9542.89,15.6,0
sim-003195,6,group_a,42667.13,0.2326,105.9,1,7927.76,5.5,1
sim-003196,6,group_a,28704.05,0.2088,51.7,0,11791.1,4.8,1
sim-003197,6,group_a,30623.17,0.4624,78.2,1,20723.1,4.7,0
sim-003198,6,group_a,41838.15,0.396,111.0,3,8101.83,3.1,0
sim-003199,6,group_b,21396.65,0.7165,104.8,2,2902.83,7.5,0
sim-003200,6,group_b,64839.46,0.6662,72.9,2,6298.66,3.7,1
sim-003201,6,group_b,75817.76,0.2214,109.5,0,14422.12,4.4,0
sim-003202,6,group_b,33620.76,0.1889,33.7,0,14883.33,3.4,1
sim-003203,6,group_b,43112.31,0.4512,44.8,1,3540.79,1.3,0
sim-003204,6,group_b,61085.93,0.1292,155.1,2,5256.36,11.9,0
sim-003205,6,group_a,84401.09,0.4186,72.9,2,7287.95,4.7,1
sim-003206,6,group_a,71391.36,0.2615,79.9,1,12785.96,5.8,0
sim-003207,6,group_a,17909.28,0.2336,56.9,0,5176.65,3.6,1
sim-003208,6,group_a,32515.35,0.0546,53.0,0,10853.0,5.1,1
sim-003209,6,group_a,45811.44,0.4821,45.3,2,2055.56,5.7,0
sim-003210,6,group_a,30164.73,0.066,83.7,2,7489.86,14.2,1
sim-003211,6,group_b,78492.79,0.3084,81.7,0,4455.3,2.8,0
sim-003212,6,group_b,73595.38,0.2482,86.6,0,7005.73,5.4,0
sim-003213,6,group_b,26352.26,0.1666,70.4,1,3747.56,12.3,0
sim-003214,6,group_a,34675.62,0.2335,37.4,0,8196.15,0.9,0
sim-003215,6,group_b,27097.24,0.2753,40.5,1,10681.05,4.1,1
sim-003216,6,group_a,34202.23,0.4185,49.3,0,9012.98,7.5,0
sim-003217,6,group_a,33769.67,0.2952,107.9,3,14160.73,8.8,0
sim-003218,6,group_a,55425.13,0.5657,75.6,2,8607.86,2.6,1
sim-003219,6,group_a,25561.56,0.4132,95.9,2,8777.02,8.6,0
sim-003220,6,group_a,12369.2,0.1882,60.6,1,6022.78,3.0,0
sim-003221,6,group_b,18922.21,0.3272,83.1,3,9956.42,12.0,0
sim-003222,6,group_b,24103.52,0.1107,28.6,1,6223.08,11.2,0
sim-003223,6,group_b,28186.81,0.2315,51.1,0,6893.62,12.1,0
sim-003224,6,group_a,40159.46,0.2815,44.2,2,13852.07,4.8,0
sim-003225,6,group_b,23587.84,0.083,161.3,1,19015.36,4.0,0
sim-003226,6,group_b,22322.22,0.181,45.6,0,6849.78,3.5,0
sim-003227,6,group_a,25125.34,0.4755,34.3,2,9876.04,16.6,1
sim-003228,6,group_b,23235.24,0.451,86.6,1,5537.35,4.4,0
sim-003229,6,group_a,29410.66,0.2156,87.0,1,5849.69,4.3,1
sim-003230,6,group_a,28886.78,0.6653,89.4,2,2361.02,4.8,1
sim-003231,6,group_a,49583.03,0.4611,54.5,1,10735.66,6.8,1
sim-003232,6,group_a,24499.25,0.4084,81.3,0,6451.05,6.8,1
sim-003233,6,group_a,31946.23,0.1168,77.8,1,18648.8,3.5,0
sim-003234,6,group_a,29527.89,0.1714,32.4,1,5605.74,7.6,0
sim-003235,6,group_a,52142.29,0.1882,13.8,4,8050.17,5.6,0
sim-003236,6,group_b,34794.09,0.0625,47.8,1,11712.74,12.1,0
sim-003237,6,group_a,57716.17,0.3272,70.8,0,28286.76,12.8,1
sim-003238,6,group_a,22879.68,0.1447,25.1,1,5262.48,6.4,0
sim-003239,6,group_a,36361.51,0.4719,54.0,4,6388.09,6.0,1
sim-003240,6,group_b,29147.54,0.369,72.0,2,8782.54,1.6,0
sim-003241,6,group_a,22182.54,0.4592,73.4,0,6912.17,10.2,1
sim-003242,6,group_b,36085.46,0.1812,143.0,2,11461.08,6.9,0
sim-003243,6,group_a,76866.83,0.3984,87.0,2,8798.83,9.9,1
sim-003244,6,group_a,25946.14,0.5556,19.8,1,15177.77,2.3,0
sim-003245,6,group_a,35188.3,0.2839,123.8,1,7140.9,4.5,0
sim-003246,6,group_a,21393.93,0.3492,50.6,0,12419.48,13.9,0
sim-003247,6,group_b,20113.05,0.3484,34.5,1,7987.92,3.2,1
sim-003248,6,group_b,26671.58,0.4572,50.6,1,10768.29,10.4,1
sim-003249,6,group_a,30730.38,0.2848,36.7,3,9087.93,6.9,0
sim-003250,6,group_b,31308.82,0.2178,13.0,0,7837.94,17.0,0
sim-003251,6,group_a,33761.27,0.0959,42.9,1,5608.08,9.5,0
sim-003252,6,group_a,18577.39,0.1834,73.2,1,12386.02,6.1,1
sim-003253,6,group_a,28541.16,0.0411,4.2,1,4803.37,7.3,0
sim-003254,6,group_a,45832.03,0.4781,75.3,1,11162.57,6.1,0
sim-003255,6,group_b,20984.45,0.0564,83.1,0,11019.81,4.1,0
sim-003256,6,group_a,31979.13,0.4045,76.4,2,24408.58,0.9,0
sim-003257,6,group_a,41981.92,0.581,75.4,0,12385.69,3.0,1
sim-003258,6,group_a,26727.49,0.5584,45.2,1,3181.44,8.9,0
sim-003259,6,group_a,42849.11,0.2228,41.1,1,5023.01,0.5,0
sim-003260,6,group_a,19596.91,0.1158,40.7,1,8014.36,4.2,0
sim-003261,6,group_b,53914.18,0.4239,52.0,1,6601.59,3.9,1
sim-003262,6,group_a,43288.24,0.1293,89.4,1,9683.46,8.7,0
sim-003263,6,group_a,38001.45,0.1393,21.3,0,4329.03,3.0,1
sim-003264,6,group_a,59541.19,0.4232,64.0,2,3311.66,5.7,0
sim-003265,6,group_a,32327.5,0.4007,54.6,0,5040.62,3.6,1
sim-003266,6,group_a,28638.3,0.645,104.6,6,23691.71,2.7,1
sim-003267,6,group_b,66069.9,0.1998,116.9,1,13944.39,15.1,0
sim-003268,6,group_b,80428.32,0.2534,65.3,3,6118.78,1.8,0
sim-003269,6,group_a,27743.48,0.2204,65.0,1,8853.24,2.6,1
sim-003270,6,group_b,35391.53,0.1226,61.3,2,4934.38,2.0,0
sim-003271,6,group_b,57579.27,0.247,138.9,3,12377.88,3.8,0
sim-003272,6,group_b,35924.65,0.2164,38.6,2,4785.64,9.9,0
sim-003273,6,group_b,47654.25,0.1536,22.8,0,6661.97,6.7,0
sim-003274,6,group_b,51522.27,0.3525,42.0,0,5534.04,6.8,0
sim-003275,6,group_b,29314.34,0.0998,99.6,1,7182.84,5.3,0
sim-003276,6,group_a,44271.45,0.2083,76.2,0,9356.83,1.8,0
sim-003277,6,group_a,37026.87,0.3419,35.4,2,8018.8,1.7,1
sim-003278,6,group_a,22268.21,0.7417,63.6,2,13299.1,2.6,0
sim-003279,6,group_a,24497.98,0.2155,102.9,2,4921.24,1.3,0
sim-003280,6,group_b,28225.61,0.0712,90.4,1,2331.89,11.2,1
sim-003281,6,group_a,54829.21,0.4358,24.0,2,8826.0,5.9,0
sim-003282,6,group_a,55590.66,0.1975,87.3,1,18231.75,2.6,1
sim-003283,6,group_a,50866.68,0.4427,99.1,2,4870.1,16.6,0
sim-003284,6,group_a,44660.58,0.5674,52.2,1,10816.99,3.0,0
sim-003285,6,group_b,44151.71,0.1142,59.0,1,6449.66,3.2,0
sim-003286,6,group_b,41713.3,0.2358,61.3,1,5458.98,5.4,0
sim-003287,6,group_a,44054.85,0.5727,159.5,1,5457.33,4.1,0
sim-003288,6,group_a,45326.73,0.2093,81.2,0,10402.14,10.7,0
sim-003289,6,group_a,20581.39,0.3398,65.8,1,15905.21,14.7,0
sim-003290,6,group_a,26638.06,0.3262,70.0,0,14694.22,3.6,0
sim-003291,6,group_b,24097.25,0.002,22.5,2,12460.01,13.4,0
sim-003292,6,group_a,59100.87,0.3794,89.6,1,8687.63,5.3,0
sim-003293,6,group_a,74363.61,0.3244,126.8,2,5872.47,5.1,1
sim-003294,6,group_a,14928.09,0.4016,123.5,3,12916.81,11.4,1
sim-003295,6,group_b,71626.62,0.2335,14.6,1,15806.54,4.7,0
sim-003296,6,group_b,38500.36,0.2962,43.7,0,6549.4,5.3,0
sim-003297,6,group_a,56802.88,0.6421,80.8,1,6491.18,4.4,0
sim-003298,6,group_a,45922.76,0.0363,26.2,0,10010.8,1.5,0
sim-003299,6,group_a,67979.8,0.5339,95.1,0,4881.41,3.5,0
sim-003300,6,group_b,40541.92,0.1785,37.2,0,9071.14,18.8,0
sim-003301,6,group_a,20938.59,0.1979,106.5,2,2998.64,3.7,1
sim-003302,6,group_a,35511.67,0.28,82.1,1,13562.51,11.6,0
sim-003303,6,group_b,46100.34,0.4966,22.1,5,8617.68,1.6,1
sim-003304,6,group_b,33904.27,0.2396,102.2,0,8651.06,2.0,0
sim-003305,6,group_a,48934.96,0.0752,17.5,1,10548.68,6.9,0
sim-003306,6,group_a,36112.96,0.5777,40.7,2,6377.47,1.3,0
sim-003307,6,group_a,28908.36,0.41,28.4,2,13103.53,1.1,0
sim-003308,6,group_b,23526.65,0.3581,169.4,2,14653.48,1.9,1
sim-003309,6,group_a,31490.38,0.1691,80.7,0,11780.66,5.4,1
sim-003310,6,group_b,40453.97,0.0854,67.4,1,11854.05,3.0,0
sim-003311,6,group_b,16302.2,0.48,53.5,2,39918.79,3.3,0
sim-003312,6,group_a,26752.09,0.1062,192.0,0,18094.08,4.3,0
sim-003313,6,group_b,16048.8,0.3821,62.0,1,5946.28,1.6,1
sim-003314,6,group_a,28647.7,0.2963,187.4,1,8870.43,10.7,1
sim-003315,6,group_a,61382.02,0.2886,65.9,1,3477.4,19.2,0
sim-003316,6,group_b,22557.69,0.1939,118.6,0,11631.02,3.4,0
sim-003317,6,group_a,49877.59,0.3663,127.9,2,6160.11,8.0,0
sim-003318,6,group_a,122823.86,0.2134,44.6,0,19671.22,2.5,0
sim-003319,6,group_a,68356.1,0.2651,81.0,1,11442.22,9.7,0
sim-003320,6,group_a,39264.48,0.2926,113.8,1,6387.74,12.5,0
sim-003321,6,group_a,53238.79,0.4895,19.3,1,8467.73,7.4,1
sim-003322,6,group_b,20883.89,0.4051,99.7,0,13987.02,1.2,1
sim-003323,6,group_b,19171.23,0.0699,91.3,1,12095.85,7.3,0
sim-003324,6,group_b,37573.46,0.5456,87.9,2,5717.43,3.7,0
sim-003325,6,group_b,43888.89,0.4083,41.7,1,16381.86,11.4,0
sim-003326,6,group_a,58785.46,0.658,17.4,1,2669.06,8.7,1
sim-003327,6,group_b,29234.94,0.1504,51.7,2,4051.15,7.9,0
sim-003328,6,group_a,40264.53,0.0833,52.2,2,7871.28,7.9,0
sim-003329,6,group_a,39688.9,0.1989,90.9,1,6612.91,7.5,0
sim-003330,6,group_b,35130.13,0.3533,45.8,1,9334.27,6.4,1
sim-003331,6,group_a,36010.31,0.0833,95.3,0,4580.34,9.6,0
sim-003332,6,group_a,25926.58,0.1638,18.7,2,5618.13,7.3,0
sim-003333,6,group_a,41750.93,0.3601,100.6,2,4717.62,10.0,0
sim-003334,6,group_a,40292.51,0.0223,49.7,0,4543.81,7.4,0
sim-003335,6,group_a,30859.35,0.2351,76.8,1,7727.98,13.0,0
sim-003336,6,group_a,49100.53,0.3656,34.6,2,4773.61,0.6,1
sim-003337,6,group_b,57164.55,0.2834,87.0,2,6376.5,8.7,0
sim-003338,6,group_a,49340.38,0.171,69.6,0,6492.59,6.1,0
sim-003339,6,group_a,23960.78,0.3794,83.2,1,8030.9,1.2,0
sim-003340,6,group_a,38709.92,0.0432,153.4,0,3455.93,8.7,0
sim-003341,6,group_b,25316.17,0.6512,50.1,1,9920.88,4.9,0
sim-003342,6,group_a,38659.7,0.1657,34.1,3,5863.43,2.0,0
sim-003343,6,group_a,25357.62,0.0657,75.2,4,9408.86,11.7,0
sim-003344,6,group_a,63475.46,0.3728,46.0,1,7467.68,8.6,0
sim-003345,6,group_b,51585.67,0.5652,61.1,2,9478.06,3.5,0
sim-003346,6,group_b,60249.86,0.4528,63.2,2,8960.69,6.4,0
sim-003347,6,group_b,57741.03,0.2083,175.7,1,19390.79,7.2,0
sim-003348,6,group_b,33135.09,0.6246,55.0,0,3857.19,2.7,0
sim-003349,6,group_a,31046.58,0.2511,108.6,1,19145.47,4.3,0
sim-003350,6,group_a,77151.32,0.6155,19.4,0,14919.93,4.1,1
sim-003351,6,group_a,34636.03,0.1921,52.9,1,6806.85,3.7,0
sim-003352,6,group_a,21016.77,0.6739,65.2,0,11904.47,6.7,0
sim-003353,6,group_a,56677.7,0.3849,56.2,1,24223.23,2.2,0
sim-003354,6,group_a,39434.08,0.751,63.1,3,4011.1,7.3,1
sim-003355,6,group_a,69877.33,0.2713,41.0,2,9061.2,4.1,0
sim-003356,6,group_a,41111.67,0.3136,105.2,0,4607.62,1.6,1
sim-003357,6,group_a,36812.74,0.2086,44.1,2,9752.32,3.3,1
sim-003358,6,group_b,70472.0,0.2411,36.6,1,13233.9,5.2,0
sim-003359,6,group_b,19454.7,0.0357,73.8,0,4941.85,9.8,1
sim-003360,6,group_a,29031.82,0.1056,83.9,0,6139.68,3.7,0
sim-003361,6,group_a,25573.39,0.184,64.5,0,7962.12,8.5,0
sim-003362,6,group_b,14765.76,0.2107,34.4,1,12944.35,4.9,0
sim-003363,6,group_b,53569.44,0.3497,112.2,1,13959.81,7.5,0
sim-003364,6,group_a,29374.56,0.2678,68.4,2,10550.5,9.5,1
sim-003365,6,group_a,54298.65,0.0485,62.4,0,9523.59,5.1,0
sim-003366,6,group_b,43713.68,0.1628,65.8,0,8316.6,1.4,0
sim-003367,6,group_b,47906.18,0.0889,138.9,0,13084.61,4.5,0
sim-003368,6,group_a,30660.55,0.2613,37.7,1,10778.68,9.7,0
sim-003369,6,group_a,26930.53,0.0962,105.7,1,12032.38,1.4,0
sim-003370,6,group_b,38549.54,0.0743,32.6,2,9191.4,3.9,0
sim-003371,6,group_a,54614.28,0.1237,84.7,0,4366.82,10.8,0
sim-003372,6,group_b,36346.0,0.4107,33.8,3,4634.18,3.5,1
sim-003373,6,group_a,27644.63,0.4963,121.0,2,10536.73,7.0,0
sim-003374,6,group_a,22435.78,0.2911,84.3,0,6498.54,4.6,0
sim-003375,6,group_a,40447.03,0.6075,20.6,2,10443.44,3.7,0
sim-003376,6,group_a,29415.93,0.1155,88.6,2,6592.11,14.3,0
sim-003377,6,group_b,36021.42,0.6226,68.3,1,5568.77,10.4,0
sim-003378,6,group_a,33580.91,0.138,25.2,2,11712.48,7.6,0
sim-003379,6,group_b,30802.13,0.1542,153.6,0,4240.13,11.2,0
sim-003380,6,group_a,41998.85,0.2765,68.0,0,10944.13,2.2,0
sim-003381,6,group_b,46858.69,0.285,73.5,0,6802.49,3.9,1
sim-003382,6,group_b,84746.28,0.1002,60.7,0,5605.15,6.9,0
sim-003383,6,group_a,51039.06,0.2087,76.1,0,6684.83,2.9,0
sim-003384,6,group_a,72500.34,0.3581,38.5,3,8759.62,8.7,1
sim-003385,6,group_b,26322.72,0.6298,34.4,2,19691.93,10.0,1
sim-003386,6,group_a,18950.83,0.474,69.7,1,10413.85,0.9,0
sim-003387,6,group_b,36898.98,0.2212,26.3,0,14144.88,1.1,1
sim-003388,6,group_a,53229.68,0.2864,54.3,2,11682.41,5.9,0
sim-003389,6,group_a,49835.75,0.5056,36.5,2,9019.39,8.4,0
sim-003390,6,group_a,61745.74,0.3591,11.5,0,6650.99,2.3,0
sim-003391,6,group_b,12792.97,0.1948,44.1,0,6642.16,3.4,0
sim-003392,6,group_b,62833.92,0.2697,116.8,1,7412.18,4.7,0
sim-003393,6,group_a,42740.16,0.5883,78.2,3,13779.96,3.0,0
sim-003394,6,group_b,19409.43,0.1593,125.3,0,26053.7,11.3,0
sim-003395,6,group_b,50306.12,0.5503,47.2,1,6912.26,4.2,1
sim-003396,6,group_a,39862.16,0.3913,96.1,0,9088.25,6.6,1
sim-003397,6,group_a,43569.66,0.123,108.4,0,8500.4,6.5,0
sim-003398,6,group_b,56479.09,0.228,26.8,2,6656.71,5.5,1
sim-003399,6,group_b,44476.47,0.4789,47.1,3,3037.89,2.4,1
sim-003400,6,group_a,19998.52,0.4382,90.6,3,16554.1,15.3,0
sim-003401,6,group_b,34958.92,0.3263,52.5,5,10700.12,1.3,1
sim-003402,6,group_a,18818.37,0.242,37.3,2,10959.29,3.5,0
sim-003403,6,group_b,48757.09,0.3862,179.3,0,6315.95,9.0,0
sim-003404,6,group_b,66779.24,0.0559,21.8,1,11341.07,13.9,0
sim-003405,6,group_b,22039.47,0.5325,41.2,2,4608.13,7.6,1
sim-003406,6,group_a,28000.71,0.568,52.7,2,9525.43,6.2,1
sim-003407,6,group_a,25627.08,0.2533,62.7,0,4902.29,0.6,0
sim-003408,6,group_a,30679.8,0.3761,60.3,0,5004.48,3.6,0
sim-003409,6,group_a,44144.24,0.1329,54.4,0,7935.62,3.6,0
sim-003410,6,group_b,30819.75,0.4547,50.3,2,6957.82,9.7,1
sim-003411,6,group_a,48828.17,0.1342,48.6,0,18271.09,5.7,1
sim-003412,6,group_a,58073.2,0.347,80.5,4,3472.96,1.1,1
sim-003413,6,group_a,58967.33,0.1542,60.3,3,10606.9,18.1,0
sim-003414,6,group_a,23210.59,0.4538,29.6,1,13881.89,6.3,1
sim-003415,6,group_a,66442.36,0.5124,59.1,1,5804.9,6.9,0
sim-003416,6,group_b,68716.89,0.1979,72.6,2,7060.62,4.0,0
sim-003417,6,group_b,71262.5,0.4254,206.0,1,11653.0,6.6,1
sim-003418,6,group_a,34742.46,0.1887,51.9,0,5131.23,2.9,0
sim-003419,6,group_b,27071.21,0.1351,94.1,1,8208.96,4.1,0
sim-003420,6,group_b,24553.72,0.4328,104.6,0,7615.32,1.8,0
sim-003421,6,group_a,23371.03,0.3638,53.6,0,9814.66,4.9,0
sim-003422,6,group_b,37306.02,0.2176,108.7,0,8809.18,7.3,1
sim-003423,6,group_a,53002.68,0.1997,95.4,2,7730.93,2.7,0
sim-003424,6,group_a,64263.98,0.1421,100.3,0,7962.35,3.6,0
sim-003425,6,group_a,30274.65,0.4326,43.3,1,6515.24,2.6,0
sim-003426,6,group_a,36524.95,0.4549,175.8,2,12085.64,3.2,0
sim-003427,6,group_b,35533.86,0.3157,94.2,3,8988.46,1.9,0
sim-003428,6,group_b,28429.49,0.2051,36.8,1,8667.0,1.4,0
sim-003429,6,group_b,50564.99,0.2062,53.8,0,17517.42,6.2,0
sim-003430,6,group_a,43234.59,0.1944,76.1,0,12236.67,9.6,1
sim-003431,6,group_a,39401.76,0.2544,77.0,1,6257.29,7.3,0
sim-003432,6,group_b,43152.18,0.3935,93.6,2,24250.23,7.4,1
sim-003433,6,group_a,48073.65,0.2265,85.9,1,6695.25,8.8,0
sim-003434,6,group_a,47871.88,0.2638,45.6,2,29881.85,3.4,1
sim-003435,6,group_a,26103.75,0.1808,116.7,1,1459.2,1.8,0
sim-003436,6,group_a,54092.89,0.0451,120.8,0,6345.83,3.8,0
sim-003437,6,group_a,41326.27,0.201,89.0,0,7702.04,11.0,0
sim-003438,6,group_a,30929.36,0.5795,101.9,0,7449.86,3.7,0
sim-003439,6,group_b,40961.03,0.1242,55.1,1,7040.6,1.6,0
sim-003440,6,group_a,42902.29,0.3174,47.4,0,10502.78,10.0,0
sim-003441,6,group_a,58474.68,0.1662,53.7,0,6258.0,5.6,1
sim-003442,6,group_a,23923.45,0.2935,132.1,3,8485.33,3.5,0
sim-003443,6,group_a,64763.24,0.0886,56.5,0,9518.84,2.4,0
sim-003444,6,group_b,37486.26,0.2961,7.3,1,40694.15,12.9,0
sim-003445,6,group_a,30013.89,0.5304,70.7,3,18086.6,7.7,1
sim-003446,6,group_b,29630.56,0.1552,49.5,1,11097.98,7.2,1
sim-003447,6,group_b,24377.74,0.2703,28.7,0,17054.21,1.5,1
sim-003448,6,group_a,17868.88,0.3186,44.1,0,2729.18,10.2,0
sim-003449,6,group_b,49340.87,0.1403,59.7,1,3882.69,1.0,0
sim-003450,6,group_b,85303.63,0.1253,81.2,2,7327.96,7.5,1
sim-003451,6,group_a,18818.61,0.1383,98.7,1,4765.49,3.1,1
sim-003452,6,group_a,24904.91,0.2783,28.4,2,10741.96,3.5,0
sim-003453,6,group_a,50902.38,0.0857,78.2,0,12717.59,4.3,0
sim-003454,6,group_b,36418.51,0.606,32.3,1,7338.16,4.9,1
sim-003455,6,group_b,52704.5,0.3902,38.6,1,5527.02,8.2,0
sim-003456,6,group_b,35570.69,0.5331,91.8,0,16252.94,5.9,1
sim-003457,6,group_b,29089.61,0.4494,37.3,4,3204.25,1.1,1
sim-003458,6,group_a,33763.86,0.1526,62.3,0,7024.99,14.5,0
sim-003459,6,group_b,13650.38,0.3763,47.1,1,4920.57,2.2,1
sim-003460,6,group_a,22965.23,0.2914,92.4,1,7920.94,2.4,0
sim-003461,6,group_b,55286.13,0.3437,82.2,1,6822.6,2.0,1
sim-003462,6,group_a,61242.58,0.3174,78.1,1,7353.62,10.9,0
sim-003463,6,group_a,67009.5,0.4135,40.0,3,9341.44,3.8,0
sim-003464,6,group_b,44674.81,0.6328,70.3,4,21385.6,3.4,1
sim-003465,6,group_b,14392.34,0.5545,84.8,2,13971.75,13.2,0
sim-003466,6,group_b,28432.76,0.0969,56.4,2,6983.49,5.6,0
sim-003467,6,group_a,64754.3,0.2658,39.3,0,6229.21,2.0,0
sim-003468,6,group_a,73400.26,0.4397,63.3,0,10064.34,0.3,1
sim-003469,6,group_b,65795.85,0.2765,63.1,1,3778.4,20.6,0
sim-003470,6,group_a,33616.56,0.1648,125.2,1,2804.81,7.3,0
sim-003471,6,group_a,21444.81,0.4465,68.5,3,8732.9,5.6,1
sim-003472,6,group_a,36495.15,0.4717,55.5,0,7717.3,8.8,0
sim-003473,6,group_a,37354.88,0.5247,62.5,1,16474.64,0.9,0
sim-003474,6,group_a,71649.2,0.2507,48.5,0,7540.9,2.9,0
sim-003475,6,group_a,40850.42,0.5039,44.5,0,12134.16,4.3,0
sim-003476,6,group_b,37384.3,0.2586,55.3,2,10326.45,5.3,1
sim-003477,6,group_b,38287.09,0.1859,58.4,0,8026.05,9.1,0
sim-003478,6,group_b,43911.9,0.7585,53.3,2,4643.11,6.7,1
sim-003479,6,group_a,48296.04,0.3229,45.0,0,7871.22,5.4,0
sim-003480,6,group_a,27383.45,0.0372,132.5,0,4514.02,12.4,0
sim-003481,6,group_b,23808.54,0.1721,46.9,3,5711.53,1.9,1
sim-003482,6,group_b,66014.82,0.2563,114.0,0,4240.27,4.7,0
sim-003483,6,group_a,18634.36,0.3383,56.4,4,14896.96,14.0,0
sim-003484,6,group_b,73854.63,0.2077,42.9,0,7647.16,2.4,0
sim-003485,6,group_b,16639.17,0.4335,50.4,2,4903.02,14.2,1
sim-003486,6,group_b,29041.84,0.4907,27.2,1,4364.81,5.7,0
sim-003487,6,group_b,55836.25,0.55,72.5,2,13289.91,9.2,1
sim-003488,6,group_a,37128.63,0.4272,100.6,1,11841.69,3.8,0
sim-003489,6,group_a,21355.82,0.2045,77.5,0,4253.42,13.8,0
sim-003490,6,group_b,44404.67,0.2834,67.2,1,10827.36,12.1,0
sim-003491,6,group_a,38182.85,0.2585,187.0,0,5932.39,1.3,0
sim-003492,6,group_b,33903.03,0.5363,41.0,0,11946.92,3.3,0
sim-003493,6,group_b,28565.43,0.3373,107.8,1,3726.37,5.7,0
sim-003494,6,group_a,36587.63,0.1485,80.4,1,8121.77,5.7,0
sim-003495,6,group_b,29073.81,0.2253,29.5,2,9588.63,11.9,0
sim-003496,6,group_b,103208.21,0.3522,45.7,1,17428.22,3.5,0
sim-003497,6,group_b,33563.44,0.1923,40.8,0,5653.81,6.9,1
sim-003498,6,group_a,31730.13,0.1521,89.8,0,4926.65,6.8,0
sim-003499,6,group_b,29569.92,0.2093,68.5,1,4419.86,14.9,0
sim-003500,7,group_a,79246.57,0.2038,58.7,1,5147.66,4.8,0
sim-003501,7,group_a,18874.97,0.2259,50.9,1,15420.79,5.3,0
sim-003502,7,group_a,43693.81,0.43,19.5,2,4875.03,8.7,0
sim-003503,7,group_b,33979.01,0.1404,87.3,0,9198.87,1.3,0
sim-003504,7,group_b,20664.49,0.3814,153.6,2,9136.6,15.2,1
sim-003505,7,group_a,26635.17,0.2617,114.5,0,4507.15,3.3,0
sim-003506,7,group_a,42921.18,0.3755,65.8,0,10471.23,1.0,1
sim-003507,7,group_b,26133.02,0.5923,110.9,2,12706.31,25.1,0
sim-003508,7,group_b,41898.98,0.3961,84.2,1,6118.02,15.9,0
sim-003509,7,group_a,77671.55,0.1883,11.7,1,7295.3,6.1,0
sim-003510,7,group_b,40362.33,0.3719,135.1,2,6653.56,9.8,0
sim-003511,7,group_b,20404.79,0.2899,25.2,0,4463.24,1.0,0
sim-003512,7,group_b,26326.88,0.3697,61.5,0,9905.1,2.6,0
sim-003513,7,group_b,33327.21,0.1207,141.6,1,7865.34,3.4,0
sim-003514,7,group_b,32404.78,0.1696,33.2,1,8924.06,2.5,0
sim-003515,7,group_b,40048.47,0.55,65.9,0,2707.89,9.3,0
sim-003516,7,group_b,42839.94,0.2459,56.6,2,9598.88,9.9,0
sim-003517,7,group_a,77716.41,0.1423,42.7,0,15324.27,7.2,0
sim-003518,7,group_a,37512.81,0.5108,136.3,0,5960.84,7.1,0
sim-003519,7,group_b,23157.6,0.2051,42.7,1,5173.59,6.6,0
sim-003520,7,group_a,60998.14,0.2111,56.7,1,11553.03,5.3,0
sim-003521,7,group_b,63861.4,0.2262,57.4,0,4327.29,10.3,0
sim-003522,7,group_a,41424.43,0.4598,52.3,1,2346.49,1.3,0
sim-003523,7,group_a,33877.77,0.1773,52.1,3,8749.1,6.6,1
sim-003524,7,group_a,48799.21,0.1733,36.9,1,5970.82,3.0,0
sim-003525,7,group_a,34384.0,0.0812,49.3,1,11044.76,6.1,1
sim-003526,7,group_a,15844.89,0.3793,133.3,0,8321.33,7.5,1
sim-003527,7,group_a,47603.39,0.2165,68.0,1,11190.51,7.5,0
sim-003528,7,group_b,54652.25,0.2803,62.1,0,8619.06,9.8,1
sim-003529,7,group_a,68820.48,0.1538,101.4,0,12265.25,6.1,0
sim-003530,7,group_a,27641.72,0.2054,52.8,1,38791.26,9.1,0
sim-003531,7,group_a,41315.35,0.1687,23.9,1,6543.62,3.2,0
sim-003532,7,group_a,41692.47,0.3328,95.0,0,7337.42,5.2,0
sim-003533,7,group_a,38943.25,0.289,35.7,1,4615.91,8.0,1
sim-003534,7,group_b,39428.32,0.1239,50.5,0,7110.5,6.5,0
sim-003535,7,group_b,38162.06,0.6053,27.3,1,8075.38,12.8,0
sim-003536,7,group_a,41065.96,0.3968,39.9,1,6589.51,0.4,0
sim-003537,7,group_b,51281.54,0.3835,39.8,0,8438.63,1.4,0
sim-003538,7,group_a,62725.34,0.3457,72.6,1,8574.04,0.8,0
sim-003539,7,group_a,27346.41,0.1154,24.4,0,9095.07,8.5,0
sim-003540,7,group_b,34948.59,0.1591,102.1,1,6545.76,10.9,1
sim-003541,7,group_a,31461.02,0.0383,52.8,0,3608.7,4.0,0
sim-003542,7,group_b,29626.3,0.2208,55.6,0,11335.13,8.6,0
sim-003543,7,group_a,19058.47,0.456,61.2,1,6852.11,3.0,0
sim-003544,7,group_a,37955.64,0.6144,28.6,2,11831.7,5.7,1
sim-003545,7,group_a,45950.25,0.1216,85.6,0,6661.91,6.1,0
sim-003546,7,group_a,35202.0,0.1597,83.6,0,3991.92,3.0,0
sim-003547,7,group_b,37430.37,0.2498,83.3,2,6866.22,4.0,1
sim-003548,7,group_a,44790.15,0.4479,32.9,1,3121.41,4.7,0
sim-003549,7,group_b,67959.71,0.346,34.4,1,4967.5,4.4,0
sim-003550,7,group_b,31498.62,0.1574,65.6,0,6901.7,3.9,0
sim-003551,7,group_a,22969.51,0.096,47.5,1,4354.2,5.1,0
sim-003552,7,group_a,36171.08,0.0954,56.4,1,7172.9,11.0,0
sim-003553,7,group_a,82875.58,0.1322,50.3,3,4990.14,13.1,0
sim-003554,7,group_a,23073.08,0.0584,129.0,1,10681.4,2.1,0
sim-003555,7,group_b,49367.96,0.2743,84.0,1,2952.2,6.4,0
sim-003556,7,group_a,61103.45,0.3669,38.9,1,9163.17,10.0,1
sim-003557,7,group_b,13911.56,0.2792,57.4,1,7519.94,18.0,0
sim-003558,7,group_b,44635.89,0.5443,36.0,1,5603.01,2.6,0
sim-003559,7,group_a,48408.59,0.4024,48.9,2,7320.1,5.6,0
sim-003560,7,group_b,33581.12,0.604,53.1,0,9651.5,7.2,0
sim-003561,7,group_a,28638.17,0.1009,44.2,1,2411.04,7.2,0
sim-003562,7,group_b,29316.97,0.0115,63.4,0,10848.3,6.4,0
sim-003563,7,group_a,32728.49,0.2367,77.5,4,17935.5,5.6,0
sim-003564,7,group_b,33094.41,0.2089,52.9,1,4059.66,1.8,0
sim-003565,7,group_b,30573.03,0.0435,35.1,1,19548.67,4.5,1
sim-003566,7,group_b,32510.57,0.1642,57.1,0,12681.49,12.7,0
sim-003567,7,group_a,61953.08,0.7291,60.0,2,5538.21,10.9,1
sim-003568,7,group_b,22560.14,0.5015,150.6,2,8506.02,2.0,1
sim-003569,7,group_a,18022.85,0.1846,78.5,0,5975.69,0.3,1
sim-003570,7,group_b,62370.63,0.6219,23.1,2,8665.98,12.4,1
sim-003571,7,group_a,34660.38,0.2454,62.2,1,18743.89,2.1,0
sim-003572,7,group_a,31918.54,0.3816,99.9,1,10610.07,7.1,0
sim-003573,7,group_a,35856.81,0.5165,75.6,0,6916.66,9.4,0
sim-003574,7,group_a,41023.33,0.0842,64.2,1,9834.68,4.4,0
sim-003575,7,group_a,30148.74,0.5756,41.0,2,4013.49,7.5,0
sim-003576,7,group_b,46466.69,0.2462,76.0,3,17919.32,7.2,1
sim-003577,7,group_a,25080.6,0.2043,49.5,1,7226.84,3.6,0
sim-003578,7,group_b,33098.16,0.5283,79.0,1,7180.12,4.3,1
sim-003579,7,group_a,14821.4,0.406,93.5,1,9012.42,8.6,0
sim-003580,7,group_b,61472.16,0.2847,107.6,0,6323.33,2.1,1
sim-003581,7,group_b,34893.06,0.4632,94.0,1,5296.05,8.6,0
sim-003582,7,group_a,49783.74,0.1808,69.1,1,9545.98,4.1,0
sim-003583,7,group_b,45897.29,0.3326,31.4,0,6812.47,6.2,1
sim-003584,7,group_b,47331.05,0.1482,37.3,1,4550.4,1.6,0
sim-003585,7,group_b,37448.96,0.3673,58.3,1,13284.44,3.0,0
sim-003586,7,group_a,44225.44,0.3094,87.5,3,2351.69,10.0,0
sim-003587,7,group_a,25090.9,0.4093,64.0,1,4431.98,16.4,0
sim-003588,7,group_b,22973.69,0.1699,75.1,0,12064.54,12.5,0
sim-003589,7,group_a,36009.41,0.1138,102.6,0,6996.21,4.4,0
sim-003590,7,group_b,28239.98,0.2382,78.0,0,14930.7,3.4,0
sim-003591,7,group_a,68370.38,0.1924,50.6,1,14295.61,6.7,0
sim-003592,7,group_b,43983.1,0.2983,138.8,0,13019.82,5.9,0
sim-003593,7,group_a,27807.97,0.1348,86.6,2,17191.92,0.3,0
sim-003594,7,group_a,33521.86,0.2007,90.9,2,7141.35,6.9,0
sim-003595,7,group_b,39730.04,0.3561,73.3,2,7598.01,1.9,1
sim-003596,7,group_b,36513.55,0.308,122.8,1,8249.46,0.8,0
sim-003597,7,group_b,42113.91,0.086,138.3,0,13396.61,3.0,0
sim-003598,7,group_b,38670.6,0.2485,86.1,2,6102.75,7.6,0
sim-003599,7,group_a,20950.63,0.2793,110.2,0,12733.98,3.6,1
sim-003600,7,group_a,15223.87,0.0578,57.3,0,8428.21,7.1,0
sim-003601,7,group_a,32115.18,0.3816,106.5,2,13391.49,6.6,0
sim-003602,7,group_a,47543.81,0.0504,97.1,0,12760.07,3.2,0
sim-003603,7,group_a,32267.15,0.1983,33.2,2,7549.4,15.6,0
sim-003604,7,group_b,63155.61,0.2102,92.9,0,18451.97,1.1,1
sim-003605,7,group_a,36838.82,0.2263,19.8,1,12925.71,2.0,0
sim-003606,7,group_a,66437.86,0.7386,34.8,1,3300.41,2.8,1
sim-003607,7,group_a,60949.41,0.2547,100.8,0,2872.75,1.3,0
sim-003608,7,group_a,58427.41,0.3282,27.1,1,4886.23,4.4,0
sim-003609,7,group_a,22663.82,0.185,36.3,2,7998.93,3.2,0
sim-003610,7,group_b,37842.92,0.4188,96.5,2,14278.01,4.8,0
sim-003611,7,group_a,62790.86,0.1871,67.7,2,6838.03,2.1,0
sim-003612,7,group_b,42124.5,0.7812,40.1,0,6878.37,5.0,1
sim-003613,7,group_b,47421.51,0.2971,56.8,1,9335.1,5.9,0
sim-003614,7,group_b,20975.02,0.2701,76.8,1,16979.39,8.3,0
sim-003615,7,group_b,84110.93,0.7113,54.3,4,9742.14,5.4,1
sim-003616,7,group_a,26946.88,0.0932,171.2,1,7161.16,4.6,0
sim-003617,7,group_a,16258.02,0.3161,119.8,2,4620.57,9.9,0
sim-003618,7,group_a,32419.88,0.0833,33.7,1,4294.04,10.1,0
sim-003619,7,group_b,13440.89,0.5114,106.7,1,3838.91,11.4,0
sim-003620,7,group_b,23819.2,0.2849,66.7,0,10381.25,5.1,0
sim-003621,7,group_a,110037.33,0.3124,7.9,3,9520.28,11.9,0
sim-003622,7,group_a,32028.55,0.3496,114.0,1,10910.88,1.5,0
sim-003623,7,group_b,20626.45,0.3941,98.4,0,12596.75,5.3,0
sim-003624,7,group_b,37972.79,0.1989,34.1,0,8815.07,15.1,0
sim-003625,7,group_a,25768.87,0.0806,65.4,1,5048.08,0.9,0
sim-003626,7,group_b,54019.38,0.0986,48.6,1,5812.18,3.6,0
sim-003627,7,group_b,25858.41,0.344,64.7,0,8576.62,3.0,0
sim-003628,7,group_b,42096.01,0.225,54.6,0,6666.1,11.7,0
sim-003629,7,group_a,23207.6,0.4762,104.2,4,3239.92,7.9,1
sim-003630,7,group_a,111925.84,0.2929,55.3,2,5678.48,7.1,0
sim-003631,7,group_b,46421.68,0.2549,132.3,1,16359.82,5.0,1
sim-003632,7,group_b,35344.13,0.4928,73.6,1,9051.31,8.0,0
sim-003633,7,group_a,33221.67,0.4211,52.3,2,8565.8,2.0,0
sim-003634,7,group_b,29776.89,0.3179,66.0,2,5408.66,3.9,0
sim-003635,7,group_a,27293.84,0.3259,53.3,0,3946.98,5.0,0
sim-003636,7,group_b,26980.6,0.0845,39.0,0,8367.64,11.9,0
sim-003637,7,group_a,76031.13,0.4509,46.8,1,9745.72,7.0,0
sim-003638,7,group_b,29789.23,0.4417,73.3,1,3945.59,10.0,1
sim-003639,7,group_a,15361.87,0.2836,66.7,1,12405.37,15.1,1
sim-003640,7,group_a,23024.03,0.4861,77.7,1,6352.15,1.1,1
sim-003641,7,group_a,55472.59,0.5033,63.3,2,9642.58,7.4,1
sim-003642,7,group_b,33793.5,0.4513,52.7,0,8278.98,2.9,1
sim-003643,7,group_a,35514.12,0.2639,39.3,1,7745.49,10.6,1
sim-003644,7,group_a,61409.64,0.3741,54.0,2,30531.69,1.8,1
sim-003645,7,group_b,27108.16,0.2843,78.2,1,10714.23,5.2,0
sim-003646,7,group_a,49001.95,0.2033,39.7,2,8227.77,1.4,1
sim-003647,7,group_a,28381.39,0.3148,46.6,3,11120.42,6.8,1
sim-003648,7,group_a,47852.0,0.7215,73.0,2,6635.06,2.1,1
sim-003649,7,group_b,31879.65,0.0652,72.4,1,12153.13,5.3,0
sim-003650,7,group_a,33946.78,0.4098,39.2,2,9289.03,12.6,0
sim-003651,7,group_a,53021.68,0.5591,80.2,2,7532.24,5.0,0
sim-003652,7,group_a,51439.95,0.2079,73.7,1,7031.84,1.6,0
sim-003653,7,group_a,35049.63,0.1252,153.9,2,7489.82,2.9,0
sim-003654,7,group_a,30819.97,0.1491,38.0,0,8146.37,3.3,0
sim-003655,7,group_a,73544.21,0.7151,139.7,3,14802.62,15.9,1
sim-003656,7,group_a,48123.16,0.6238,72.9,3,10039.66,9.0,1
sim-003657,7,group_a,31879.56,0.3866,25.7,0,2834.93,9.3,0
sim-003658,7,group_b,28558.35,0.4379,55.7,0,18530.64,4.7,1
sim-003659,7,group_a,57783.41,0.4614,54.6,1,10669.66,1.7,0
sim-003660,7,group_a,39437.33,0.1643,105.6,1,28402.05,4.6,0
sim-003661,7,group_b,35077.24,0.5976,46.7,2,7876.18,2.0,1
sim-003662,7,group_b,39430.29,0.2685,31.5,1,14446.02,0.9,0
sim-003663,7,group_b,43298.56,0.2309,78.9,0,11853.81,3.5,0
sim-003664,7,group_a,36687.47,0.2331,71.2,1,8917.48,11.8,0
sim-003665,7,group_a,62289.52,0.2788,91.3,1,15819.92,4.0,0
sim-003666,7,group_a,63762.6,0.5682,120.0,2,7408.59,5.3,0
sim-003667,7,group_a,46976.04,0.282,114.2,3,8672.07,2.8,0
sim-003668,7,group_a,66928.62,0.1187,173.5,0,4714.91,5.7,1
sim-003669,7,group_a,37705.78,0.1555,138.9,0,7272.18,3.7,0
sim-003670,7,group_a,50208.47,0.4691,86.6,1,5191.26,2.4,0
sim-003671,7,group_b,57289.44,0.3961,66.6,2,8303.46,5.3,0
sim-003672,7,group_a,57641.38,0.5566,70.7,1,11060.14,2.5,0
sim-003673,7,group_a,55200.08,0.3394,102.3,1,9897.85,2.0,0
sim-003674,7,group_b,48976.68,0.1029,48.9,1,9063.52,1.3,0
sim-003675,7,group_b,85476.25,0.5096,55.8,1,11690.56,22.6,0
sim-003676,7,group_a,29951.29,0.4909,87.7,1,27626.53,5.0,1
sim-003677,7,group_a,35200.21,0.1502,31.0,1,6503.72,2.6,0
sim-003678,7,group_a,34334.49,0.6057,47.8,4,27416.3,7.9,1
sim-003679,7,group_a,32190.02,0.1345,40.4,1,4040.95,25.9,0
sim-003680,7,group_b,16296.66,0.2182,121.6,1,2528.98,4.0,0
sim-003681,7,group_a,66932.72,0.0093,34.8,1,14928.44,6.2,0
sim-003682,7,group_a,24417.69,0.2078,52.8,2,8458.27,8.8,0
sim-003683,7,group_a,40349.01,0.4809,46.6,2,3745.96,11.7,0
sim-003684,7,group_a,20677.85,0.1888,56.3,1,8312.18,3.8,0
sim-003685,7,group_a,48761.71,0.3934,83.3,0,6605.83,6.9,0
sim-003686,7,group_a,27014.62,0.314,78.4,0,9921.22,3.3,0
sim-003687,7,group_b,23316.02,0.2053,72.5,2,7160.54,7.2,0
sim-003688,7,group_b,40766.84,0.2147,86.8,1,15545.88,3.9,1
sim-003689,7,group_a,27992.49,0.2862,77.4,1,8835.74,26.7,0
sim-003690,7,group_a,29520.88,0.2107,14.0,0,9340.47,4.4,1
sim-003691,7,group_b,40382.49,0.0231,89.0,1,7388.64,11.5,0
sim-003692,7,group_a,52574.98,0.3083,72.1,0,11483.79,1.1,0
sim-003693,7,group_a,26642.74,0.6217,125.4,1,7666.42,10.6,1
sim-003694,7,group_b,24777.7,0.4836,38.6,2,13432.89,7.0,1
sim-003695,7,group_a,37943.87,0.3292,66.0,4,4049.54,5.6,0
sim-003696,7,group_a,47121.57,0.3604,77.5,0,8622.85,6.3,0
sim-003697,7,group_a,69449.64,0.3582,141.7,1,6062.77,4.0,0
sim-003698,7,group_a,23957.62,0.3845,31.6,1,4956.8,3.4,0
sim-003699,7,group_a,32874.54,0.3666,70.9,0,4184.82,4.7,0
sim-003700,7,group_b,61563.85,0.154,72.8,0,5272.5,14.6,0
sim-003701,7,group_a,86051.37,0.5535,39.8,0,9716.98,1.7,0
sim-003702,7,group_a,24757.95,0.3609,56.4,2,10172.54,0.9,1
sim-003703,7,group_b,27548.38,0.2402,57.1,0,12121.88,1.3,0
sim-003704,7,group_a,44093.25,0.3222,43.3,2,6486.63,14.6,0
sim-003705,7,group_a,29476.48,0.1601,73.5,1,13543.64,8.4,0
sim-003706,7,group_a,27313.13,0.2609,77.7,0,7862.5,7.1,0
sim-003707,7,group_b,41634.22,0.2008,73.4,1,11330.46,4.5,0
sim-003708,7,group_a,72024.12,0.2858,29.1,0,8573.72,6.0,0
sim-003709,7,group_b,21677.22,0.4738,48.0,1,5618.8,5.5,0
sim-003710,7,group_b,70495.23,0.375,149.6,0,4009.53,2.2,1
sim-003711,7,group_b,29513.32,0.3662,46.1,3,4461.38,9.0,0
sim-003712,7,group_b,43444.2,0.0214,31.2,0,5008.78,1.9,0
sim-003713,7,group_b,73288.38,0.3532,56.5,1,6338.09,7.1,0
sim-003714,7,group_b,43072.32,0.1717,18.0,0,11193.28,5.4,0
sim-003715,7,group_b,33158.48,0.0729,192.1,0,13321.98,5.3,0
sim-003716,7,group_b,50799.09,0.4152,27.8,2,13809.21,5.8,1
sim-003717,7,group_b,34935.9,0.2955,40.4,0,1696.21,4.5,0
sim-003718,7,group_b,46768.61,0.1534,44.4,3,6425.32,1.8,0
sim-003719,7,group_a,34476.53,0.1485,77.3,1,7099.64,3.9,0
sim-003720,7,group_b,53943.05,0.2601,24.8,2,6579.53,9.0,1
sim-003721,7,group_a,20919.2,0.0183,222.7,0,3435.35,6.0,0
sim-003722,7,group_b,24546.41,0.2745,64.7,2,13535.05,7.5,0
sim-003723,7,group_a,20790.47,0.4286,22.1,2,20132.3,10.3,1
sim-003724,7,group_b,36691.47,0.1557,151.4,4,6829.12,8.5,0
sim-003725,7,group_b,19763.54,0.3771,76.9,0,24501.58,14.0,0
sim-003726,7,group_b,28097.36,0.5747,55.0,0,2540.84,4.3,0
sim-003727,7,group_a,23596.33,0.2845,21.9,0,4665.77,2.4,0
sim-003728,7,group_b,69944.97,0.5131,67.3,1,7094.33,6.3,0
sim-003729,7,group_b,24783.03,0.225,54.1,0,11203.35,8.3,1
sim-003730,7,group_b,21887.06,0.148,27.3,2,8441.67,4.8,1
sim-003731,7,group_b,41701.91,0.2487,69.5,1,4690.14,2.2,0
sim-003732,7,group_a,76302.8,0.2286,51.9,0,11720.46,3.1,0
sim-003733,7,group_a,35783.85,0.294,50.9,1,10841.95,3.2,1
sim-003734,7,group_a,36965.41,0.2354,109.0,3,6184.1,6.5,0
sim-003735,7,group_b,64609.59,0.472,123.9,1,6714.17,11.3,0
sim-003736,7,group_a,54331.33,0.4682,95.4,1,4611.65,5.3,1
sim-003737,7,group_b,44921.61,0.2688,87.3,1,10585.37,1.3,0
sim-003738,7,group_b,29419.61,0.2337,93.8,1,4473.24,10.5,0
sim-003739,7,group_a,45501.58,0.1209,40.1,0,4223.22,3.1,0
sim-003740,7,group_a,21215.15,0.5849,56.3,4,18256.3,8.3,1
sim-003741,7,group_a,28913.28,0.1191,92.5,0,8487.95,6.1,0
sim-003742,7,group_b,68542.85,0.5694,84.9,1,5652.04,6.9,0
sim-003743,7,group_a,64915.19,0.3158,38.6,1,3094.37,4.7,0
sim-003744,7,group_a,45149.91,0.1155,71.9,0,8578.36,1.4,1
sim-003745,7,group_b,16708.48,0.3596,36.2,1,8165.3,14.3,0
sim-003746,7,group_a,22619.03,0.1867,41.3,0,14121.72,0.6,0
sim-003747,7,group_b,28243.58,0.5271,94.4,3,2497.73,2.2,1
sim-003748,7,group_a,34957.43,0.0813,78.0,1,5562.04,5.3,0
sim-003749,7,group_a,22221.76,0.4987,75.8,0,10664.81,9.9,0
sim-003750,7,group_a,33878.92,0.3648,58.7,0,7462.3,12.5,1
sim-003751,7,group_a,78925.84,0.1278,76.5,0,11578.7,1.2,0
sim-003752,7,group_a,44460.26,0.0608,62.7,2,9264.58,4.7,0
sim-003753,7,group_b,41188.2,0.2367,45.7,1,9025.8,7.7,1
sim-003754,7,group_a,24504.86,0.2396,93.4,0,11002.31,3.1,0
sim-003755,7,group_a,18875.62,0.4563,20.0,1,4392.07,7.0,0
sim-003756,7,group_a,22430.06,0.0611,54.4,2,9602.72,11.5,1
sim-003757,7,group_a,18558.01,0.0348,122.9,1,9840.45,14.3,1
sim-003758,7,group_b,38774.37,0.7286,52.2,1,23212.04,9.2,0
sim-003759,7,group_a,44144.87,0.3887,47.6,2,2852.9,4.1,1
sim-003760,7,group_b,25048.73,0.5731,22.8,2,6650.46,5.1,0
sim-003761,7,group_a,39979.66,0.4309,50.6,3,10628.8,2.5,1
sim-003762,7,group_a,69631.85,0.1302,100.7,2,12610.42,8.2,0
sim-003763,7,group_a,85496.69,0.3338,135.7,2,7287.47,4.6,1
sim-003764,7,group_a,51925.87,0.5467,78.1,3,6845.57,3.0,1
sim-003765,7,group_b,34911.34,0.5456,46.9,1,7233.77,4.8,0
sim-003766,7,group_a,51226.07,0.0885,121.6,1,16446.86,2.3,0
sim-003767,7,group_a,66287.74,0.3651,119.8,1,7919.93,2.4,0
sim-003768,7,group_b,16170.83,0.2113,81.6,2,5672.72,0.4,0
sim-003769,7,group_b,70015.29,0.0343,34.3,1,5971.75,5.2,0
sim-003770,7,group_b,29889.83,0.3637,49.8,3,5584.11,6.2,0
sim-003771,7,group_b,30010.89,0.1637,55.0,3,12307.87,6.5,0
sim-003772,7,group_b,32368.15,0.6819,40.5,2,13987.07,0.9,1
sim-003773,7,group_b,42977.64,0.2633,86.0,0,3466.73,3.8,1
sim-003774,7,group_b,23559.24,0.3776,62.1,2,6284.58,6.3,0
sim-003775,7,group_a,33335.5,0.3555,51.6,2,10747.68,5.6,0
sim-003776,7,group_b,46845.79,0.0998,61.5,3,9211.96,12.9,0
sim-003777,7,group_a,41183.79,0.3875,31.1,0,6983.42,4.9,1
sim-003778,7,group_b,44087.96,0.5227,57.5,2,12340.38,4.3,0
sim-003779,7,group_b,32791.78,0.4148,123.5,1,16322.8,3.7,0
sim-003780,7,group_a,50279.77,0.1094,65.3,0,5674.1,5.3,0
sim-003781,7,group_b,58553.42,0.4216,44.7,1,3660.57,10.3,0
sim-003782,7,group_b,57096.87,0.3868,46.6,1,7736.34,3.6,1
sim-003783,7,group_a,44963.05,0.2609,34.5,0,4709.6,5.8,0
sim-003784,7,group_a,55733.4,0.1847,77.9,2,11591.41,8.1,0
sim-003785,7,group_b,54167.99,0.5259,50.6,2,4837.64,1.3,1
sim-003786,7,group_b,115627.99,0.1605,130.0,0,21681.61,2.6,0
sim-003787,7,group_a,62666.87,0.6651,156.7,0,4554.93,2.9,1
sim-003788,7,group_a,36196.85,0.398,11.2,3,7637.03,2.0,0
sim-003789,7,group_b,25619.13,0.061,82.6,1,8964.94,3.2,0
sim-003790,7,group_a,33668.61,0.3966,57.0,1,5855.01,1.2,1
sim-003791,7,group_a,32684.31,0.3073,52.5,1,7413.14,8.9,1
sim-003792,7,group_a,46573.99,0.2792,102.9,0,8955.18,2.5,1
sim-003793,7,group_a,27998.11,0.2498,93.3,2,21309.51,3.4,0
sim-003794,7,group_a,61989.14,0.5441,151.1,2,9665.39,2.9,0
sim-003795,7,group_b,20960.26,0.2113,58.3,0,8393.82,5.1,0
sim-003796,7,group_b,18926.9,0.2599,170.5,1,15172.86,2.1,0
sim-003797,7,group_b,35498.7,0.5079,58.9,0,11414.89,10.4,1
sim-003798,7,group_a,26373.77,0.3565,83.8,2,15082.37,5.7,1
sim-003799,7,group_a,22148.87,0.2757,36.4,1,5329.54,8.6,0
sim-003800,7,group_a,28751.08,0.3415,40.0,0,3951.02,11.5,1
sim-003801,7,group_a,27287.28,0.1399,47.0,0,19185.33,4.0,0
sim-003802,7,group_a,37731.72,0.1723,60.9,0,10437.7,2.6,0
sim-003803,7,group_a,28952.22,0.3484,38.1,0,6182.74,8.5,1
sim-003804,7,group_a,29958.36,0.0927,118.9,1,4702.0,6.4,0
sim-003805,7,group_a,37494.76,0.5716,94.8,1,6580.18,11.5,0
sim-003806,7,group_b,57525.38,0.0811,47.9,2,20851.49,3.0,0
sim-003807,7,group_b,69683.1,0.1755,28.1,1,4383.54,6.4,1
sim-003808,7,group_b,39977.11,0.2686,179.4,1,20496.52,4.0,0
sim-003809,7,group_b,41304.56,0.2745,134.1,1,6038.67,7.7,1
sim-003810,7,group_a,34789.17,0.1971,38.5,1,8071.25,7.0,1
sim-003811,7,group_a,45987.48,0.5568,53.2,1,8186.59,5.3,0
sim-003812,7,group_a,44262.46,0.4366,83.6,0,8732.4,2.3,0
sim-003813,7,group_a,65568.85,0.0446,73.4,0,3808.26,2.6,0
sim-003814,7,group_a,16996.18,0.5133,46.2,1,28196.89,3.2,1
sim-003815,7,group_a,34047.47,0.3106,91.9,2,11686.21,11.0,0
sim-003816,7,group_a,43323.9,0.328,87.0,1,12285.65,3.7,0
sim-003817,7,group_a,37158.98,0.6166,78.3,1,8556.69,5.8,0
sim-003818,7,group_b,25325.0,0.2151,107.8,0,9263.71,9.9,1
sim-003819,7,group_b,21769.52,0.6709,47.4,2,10263.04,2.3,0
sim-003820,7,group_b,52715.01,0.4479,80.2,2,9694.9,13.1,0
sim-003821,7,group_b,27339.59,0.3988,37.6,2,5223.38,5.7,1
sim-003822,7,group_a,17978.68,0.4434,77.7,1,5864.0,4.1,0
sim-003823,7,group_a,53839.39,0.0651,94.9,1,13276.08,2.0,0
sim-003824,7,group_b,45559.43,0.3739,15.4,0,16466.76,13.4,0
sim-003825,7,group_a,35786.75,0.2715,105.3,0,5464.28,6.3,0
sim-003826,7,group_a,25588.24,0.4949,189.4,4,7236.06,3.9,1
sim-003827,7,group_a,35823.33,0.4205,177.0,1,7116.75,5.7,1
sim-003828,7,group_b,62601.64,0.3119,32.5,3,12668.88,2.7,0
sim-003829,7,group_b,19069.13,0.4703,31.2,2,7608.09,8.2,1
sim-003830,7,group_a,19479.72,0.0631,137.3,1,6904.77,6.6,0
sim-003831,7,group_b,28863.66,0.3628,24.9,0,5479.16,6.7,1
sim-003832,7,group_a,37153.37,0.3992,122.9,0,13048.31,10.0,0
sim-003833,7,group_a,30502.3,0.2328,29.5,1,7876.54,3.1,0
sim-003834,7,group_a,49216.44,0.0141,32.7,0,6939.35,3.8,0
sim-003835,7,group_a,59356.1,0.6198,129.1,3,7821.4,3.3,1
sim-003836,7,group_b,42238.31,0.0221,83.1,0,18184.46,8.9,1
sim-003837,7,group_a,47542.61,0.2498,42.3,2,9376.51,10.0,0
sim-003838,7,group_b,42120.16,0.2057,106.6,1,17343.18,4.8,0
sim-003839,7,group_a,37721.8,0.4383,73.5,1,5076.83,1.6,0
sim-003840,7,group_b,21822.69,0.0854,61.7,0,8771.87,1.6,0
sim-003841,7,group_b,24397.68,0.546,34.5,1,7739.0,2.9,1
sim-003842,7,group_b,21303.24,0.2551,37.1,1,31017.49,3.7,1
sim-003843,7,group_b,35299.64,0.185,89.4,1,8225.5,2.2,0
sim-003844,7,group_b,41421.56,0.4803,35.7,1,5314.85,4.6,0
sim-003845,7,group_a,20441.24,0.4109,51.0,2,9761.7,3.0,1
sim-003846,7,group_b,38734.65,0.2168,45.5,1,10766.05,9.7,0
sim-003847,7,group_b,26014.49,0.1282,134.7,1,17801.96,6.1,0
sim-003848,7,group_a,23979.06,0.3319,53.4,1,6746.49,13.1,0
sim-003849,7,group_a,28892.96,0.3074,65.4,1,15959.29,4.4,0
sim-003850,7,group_a,23468.16,0.2584,24.2,0,8934.68,12.1,1
sim-003851,7,group_a,48474.68,0.3701,56.4,1,10634.52,4.9,0
sim-003852,7,group_a,35011.72,0.6131,40.0,1,11571.65,3.1,0
sim-003853,7,group_a,52912.24,0.2895,60.2,2,7963.22,4.8,1
sim-003854,7,group_b,31186.22,0.091,49.9,1,4019.62,2.8,0
sim-003855,7,group_a,31685.42,0.2239,31.7,1,9181.71,4.1,0
sim-003856,7,group_b,82522.04,0.3352,51.6,2,6441.67,2.8,1
sim-003857,7,group_a,19002.29,0.0912,15.8,1,4649.18,3.6,0
sim-003858,7,group_b,64439.5,0.1224,47.0,3,9038.92,7.7,0
sim-003859,7,group_a,75274.75,0.4097,238.7,0,5143.39,4.6,0
sim-003860,7,group_a,51825.8,0.4045,83.4,2,8972.38,3.2,0
sim-003861,7,group_a,32702.36,0.6394,72.2,1,8467.68,1.8,1
sim-003862,7,group_b,68411.68,0.1618,41.4,1,7542.97,4.2,0
sim-003863,7,group_a,32822.19,0.3694,83.7,0,5120.72,7.9,0
sim-003864,7,group_b,27933.17,0.232,38.5,0,4096.3,11.4,0
sim-003865,7,group_a,31918.06,0.5525,134.0,2,9058.54,3.1,0
sim-003866,7,group_a,29570.09,0.5731,109.6,1,15347.18,8.4,0
sim-003867,7,group_a,25245.88,0.2242,38.3,3,12165.38,12.6,1
sim-003868,7,group_b,59886.31,0.0376,50.2,0,4357.87,11.8,0
sim-003869,7,group_a,27150.53,0.1854,84.6,0,6741.82,8.9,0
sim-003870,7,group_a,37106.53,0.4877,52.0,2,7191.56,11.3,1
sim-003871,7,group_a,20488.43,0.2748,74.3,2,4383.21,6.6,1
sim-003872,7,group_a,38060.81,0.2961,126.3,1,6123.7,14.2,0
sim-003873,7,group_a,23121.33,0.3674,113.1,3,5068.14,13.2,0
sim-003874,7,group_b,22884.06,0.3595,49.0,1,17990.76,7.7,0
sim-003875,7,group_a,35885.88,0.5417,77.9,1,9033.95,6.0,0
sim-003876,7,group_a,58567.1,0.3386,17.5,1,17117.0,4.2,0
sim-003877,7,group_b,45205.49,0.2882,39.6,0,9372.34,9.4,1
sim-003878,7,group_a,46528.98,0.2885,82.0,1,16741.51,0.9,0
sim-003879,7,group_a,35576.29,0.0585,66.8,1,4081.69,1.2,0
sim-003880,7,group_b,32631.43,0.2018,50.2,0,15490.8,1.8,1
sim-003881,7,group_b,52379.95,0.2902,39.8,1,7778.63,4.1,0
sim-003882,7,group_b,29657.36,0.2374,53.9,2,7697.99,7.5,1
sim-003883,7,group_a,53341.1,0.0276,159.1,1,13603.4,3.0,1
sim-003884,7,group_b,63139.24,0.5331,71.7,2,7914.53,3.8,0
sim-003885,7,group_a,26386.76,0.2456,45.4,1,10467.36,20.9,0
sim-003886,7,group_b,28066.53,0.1843,33.3,0,5195.54,5.6,0
sim-003887,7,group_b,29875.91,0.1729,26.3,1,21277.03,23.4,0
sim-003888,7,group_b,20289.84,0.1548,45.4,1,5471.71,3.9,0
sim-003889,7,group_a,30848.73,0.4282,41.2,3,4773.97,3.7,1
sim-003890,7,group_a,64900.39,0.1507,28.4,0,5245.11,15.6,0
sim-003891,7,group_b,24218.17,0.36,49.6,1,4384.44,3.8,1
sim-003892,7,group_a,65550.91,0.5969,65.2,3,3282.07,3.7,0
sim-003893,7,group_a,31318.16,0.1722,27.5,1,8503.62,1.0,1
sim-003894,7,group_b,91298.99,0.3745,111.4,2,4432.87,6.2,1
sim-003895,7,group_b,28215.83,0.6409,47.3,1,5745.64,5.1,0
sim-003896,7,group_a,35366.76,0.3523,55.5,2,2816.61,3.5,0
sim-003897,7,group_a,25635.24,0.5798,80.6,3,17862.37,10.5,1
sim-003898,7,group_a,28146.14,0.2553,63.5,2,10479.45,8.0,0
sim-003899,7,group_a,65909.33,0.3674,34.4,2,2861.11,2.7,1
sim-003900,7,group_a,45858.02,0.3935,51.9,2,7420.27,6.6,0
sim-003901,7,group_b,57878.63,0.2295,23.6,3,7369.61,5.2,0
sim-003902,7,group_b,21621.7,0.4428,110.5,1,7496.57,8.3,0
sim-003903,7,group_a,49465.36,0.4824,41.4,3,9714.37,14.3,0
sim-003904,7,group_a,24984.07,0.065,45.7,1,3802.3,2.8,0
sim-003905,7,group_b,21425.27,0.4691,45.7,2,4963.66,3.4,0
sim-003906,7,group_b,41534.59,0.1672,90.9,1,6263.71,5.5,0
sim-003907,7,group_b,41356.55,0.6369,31.4,2,10516.74,3.5,0
sim-003908,7,group_a,38422.76,0.6128,37.3,2,6774.06,8.2,0
sim-003909,7,group_b,50785.93,0.0989,66.2,2,8983.32,4.8,0
sim-003910,7,group_a,54225.03,0.0652,102.3,0,4331.33,3.7,0
sim-003911,7,group_a,69653.37,0.1025,65.3,2,5608.32,6.4,0
sim-003912,7,group_b,22789.52,0.2612,77.8,0,11546.03,3.5,0
sim-003913,7,group_a,70604.33,0.1345,64.1,0,10605.73,9.1,0
sim-003914,7,group_a,82832.09,0.1965,59.8,1,9402.98,3.4,0
sim-003915,7,group_a,32214.87,0.3758,90.8,2,11984.13,6.9,1
sim-003916,7,group_a,18643.14,0.1966,67.3,0,10846.46,1.3,0
sim-003917,7,group_a,21013.71,0.1343,135.4,1,6257.57,9.0,0
sim-003918,7,group_b,30946.72,0.4656,46.5,0,10711.39,13.5,0
sim-003919,7,group_a,87547.74,0.2297,125.3,1,8627.57,0.3,0
sim-003920,7,group_a,37841.95,0.382,40.7,0,7107.97,3.1,1
sim-003921,7,group_b,28992.22,0.2644,59.5,3,6680.39,5.5,0
sim-003922,7,group_a,28173.33,0.3692,36.4,0,13753.25,6.5,0
sim-003923,7,group_b,21557.02,0.0559,52.9,0,11758.73,8.8,0
sim-003924,7,group_a,54248.03,0.5959,41.0,1,6415.62,4.1,0
sim-003925,7,group_a,36146.35,0.168,40.2,2,5780.08,12.6,0
sim-003926,7,group_a,90755.87,0.2696,31.3,1,6227.23,6.5,1
sim-003927,7,group_b,48915.42,0.2716,58.4,0,11789.84,22.7,0
sim-003928,7,group_a,53240.42,0.0744,74.8,1,4950.82,4.3,0
sim-003929,7,group_b,33938.86,0.4029,202.9,0,7684.41,12.0,0
sim-003930,7,group_a,23760.2,0.3238,76.0,0,11190.19,4.0,1
sim-003931,7,group_b,26032.37,0.4083,67.3,2,10026.35,2.8,1
sim-003932,7,group_a,21139.87,0.5578,45.2,0,10233.24,4.4,0
sim-003933,7,group_a,55070.3,0.0295,59.5,2,3831.31,2.4,0
sim-003934,7,group_a,31963.04,0.2433,29.5,0,9876.01,8.3,0
sim-003935,7,group_a,56052.85,0.3839,57.8,0,5570.21,7.8,1
sim-003936,7,group_a,39778.59,0.0804,22.9,0,6470.7,6.3,0
sim-003937,7,group_b,33223.62,0.0063,55.5,2,3699.71,4.2,1
sim-003938,7,group_a,22988.9,0.5784,196.9,1,13273.01,1.7,1
sim-003939,7,group_a,42645.87,0.6922,64.4,2,10704.09,12.1,1
sim-003940,7,group_a,34275.09,0.1108,138.9,0,5813.25,7.5,0
sim-003941,7,group_a,54880.71,0.3301,190.7,1,9899.09,4.9,0
sim-003942,7,group_a,27820.47,0.468,30.6,1,12036.06,7.2,0
sim-003943,7,group_b,48667.43,0.3299,74.7,2,15210.13,8.6,0
sim-003944,7,group_a,74843.63,0.1678,32.1,0,10684.29,12.4,0
sim-003945,7,group_b,42128.24,0.5592,36.5,2,6420.81,7.4,1
sim-003946,7,group_a,52251.42,0.2883,49.6,1,4751.25,2.0,1
sim-003947,7,group_a,47771.95,0.1041,68.6,1,23895.15,1.8,0
sim-003948,7,group_b,83382.89,0.1737,39.7,1,6846.09,4.1,0
sim-003949,7,group_a,43916.94,0.5184,71.6,0,8039.75,7.5,0
sim-003950,7,group_a,50411.91,0.4869,152.3,0,10018.98,10.6,0
sim-003951,7,group_b,37003.36,0.3902,82.0,1,12685.3,3.9,0
sim-003952,7,group_b,27139.81,0.2618,157.2,1,7484.43,5.5,0
sim-003953,7,group_b,22619.47,0.0675,48.3,1,13258.18,2.3,0
sim-003954,7,group_a,63966.07,0.1461,46.6,0,29535.08,2.8,0
sim-003955,7,group_b,24599.69,0.388,40.2,2,7180.73,12.8,1
sim-003956,7,group_b,51393.3,0.6012,84.9,1,10987.45,10.2,1
sim-003957,7,group_b,44744.64,0.1085,37.2,1,5231.66,3.2,0
sim-003958,7,group_a,55241.5,0.4638,148.0,0,6853.17,8.8,0
sim-003959,7,group_a,30267.23,0.097,29.9,1,5613.12,2.5,1
sim-003960,7,group_a,26954.17,0.4406,40.3,0,4930.15,1.9,0
sim-003961,7,group_a,44042.76,0.5099,50.1,1,4958.82,7.2,1
sim-003962,7,group_b,33230.27,0.3894,33.9,0,16450.59,5.6,0
sim-003963,7,group_a,22403.4,0.4146,47.0,1,19518.95,4.3,0
sim-003964,7,group_a,84811.02,0.2767,101.0,1,15793.36,2.3,0
sim-003965,7,group_a,26946.5,0.189,63.2,2,7827.19,6.2,0
sim-003966,7,group_a,24752.31,0.04,98.6,0,12616.29,3.5,0
sim-003967,7,group_a,33938.42,0.4233,116.9,2,4177.91,5.3,0
sim-003968,7,group_a,63589.31,0.282,47.7,0,2128.48,7.0,1
sim-003969,7,group_a,15122.99,0.4678,80.5,0,7013.64,8.4,0
sim-003970,7,group_b,61411.42,0.6036,54.3,0,9124.31,10.7,1
sim-003971,7,group_a,25621.35,0.7276,43.9,3,7213.66,1.8,0
sim-003972,7,group_a,41986.38,0.1693,52.5,1,9184.49,5.6,1
sim-003973,7,group_a,28284.72,0.5901,134.5,1,8551.7,9.2,0
sim-003974,7,group_a,86734.33,0.3219,96.9,2,6546.4,12.4,0
sim-003975,7,group_a,39590.34,0.1781,114.0,1,6628.39,1.3,0
sim-003976,7,group_a,27906.13,0.5159,49.9,1,9947.04,4.7,1
sim-003977,7,group_a,33108.38,0.1931,31.7,1,20197.41,4.9,0
sim-003978,7,group_a,39012.9,0.3537,77.6,2,6797.53,4.3,0
sim-003979,7,group_b,40482.46,0.1114,138.1,0,15860.04,5.9,0
sim-003980,7,group_a,45174.15,0.2957,54.4,0,5915.24,5.3,1
sim-003981,7,group_a,37549.3,0.3237,119.9,1,5764.27,5.4,0
sim-003982,7,group_b,21069.71,0.1821,120.7,0,12813.03,3.2,0
sim-003983,7,group_a,32568.07,0.2514,125.1,0,18307.24,4.9,0
sim-003984,7,group_a,48474.66,0.2831,78.9,0,5027.59,1.3,1
sim-003985,7,group_a,28357.57,0.2143,69.3,0,3169.72,3.8,0
sim-003986,7,group_a,49839.75,0.0903,91.5,0,6805.61,3.2,0
sim-003987,7,group_a,38075.32,0.0695,119.8,1,15620.58,3.2,0
sim-003988,7,group_b,34287.95,0.19,88.2,0,9944.84,8.6,0
sim-003989,7,group_b,62040.36,0.2105,84.5,1,3541.82,9.9,0
sim-003990,7,group_b,18105.75,0.2656,46.5,1,6061.86,0.8,0
sim-003991,7,group_a,28292.87,0.3218,82.6,2,9350.59,2.5,1
sim-003992,7,group_a,63046.01,0.0891,75.9,0,14411.74,3.6,0
sim-003993,7,group_a,81033.72,0.6213,166.9,0,7111.39,5.1,0
sim-003994,7,group_a,98136.72,0.3111,95.1,1,11394.66,1.8,0
sim-003995,7,group_a,38374.53,0.6376,78.5,2,11896.0,10.8,0
sim-003996,7,group_a,45538.66,0.2208,48.3,0,8717.57,5.5,0
sim-003997,7,group_a,52961.46,0.1587,28.9,0,7334.68,5.7,1
sim-003998,7,group_a,64185.44,0.5453,40.2,2,11616.62,5.8,0
sim-003999,7,group_a,42851.61,0.5967,166.9,2,6662.19,8.0,0
sim-004000,8,group_b,56105.13,0.1729,57.4,0,6097.86,3.2,0
sim-004001,8,group_a,46124.75,0.2665,82.0,2,3932.73,2.8,1
sim-004002,8,group_b,47350.57,0.0315,44.6,2,2416.65,3.0,0
sim-004003,8,group_a,25855.66,0.1739,26.2,0,4127.79,11.9,0
sim-004004,8,group_a,33114.62,0.2851,58.1,2,7978.42,6.6,0
sim-004005,8,group_a,30529.14,0.6459,113.3,1,15461.02,1.3,1
sim-004006,8,group_a,23078.67,0.1771,34.7,0,9981.35,2.5,1
sim-004007,8,group_a,19002.5,0.0773,26.2,1,15437.79,2.1,1
sim-004008,8,group_a,31827.2,0.2153,27.9,0,7351.51,2.7,0
sim-004009,8,group_b,34035.84,0.3744,40.4,1,9554.91,0.3,1
sim-004010,8,group_a,39740.08,0.1266,66.4,2,6326.98,15.1,0
sim-004011,8,group_a,48021.78,0.0528,42.5,0,2792.93,8.7,0
sim-004012,8,group_b,41151.32,0.435,79.4,2,4374.92,22.2,0
sim-004013,8,group_a,34135.64,0.338,61.2,2,6009.15,4.9,0
sim-004014,8,group_a,25890.9,0.3216,39.8,1,9304.56,4.4,1
sim-004015,8,group_a,54960.44,0.3318,180.6,0,3899.82,4.2,1
sim-004016,8,group_a,36433.16,0.3115,51.9,1,9690.66,1.5,0
sim-004017,8,group_a,31691.64,0.2284,50.4,1,9903.42,8.8,0
sim-004018,8,group_a,35160.87,0.1819,62.2,1,3855.54,14.1,0
sim-004019,8,group_b,27952.09,0.2979,62.4,2,11380.22,2.2,1
sim-004020,8,group_a,30427.95,0.359,64.1,1,7346.22,4.8,1
sim-004021,8,group_a,30024.46,0.0473,69.5,0,3960.14,5.0,1
sim-004022,8,group_a,33702.2,0.1054,126.9,1,8003.81,1.1,0
sim-004023,8,group_b,50082.01,0.4628,94.7,0,4475.65,11.0,0
sim-004024,8,group_b,45115.77,0.297,57.7,1,14318.68,6.1,1
sim-004025,8,group_b,72811.54,0.1345,123.6,0,3240.12,11.6,0
sim-004026,8,group_b,63254.8,0.596,41.8,2,12996.74,2.7,0
sim-004027,8,group_b,86482.48,0.0615,45.3,1,18231.24,10.5,0
sim-004028,8,group_a,48090.82,0.7389,131.5,4,16354.4,11.1,0
sim-004029,8,group_b,47767.66,0.0273,168.3,2,14813.94,6.4,0
sim-004030,8,group_a,30985.83,0.1821,50.1,3,6461.35,2.2,1
sim-004031,8,group_a,53794.49,0.1912,73.0,1,7928.7,2.3,1
sim-004032,8,group_b,28866.32,0.328,33.5,0,8743.62,10.4,0
sim-004033,8,group_a,20504.69,0.2127,25.7,0,4308.42,11.0,1
sim-004034,8,group_a,72189.93,0.0469,70.9,1,11886.3,2.2,0
sim-004035,8,group_a,22501.65,0.4209,45.5,2,11160.4,7.1,1
sim-004036,8,group_a,45721.22,0.3862,27.3,0,9595.33,8.3,0
sim-004037,8,group_b,26272.05,0.3636,96.5,3,3645.54,10.0,0
sim-004038,8,group_a,61034.86,0.183,97.3,2,11837.22,11.1,0
sim-004039,8,group_b,64630.32,0.2027,114.9,0,9925.1,1.4,1
sim-004040,8,group_a,47489.06,0.4049,29.7,0,5335.47,4.7,0
sim-004041,8,group_b,64181.69,0.3119,66.3,1,8251.17,2.0,0
sim-004042,8,group_a,38142.39,0.3669,44.3,0,17690.04,12.9,0
sim-004043,8,group_b,97183.22,0.0845,36.9,0,11109.89,2.6,0
sim-004044,8,group_a,52020.3,0.2256,99.8,2,15543.59,1.0,0
sim-004045,8,group_a,26049.88,0.4032,69.6,1,19046.53,7.1,0
sim-004046,8,group_a,39153.1,0.3444,61.7,1,6941.76,10.9,1
sim-004047,8,group_a,35665.86,0.5766,105.2,0,6873.08,5.1,0
sim-004048,8,group_a,34228.77,0.1084,63.1,0,8213.89,1.7,0
sim-004049,8,group_b,18958.38,0.4851,37.0,0,2783.37,3.1,0
sim-004050,8,group_b,44733.73,0.5617,22.9,2,13050.32,6.3,1
sim-004051,8,group_b,21247.27,0.4177,70.1,1,9874.9,6.4,1
sim-004052,8,group_a,13165.16,0.2993,32.8,1,5511.48,4.4,0
sim-004053,8,group_a,32909.42,0.3703,56.4,3,7153.0,6.4,0
sim-004054,8,group_b,27681.64,0.341,59.3,0,4077.88,5.3,0
sim-004055,8,group_b,26480.25,0.3214,111.0,0,13885.25,3.9,1
sim-004056,8,group_a,10328.89,0.4594,33.3,2,8134.24,8.9,1
sim-004057,8,group_b,26599.45,0.4494,81.4,2,10717.91,3.8,0
sim-004058,8,group_a,35350.59,0.3805,74.7,1,8292.3,3.8,0
sim-004059,8,group_b,29133.83,0.0629,74.4,1,18822.53,10.7,1
sim-004060,8,group_b,44742.73,0.1883,80.0,0,4795.79,16.6,0
sim-004061,8,group_b,68248.96,0.2648,61.0,0,4994.3,2.7,0
sim-004062,8,group_a,47234.24,0.1509,87.8,1,4249.67,3.9,1
sim-004063,8,group_b,58517.76,0.4975,15.1,1,12351.23,6.4,1
sim-004064,8,group_a,60586.85,0.3402,86.9,1,2986.29,4.0,1
sim-004065,8,group_b,24787.1,0.233,115.7,2,3270.76,4.5,1
sim-004066,8,group_a,45726.27,0.5935,206.5,2,5848.28,3.5,0
sim-004067,8,group_b,57755.05,0.226,166.2,3,13017.98,10.5,0
sim-004068,8,group_b,31662.76,0.314,37.7,3,12055.35,13.1,0
sim-004069,8,group_a,27280.76,0.3748,58.5,1,4623.31,5.2,0
sim-004070,8,group_a,47513.57,0.1985,57.3,2,3104.0,7.8,0
sim-004071,8,group_b,20408.69,0.1406,156.6,0,19078.7,3.2,0
sim-004072,8,group_a,24077.62,0.0329,159.5,0,6210.2,1.8,0
sim-004073,8,group_a,28737.62,0.3847,110.0,1,12400.35,31.4,0
sim-004074,8,group_a,45945.72,0.3317,63.5,1,12451.38,3.9,0
sim-004075,8,group_a,41686.94,0.3908,63.0,3,4757.38,8.7,0
sim-004076,8,group_b,58664.84,0.2501,121.2,2,6509.99,6.5,0
sim-004077,8,group_a,25817.67,0.0721,44.7,1,12242.52,15.9,0
sim-004078,8,group_a,25242.93,0.0248,106.6,0,7325.53,2.7,0
sim-004079,8,group_a,47384.15,0.296,30.7,0,3923.18,4.3,0
sim-004080,8,group_a,27188.79,0.4573,42.0,1,7705.13,2.5,0
sim-004081,8,group_a,29511.3,0.5433,144.8,0,6402.51,2.0,0
sim-004082,8,group_b,17433.67,0.2049,90.2,1,13119.5,5.1,0
sim-004083,8,group_a,42965.61,0.1209,61.8,0,11713.77,1.3,0
sim-004084,8,group_a,72645.16,0.1186,60.1,1,4852.36,5.8,0
sim-004085,8,group_b,24678.77,0.4917,29.9,0,8678.37,2.5,0
sim-004086,8,group_a,58402.59,0.3942,67.1,1,3301.22,10.5,1
sim-004087,8,group_b,37088.14,0.1513,155.8,1,5029.39,15.0,0
sim-004088,8,group_a,18115.55,0.2111,63.8,2,18140.88,0.8,0
sim-004089,8,group_a,26113.68,0.1091,33.8,3,8466.65,4.9,1
sim-004090,8,group_a,25445.23,0.4662,21.4,0,16267.2,1.9,1
sim-004091,8,group_b,33291.53,0.1943,42.0,1,9511.76,2.6,0
sim-004092,8,group_b,45351.39,0.54,81.5,2,11121.82,1.7,1
sim-004093,8,group_a,82664.67,0.4771,43.4,0,8462.46,3.7,0
sim-004094,8,group_a,20846.03,0.2199,57.6,0,2965.47,3.9,0
sim-004095,8,group_a,31020.19,0.2647,114.3,3,10039.59,4.0,0
sim-004096,8,group_b,26099.93,0.3922,52.2,2,15284.96,2.1,1
sim-004097,8,group_b,22324.69,0.3479,126.5,0,12160.91,0.9,1
sim-004098,8,group_b,39580.35,0.3226,41.1,0,2978.68,5.9,0
sim-004099,8,group_b,38048.68,0.3656,74.5,0,12432.95,16.1,0
sim-004100,8,group_a,17751.1,0.1395,67.2,0,7572.52,7.7,0
sim-004101,8,group_b,38316.01,0.276,47.0,2,6530.21,9.6,0
sim-004102,8,group_a,22919.28,0.5641,69.1,3,6827.66,3.9,0
sim-004103,8,group_a,38214.4,0.1518,142.6,0,8266.98,5.7,0
sim-004104,8,group_b,64808.27,0.3511,67.5,1,5409.05,7.0,0
sim-004105,8,group_a,46188.61,0.0569,105.4,1,8099.6,1.3,0
sim-004106,8,group_b,40968.44,0.2471,71.3,1,11198.83,3.4,1
sim-004107,8,group_b,30452.35,0.1731,22.8,0,9781.87,4.9,0
sim-004108,8,group_b,39108.08,0.0205,46.4,0,10711.71,4.4,1
sim-004109,8,group_a,48173.62,0.3676,40.9,1,16966.56,2.2,0
sim-004110,8,group_a,46209.92,0.4436,18.5,0,8185.68,8.5,0
sim-004111,8,group_b,36473.02,0.4436,83.5,1,10891.85,6.0,0
sim-004112,8,group_b,41660.06,0.2618,52.4,1,6373.91,6.9,0
sim-004113,8,group_a,21873.78,0.4266,20.6,1,9764.91,7.1,0
sim-004114,8,group_b,27933.4,0.2876,27.4,0,9744.86,3.5,1
sim-004115,8,group_a,51183.63,0.1461,96.8,2,5099.09,16.8,0
sim-004116,8,group_b,54157.61,0.5901,39.7,2,6343.09,10.4,1
sim-004117,8,group_b,39549.62,0.4955,52.6,1,4865.63,4.6,1
sim-004118,8,group_a,70768.24,0.0806,69.5,2,8742.42,3.2,1
sim-004119,8,group_a,47068.92,0.0246,149.1,1,7857.95,2.1,1
sim-004120,8,group_b,34478.34,0.272,155.4,0,13842.6,5.8,0
sim-004121,8,group_b,22781.49,0.5404,75.9,0,11682.87,10.9,0
sim-004122,8,group_b,69582.47,0.5504,78.5,4,9234.05,2.6,0
sim-004123,8,group_a,52550.68,0.37,58.5,1,11824.59,5.1,0
sim-004124,8,group_b,80926.03,0.2527,101.0,0,10680.22,6.0,0
sim-004125,8,group_a,94473.62,0.4499,22.8,2,13195.29,3.6,1
sim-004126,8,group_a,22147.61,0.5307,56.6,3,13615.2,7.0,1
sim-004127,8,group_a,22171.87,0.5202,71.1,1,21862.87,2.4,0
sim-004128,8,group_b,11423.82,0.3992,84.2,3,12696.78,1.1,0
sim-004129,8,group_b,55921.94,0.1266,56.3,0,4785.94,10.5,0
sim-004130,8,group_b,50097.32,0.2694,146.7,1,16224.43,4.1,0
sim-004131,8,group_b,39619.12,0.3933,91.4,1,6140.06,5.8,0
sim-004132,8,group_a,22720.53,0.3154,82.0,0,21285.09,5.9,0
sim-004133,8,group_a,36629.38,0.3214,53.5,1,7126.74,6.6,0
sim-004134,8,group_a,41092.31,0.356,45.8,1,18830.83,8.1,0
sim-004135,8,group_a,52825.26,0.478,134.3,1,4958.92,1.5,1
sim-004136,8,group_a,42644.54,0.3506,32.6,0,18112.27,2.1,1
sim-004137,8,group_b,50251.54,0.4199,68.5,1,20401.05,1.6,0
sim-004138,8,group_b,36093.39,0.2191,25.9,0,22484.84,5.7,1
sim-004139,8,group_b,62456.3,0.3931,68.7,1,17667.8,2.2,0
sim-004140,8,group_a,49579.2,0.1649,89.4,4,10022.47,3.7,0
sim-004141,8,group_a,23097.7,0.0868,105.3,0,8945.08,3.8,0
sim-004142,8,group_a,68150.42,0.35,176.1,0,9861.83,16.9,0
sim-004143,8,group_a,63623.62,0.1686,45.4,1,5127.61,1.0,1
sim-004144,8,group_a,46235.32,0.4466,103.3,0,7938.96,4.9,0
sim-004145,8,group_a,42783.23,0.4563,66.1,2,14296.45,1.9,1
sim-004146,8,group_a,76314.39,0.2247,123.2,1,20736.65,13.8,0
sim-004147,8,group_b,19149.05,0.5661,61.1,0,7407.33,6.2,0
sim-004148,8,group_a,64043.27,0.0645,47.0,0,7492.52,2.0,0
sim-004149,8,group_a,31132.05,0.1672,153.9,2,19584.1,8.6,1
sim-004150,8,group_a,60232.93,0.5984,117.4,0,8025.56,3.8,0
sim-004151,8,group_a,39996.93,0.5875,62.0,2,5796.7,18.0,1
sim-004152,8,group_a,22560.84,0.3272,48.4,1,15716.09,9.9,0
sim-004153,8,group_a,30867.58,0.3903,43.9,3,8769.98,12.6,0
sim-004154,8,group_b,58403.21,0.215,96.7,0,10545.41,6.2,0
sim-004155,8,group_a,34811.83,0.4683,126.6,2,7797.48,2.0,1
sim-004156,8,group_b,29289.26,0.5487,92.0,2,11169.32,0.8,0
sim-004157,8,group_a,29207.12,0.4192,81.4,1,4832.32,6.8,1
sim-004158,8,group_a,49798.69,0.3012,41.0,2,7408.11,2.1,1
sim-004159,8,group_a,79321.68,0.5048,30.3,2,8769.46,4.4,0
sim-004160,8,group_a,15472.65,0.3785,37.2,2,6489.02,9.6,0
sim-004161,8,group_a,123289.12,0.0681,92.3,0,12215.54,1.9,0
sim-004162,8,group_b,41422.25,0.3169,50.0,0,20294.23,3.9,0
sim-004163,8,group_a,48518.19,0.438,44.0,2,11849.17,9.7,1
sim-004164,8,group_b,31658.76,0.2146,65.6,1,7932.21,4.9,1
sim-004165,8,group_a,37968.94,0.4202,133.9,2,6674.11,1.8,1
sim-004166,8,group_a,41227.28,0.5327,28.3,1,3254.34,5.1,0
sim-004167,8,group_a,24474.32,0.3282,57.8,0,5476.05,4.3,1
sim-004168,8,group_a,27108.8,0.543,82.0,1,6908.83,8.8,1
sim-004169,8,group_a,62537.29,0.594,21.7,3,12081.64,2.1,0
sim-004170,8,group_b,19811.43,0.4111,104.8,1,5769.69,10.6,0
sim-004171,8,group_b,45763.24,0.0517,101.7,0,11033.97,6.5,0
sim-004172,8,group_b,32545.13,0.1987,67.2,1,15485.04,4.7,1
sim-004173,8,group_a,25399.96,0.471,44.1,0,6140.66,4.0,1
sim-004174,8,group_b,87047.69,0.2077,212.2,2,9574.52,9.3,0
sim-004175,8,group_a,25466.24,0.0786,70.9,0,15407.32,2.6,0
sim-004176,8,group_b,23655.65,0.0905,23.4,1,8337.67,5.7,0
sim-004177,8,group_b,35153.22,0.3759,47.0,1,8190.23,4.0,1
sim-004178,8,group_b,27534.78,0.4545,67.1,0,6687.07,12.4,1
sim-004179,8,group_b,38127.07,0.0713,21.7,0,6072.78,8.8,0
sim-004180,8,group_b,40589.62,0.1981,39.1,1,4413.72,4.8,0
sim-004181,8,group_a,41963.54,0.2413,38.3,2,6008.93,4.0,1
sim-004182,8,group_b,36097.03,0.3206,61.1,2,7585.65,1.2,0
sim-004183,8,group_a,28313.45,0.1135,35.5,0,9757.33,5.5,0
sim-004184,8,group_b,49822.86,0.4939,62.2,1,14735.2,2.1,0
sim-004185,8,group_b,36282.44,0.2162,97.8,2,4315.85,7.6,1
sim-004186,8,group_a,30879.28,0.3329,183.3,1,4567.43,2.3,0
sim-004187,8,group_a,70798.8,0.4334,40.7,2,16080.4,8.7,1
sim-004188,8,group_a,36136.15,0.3148,67.1,0,6799.2,3.7,1
sim-004189,8,group_a,60152.26,0.299,56.6,1,11106.01,2.6,0
sim-004190,8,group_a,63657.48,0.4065,76.3,0,13506.33,7.3,1
sim-004191,8,group_b,65304.92,0.0704,33.1,0,10545.37,4.1,0
sim-004192,8,group_a,50832.25,0.0567,105.3,0,8203.79,5.8,0
sim-004193,8,group_b,38014.92,0.3583,11.0,2,11963.8,6.3,0
sim-004194,8,group_a,37015.89,0.4365,119.3,1,8866.09,2.7,1
sim-004195,8,group_a,34319.52,0.519,87.6,3,6587.48,8.1,1
sim-004196,8,group_a,15304.53,0.3474,38.6,3,8194.5,1.2,0
sim-004197,8,group_b,51425.98,0.3886,136.8,1,7216.79,1.7,1
sim-004198,8,group_a,42136.75,0.6822,62.0,0,9178.52,9.7,1
sim-004199,8,group_a,53783.4,0.3264,21.5,2,5104.63,3.1,1
sim-004200,8,group_a,36201.63,0.3836,137.9,3,14070.56,6.9,1
sim-004201,8,group_b,50273.16,0.5671,59.1,2,7947.41,0.6,0
sim-004202,8,group_a,21320.98,0.474,51.4,2,5080.68,12.3,0
sim-004203,8,group_b,23269.73,0.1844,41.4,2,5940.36,5.0,0
sim-004204,8,group_b,13440.01,0.4384,28.3,0,5377.23,11.9,1
sim-004205,8,group_b,35938.82,0.3519,107.6,3,4912.91,3.6,0
sim-004206,8,group_a,27488.95,0.0886,45.2,0,18057.09,4.0,0
sim-004207,8,group_a,26018.93,0.3278,99.6,0,15153.15,7.5,1
sim-004208,8,group_a,43763.44,0.3549,19.8,1,4796.55,6.8,0
sim-004209,8,group_a,31802.08,0.2399,28.8,2,5142.33,12.2,1
sim-004210,8,group_b,20829.01,0.2564,110.2,2,5120.49,1.1,0
sim-004211,8,group_a,110724.68,0.2574,58.0,1,10381.24,6.6,1
sim-004212,8,group_a,37438.53,0.1485,81.6,0,8965.72,2.3,0
sim-004213,8,group_a,24126.63,0.2296,69.6,0,9871.32,0.8,0
sim-004214,8,group_a,28700.48,0.1566,36.5,3,5049.74,4.9,0
sim-004215,8,group_a,35358.0,0.3764,85.6,1,4547.6,9.1,0
sim-004216,8,group_b,35326.78,0.2029,36.0,2,6207.27,17.5,0
sim-004217,8,group_a,65703.6,0.2779,144.3,0,11864.15,9.1,0
sim-004218,8,group_b,36777.42,0.0942,90.3,0,25761.84,11.4,0
sim-004219,8,group_b,82883.18,0.2719,120.7,1,4382.87,5.3,1
sim-004220,8,group_a,31709.84,0.3646,36.6,0,15107.66,3.3,0
sim-004221,8,group_a,45483.42,0.179,49.9,4,11186.05,5.1,0
sim-004222,8,group_a,58409.37,0.4309,113.8,1,5204.9,14.7,0
sim-004223,8,group_a,62815.93,0.1589,41.2,0,10298.57,5.4,0
sim-004224,8,group_a,65972.04,0.4681,87.3,2,8915.96,8.6,0
sim-004225,8,group_b,33919.83,0.8393,54.9,1,9156.91,6.5,1
sim-004226,8,group_b,37937.47,0.2723,141.1,1,11773.14,7.0,0
sim-004227,8,group_a,13421.89,0.5149,18.0,1,20052.73,1.7,1
sim-004228,8,group_a,35020.04,0.2516,169.4,0,11541.45,5.8,1
sim-004229,8,group_a,60133.76,0.3125,54.5,1,8716.91,7.7,0
sim-004230,8,group_b,55418.64,0.318,39.0,2,6143.62,9.3,0
sim-004231,8,group_a,36668.58,0.2809,47.9,2,7824.17,1.5,1
sim-004232,8,group_b,77624.51,0.4717,63.1,1,9367.6,19.0,0
sim-004233,8,group_b,32361.28,0.4469,94.7,4,7045.63,11.3,1
sim-004234,8,group_a,28147.71,0.5091,201.4,1,12173.69,1.0,0
sim-004235,8,group_a,31237.42,0.2823,54.7,1,19623.3,4.7,0
sim-004236,8,group_a,23731.65,0.1865,55.9,0,3862.95,3.7,0
sim-004237,8,group_b,49385.19,0.4121,57.1,1,6116.53,3.3,1
sim-004238,8,group_a,42922.97,0.4035,41.5,1,19294.53,4.5,0
sim-004239,8,group_b,49128.34,0.1804,127.7,4,8606.21,3.6,0
sim-004240,8,group_b,31951.17,0.2894,64.3,1,14721.81,7.1,1
sim-004241,8,group_b,37108.8,0.3128,48.9,0,4926.06,9.3,1
sim-004242,8,group_a,15230.63,0.2471,116.6,0,10164.05,14.2,0
sim-004243,8,group_a,44534.29,0.462,33.6,3,7135.57,7.3,1
sim-004244,8,group_b,39636.81,0.5396,49.8,2,7991.71,2.6,0
sim-004245,8,group_a,23951.31,0.5847,121.8,1,6924.94,2.3,1
sim-004246,8,group_b,36389.8,0.237,102.5,1,18367.35,5.8,0
sim-004247,8,group_a,34122.19,0.1517,78.1,1,6375.07,8.4,0
sim-004248,8,group_a,79778.63,0.0468,138.3,0,14342.86,2.3,0
sim-004249,8,group_b,24350.96,0.0767,130.4,1,8390.68,4.2,0
sim-004250,8,group_a,43704.18,0.1458,28.5,0,19826.41,6.5,0
sim-004251,8,group_a,24049.69,0.2242,140.6,3,11151.46,5.1,0
sim-004252,8,group_a,30082.33,0.4676,60.9,2,4217.25,7.3,0
sim-004253,8,group_a,42713.23,0.1546,41.7,0,8683.98,5.8,0
sim-004254,8,group_b,34794.95,0.3573,30.9,0,7479.48,9.2,0
sim-004255,8,group_a,37929.48,0.5944,104.3,2,11135.48,4.3,0
sim-004256,8,group_a,43727.97,0.3275,69.6,1,8890.22,16.6,0
sim-004257,8,group_a,30904.29,0.2054,63.2,5,3818.09,10.2,0
sim-004258,8,group_b,55124.06,0.1853,105.0,2,6877.1,2.9,0
sim-004259,8,group_a,33446.37,0.1466,157.1,2,6486.16,5.9,1
sim-004260,8,group_b,36498.51,0.445,184.1,3,8114.65,4.0,0
sim-004261,8,group_b,44256.2,0.2029,69.5,1,9540.88,3.6,0
sim-004262,8,group_a,41828.79,0.5224,33.6,2,11693.16,2.4,0
sim-004263,8,group_b,49840.13,0.2542,62.2,1,10798.72,2.7,1
sim-004264,8,group_b,43439.53,0.3702,112.7,2,2436.0,0.9,1
sim-004265,8,group_a,46304.43,0.1516,134.7,2,10621.91,6.4,0
sim-004266,8,group_a,33168.09,0.4608,155.3,0,16094.26,11.2,0
sim-004267,8,group_b,24272.91,0.5041,96.3,2,8833.75,7.7,1
sim-004268,8,group_b,20876.76,0.1357,32.1,0,6001.57,4.0,0
sim-004269,8,group_b,18850.63,0.4535,99.5,4,5271.15,7.4,0
sim-004270,8,group_b,79725.54,0.2715,71.9,1,12688.97,8.6,0
sim-004271,8,group_a,15012.45,0.4323,46.0,0,9639.88,4.9,0
sim-004272,8,group_b,62778.24,0.058,66.8,0,6130.18,9.3,0
sim-004273,8,group_b,26936.43,0.2501,99.4,2,8838.62,6.9,0
sim-004274,8,group_a,62586.52,0.2242,65.5,1,6652.89,5.1,0
sim-004275,8,group_a,15077.11,0.1829,17.3,1,6537.22,5.6,1
sim-004276,8,group_a,34449.87,0.176,60.2,0,8269.19,5.7,0
sim-004277,8,group_b,70030.79,0.0846,134.6,2,8926.33,11.2,0
sim-004278,8,group_a,51305.23,0.6497,42.4,2,5593.38,4.5,0
sim-004279,8,group_b,33002.83,0.304,66.1,2,6804.76,5.9,1
sim-004280,8,group_a,16813.7,0.4926,17.7,1,19140.81,2.2,1
sim-004281,8,group_a,21819.4,0.3813,74.3,1,5124.59,3.8,0
sim-004282,8,group_b,68148.32,0.3861,53.6,1,9035.34,2.9,0
sim-004283,8,group_a,32851.04,0.4406,155.7,2,10918.94,6.0,0
sim-004284,8,group_b,36895.09,0.4399,77.2,1,6049.34,4.7,0
sim-004285,8,group_a,42833.88,0.4595,20.1,1,6217.58,1.8,0
sim-004286,8,group_b,22000.22,0.4598,27.1,1,5686.48,7.4,1
sim-004287,8,group_a,45119.14,0.2595,114.7,0,4925.33,5.7,0
sim-004288,8,group_b,31880.87,0.2929,113.7,2,16645.51,2.8,1
sim-004289,8,group_b,43017.19,0.3273,78.6,0,6512.95,4.8,0
sim-004290,8,group_a,29828.47,0.1679,10.5,0,8070.46,5.2,1
sim-004291,8,group_a,19639.37,0.1161,85.2,0,5167.7,3.9,0
sim-004292,8,group_a,31777.17,0.0476,74.2,1,9796.41,1.4,0
sim-004293,8,group_b,49767.96,0.2133,50.6,0,6074.91,4.2,0
sim-004294,8,group_b,44869.13,0.3096,168.2,0,11738.92,4.2,0
sim-004295,8,group_a,38522.24,0.2889,117.3,2,5144.19,6.1,0
sim-004296,8,group_a,55448.8,0.3304,12.7,1,18151.86,6.1,1
sim-004297,8,group_b,34908.67,0.2823,61.1,2,6051.11,0.6,0
sim-004298,8,group_a,38934.5,0.2367,50.4,3,9506.53,6.0,0
sim-004299,8,group_b,31085.54,0.32,75.0,0,9632.47,1.5,1
sim-004300,8,group_a,56827.72,0.2175,15.8,1,12551.62,4.6,0
sim-004301,8,group_b,42977.93,0.1238,62.3,1,3925.08,6.8,0
sim-004302,8,group_b,30093.89,0.4177,49.8,0,5100.55,12.9,0
sim-004303,8,group_a,20345.35,0.1805,101.4,0,6734.1,5.1,0
sim-004304,8,group_a,60480.95,0.2662,93.0,1,14194.53,5.7,0
sim-004305,8,group_a,27819.51,0.5896,112.3,2,7348.22,15.2,1
sim-004306,8,group_a,39193.53,0.2468,62.9,0,18861.35,2.6,0
sim-004307,8,group_a,102139.2,0.3444,116.6,4,22479.46,1.9,0
sim-004308,8,group_b,53243.66,0.1318,60.8,1,7964.68,3.3,1
sim-004309,8,group_b,74808.2,0.5391,37.4,2,23526.12,3.8,0
sim-004310,8,group_a,30332.88,0.2789,25.3,1,6799.4,6.6,1
sim-004311,8,group_b,59623.8,0.3079,37.3,0,9146.7,4.1,0
sim-004312,8,group_a,38453.35,0.1483,87.9,0,9695.01,1.0,0
sim-004313,8,group_b,44343.75,0.1271,48.3,0,16240.83,4.0,0
sim-004314,8,group_a,88854.33,0.1032,51.6,2,13964.57,7.0,1
sim-004315,8,group_b,33825.45,0.205,33.8,3,7919.49,10.2,0
sim-004316,8,group_b,38333.78,0.4934,18.8,2,6061.37,4.9,1
sim-004317,8,group_b,26020.76,0.606,117.1,4,9859.84,1.3,1
sim-004318,8,group_b,55224.21,0.5955,113.6,3,11153.71,7.3,0
sim-004319,8,group_a,30047.56,0.282,15.8,2,15171.62,4.2,1
sim-004320,8,group_b,58427.29,0.1146,124.9,1,18409.03,3.2,0
sim-004321,8,group_a,19016.01,0.2294,87.8,0,7117.47,10.2,0
sim-004322,8,group_b,47878.79,0.1117,64.1,1,6199.96,2.6,0
sim-004323,8,group_a,29017.34,0.3056,84.0,1,10316.99,7.9,0
sim-004324,8,group_a,51679.55,0.2885,106.0,1,4264.35,6.0,0
sim-004325,8,group_a,37809.1,0.1477,84.8,3,17725.03,5.7,0
sim-004326,8,group_a,30368.39,0.1571,43.7,0,5400.79,9.8,0
sim-004327,8,group_b,32326.58,0.3103,20.1,1,8593.23,4.6,0
sim-004328,8,group_b,26604.53,0.2472,73.4,0,4140.84,17.9,0
sim-004329,8,group_b,54061.14,0.3784,91.9,0,5694.29,6.1,0
sim-004330,8,group_a,24479.03,0.4973,51.5,2,11163.53,14.8,1
sim-004331,8,group_b,33990.18,0.2053,60.8,2,5019.58,0.6,0
sim-004332,8,group_a,43958.47,0.0561,64.3,1,6675.52,11.7,0
sim-004333,8,group_a,74881.92,0.5353,40.9,2,18894.17,3.0,1
sim-004334,8,group_b,37876.82,0.6063,58.5,2,10294.35,4.3,1
sim-004335,8,group_a,34342.73,0.443,94.8,0,6741.97,7.1,1
sim-004336,8,group_a,42656.15,0.1609,78.9,2,4075.08,4.3,0
sim-004337,8,group_a,15917.03,0.1387,38.4,0,15088.71,3.6,0
sim-004338,8,group_a,22984.35,0.2829,102.4,0,18964.03,2.1,0
sim-004339,8,group_b,32478.9,0.2345,125.7,0,2670.47,4.9,0
sim-004340,8,group_a,28185.22,0.4967,27.5,0,4031.89,1.4,0
sim-004341,8,group_a,19412.06,0.3549,42.0,0,12424.34,6.5,0
sim-004342,8,group_a,54516.96,0.2234,34.7,0,5782.42,3.1,0
sim-004343,8,group_a,42408.23,0.5131,61.6,1,13084.87,9.3,0
sim-004344,8,group_b,40332.44,0.1358,92.3,0,6148.54,9.6,1
sim-004345,8,group_b,28410.77,0.5286,52.1,1,15965.55,9.0,1
sim-004346,8,group_b,39314.36,0.2119,97.6,1,4086.13,1.0,1
sim-004347,8,group_b,47196.21,0.5393,68.8,1,7083.93,5.1,0
sim-004348,8,group_a,34021.35,0.147,59.0,1,7066.57,3.3,1
sim-004349,8,group_b,45831.2,0.236,53.3,0,11451.87,4.9,0
sim-004350,8,group_a,27218.57,0.3268,91.5,0,8142.76,9.4,0
sim-004351,8,group_a,39614.24,0.8969,39.2,1,7095.53,10.5,1
sim-004352,8,group_b,61442.02,0.2827,44.2,2,6741.63,10.7,0
sim-004353,8,group_a,63796.16,0.6591,70.6,1,3081.79,5.8,0
sim-004354,8,group_b,66408.96,0.4395,61.3,3,6491.49,5.0,0
sim-004355,8,group_b,42870.48,0.1039,35.6,0,5423.2,4.7,0
sim-004356,8,group_b,38533.29,0.6968,57.5,2,10337.75,3.7,1
sim-004357,8,group_a,31492.62,0.1703,42.4,0,5872.46,1.9,0
sim-004358,8,group_a,17798.27,0.0831,81.1,1,11540.62,4.4,0
sim-004359,8,group_b,21614.99,0.4756,47.5,1,6354.43,5.4,1
sim-004360,8,group_a,35433.64,0.3023,39.3,1,7424.85,8.0,0
sim-004361,8,group_a,36334.35,0.1976,47.9,1,8057.83,6.4,0
sim-004362,8,group_b,68812.02,0.2135,21.6,0,5847.05,7.7,0
sim-004363,8,group_b,66053.19,0.1991,34.5,0,8529.86,4.5,0
sim-004364,8,group_b,28500.47,0.3638,99.4,0,3785.0,5.5,0
sim-004365,8,group_a,53621.04,0.1149,31.8,1,10195.14,7.3,0
sim-004366,8,group_a,31120.78,0.1221,61.5,0,8748.93,3.4,0
sim-004367,8,group_b,50650.22,0.28,65.4,1,10367.55,5.4,1
sim-004368,8,group_a,53344.57,0.4358,106.3,1,14514.55,3.3,1
sim-004369,8,group_a,64066.63,0.0308,51.9,0,21456.7,4.5,0
sim-004370,8,group_a,30917.88,0.2812,75.8,0,7002.04,10.3,0
sim-004371,8,group_a,58221.36,0.3283,103.2,1,5556.35,7.9,0
sim-004372,8,group_a,17316.55,0.1985,85.2,2,6557.15,2.3,0
sim-004373,8,group_a,65539.65,0.2362,97.9,1,17067.87,0.2,0
sim-004374,8,group_b,37627.6,0.3252,95.9,3,4945.92,1.0,1
sim-004375,8,group_a,37965.54,0.2958,130.2,0,29092.42,8.3,0
sim-004376,8,group_b,16159.71,0.3511,46.4,0,8646.43,5.2,1
sim-004377,8,group_a,32297.99,0.2172,134.4,0,9675.1,11.4,0
sim-004378,8,group_b,67191.45,0.2234,39.0,1,17648.8,11.9,0
sim-004379,8,group_a,31786.13,0.287,28.5,1,6796.4,2.8,0
sim-004380,8,group_a,51310.69,0.4176,94.5,3,9894.03,5.3,1
sim-004381,8,group_a,38580.92,0.1686,44.0,0,15035.77,12.8,0
sim-004382,8,group_a,59416.13,0.2413,60.3,0,5005.57,9.3,0
sim-004383,8,group_a,41209.76,0.3537,75.3,2,3590.73,5.5,0
sim-004384,8,group_b,25710.1,0.0819,48.0,2,9030.39,2.1,0
sim-004385,8,group_b,38937.35,0.3207,68.7,1,4509.83,6.0,1
sim-004386,8,group_a,74496.77,0.239,70.0,1,10020.28,3.3,0
sim-004387,8,group_a,46864.27,0.6675,31.3,3,7420.97,10.2,1
sim-004388,8,group_b,36210.07,0.1956,33.1,2,13451.37,8.4,1
sim-004389,8,group_b,98067.61,0.0573,145.4,0,12824.92,4.0,0
sim-004390,8,group_a,61874.94,0.1262,89.7,0,3668.28,3.7,1
sim-004391,8,group_b,53585.2,0.0683,92.9,1,6639.67,7.7,0
sim-004392,8,group_a,43446.42,0.1894,53.5,0,4496.11,4.0,0
sim-004393,8,group_b,51674.26,0.2876,24.1,0,9911.44,6.2,0
sim-004394,8,group_a,52383.53,0.3544,69.7,1,4492.04,16.6,0
sim-004395,8,group_a,15202.54,0.1331,71.6,2,13730.33,1.5,0
sim-004396,8,group_a,44885.64,0.5676,96.9,3,3614.61,6.0,0
sim-004397,8,group_b,35541.69,0.2596,71.8,0,7694.47,7.6,1
sim-004398,8,group_a,30825.39,0.0218,108.8,1,5496.32,3.1,0
sim-004399,8,group_b,35028.47,0.2075,31.4,2,6492.8,1.3,0
sim-004400,8,group_b,19782.31,0.0886,34.3,1,6270.0,1.7,0
sim-004401,8,group_b,17819.77,0.281,70.7,1,8159.12,4.3,0
sim-004402,8,group_a,64185.4,0.4844,88.1,3,4673.05,2.9,0
sim-004403,8,group_a,46170.96,0.1984,51.7,2,6391.72,5.2,0
sim-004404,8,group_a,13801.53,0.1616,30.9,2,19243.13,11.8,0
sim-004405,8,group_b,29849.35,0.5724,75.9,0,8350.71,9.7,1
sim-004406,8,group_b,55040.89,0.3341,89.5,1,18059.66,7.2,0
sim-004407,8,group_a,33806.01,0.2058,114.1,2,7771.75,4.8,0
sim-004408,8,group_b,64145.04,0.3872,30.3,2,6231.91,1.3,1
sim-004409,8,group_a,59094.65,0.2564,99.4,2,4525.14,2.4,0
sim-004410,8,group_a,21508.02,0.2834,46.7,1,10398.43,3.2,0
sim-004411,8,group_a,35803.61,0.5522,102.9,3,17535.52,4.7,0
sim-004412,8,group_b,31501.88,0.3017,175.8,1,13964.55,11.7,1
sim-004413,8,group_a,21216.19,0.5717,65.4,3,11268.53,4.0,1
sim-004414,8,group_a,20644.51,0.2688,5.6,1,15735.86,20.6,0
sim-004415,8,group_b,27104.93,0.6021,46.8,0,11820.64,2.5,0
sim-004416,8,group_a,29051.09,0.0747,62.7,1,13096.23,8.1,0
sim-004417,8,group_a,42828.39,0.2601,85.5,0,12321.66,3.0,0
sim-004418,8,group_a,58957.35,0.0937,24.7,0,12741.63,9.3,0
sim-004419,8,group_a,47180.26,0.1025,64.0,0,4816.92,11.7,0
sim-004420,8,group_a,52112.3,0.4664,47.9,3,6146.47,3.7,1
sim-004421,8,group_a,33996.76,0.2823,32.1,0,20276.83,2.7,1
sim-004422,8,group_b,48984.54,0.1536,70.9,0,6015.52,6.8,0
sim-004423,8,group_a,35727.73,0.4052,115.3,3,4781.35,7.8,0
sim-004424,8,group_b,31589.55,0.0897,44.6,0,10675.2,9.1,1
sim-004425,8,group_a,84354.41,0.5709,82.3,0,7452.69,10.4,1
sim-004426,8,group_a,14288.35,0.1959,86.6,0,17567.86,2.1,1
sim-004427,8,group_a,17312.99,0.4873,73.4,0,4057.28,4.0,0
sim-004428,8,group_a,44655.55,0.111,16.7,1,4498.81,7.3,0
sim-004429,8,group_a,34020.12,0.3267,52.8,3,21617.23,3.4,0
sim-004430,8,group_a,20794.97,0.4511,34.8,2,5178.12,10.0,0
sim-004431,8,group_b,24417.7,0.1543,109.6,0,6044.81,3.9,0
sim-004432,8,group_b,25790.19,0.3815,45.0,1,6988.92,3.1,1
sim-004433,8,group_a,55314.0,0.1363,93.8,1,2628.68,5.3,0
sim-004434,8,group_a,63272.9,0.3661,54.5,3,10477.29,4.8,0
sim-004435,8,group_a,75706.27,0.0743,60.5,0,4131.9,3.5,0
sim-004436,8,group_b,19508.69,0.374,82.1,2,10943.49,14.5,0
sim-004437,8,group_a,21414.17,0.4258,32.2,3,3770.37,0.3,1
sim-004438,8,group_a,20806.84,0.1995,61.8,2,11602.53,7.0,0
sim-004439,8,group_a,65337.4,0.2744,45.1,0,7298.47,4.1,1
sim-004440,8,group_a,45307.79,0.2179,105.3,2,7456.2,12.3,0
sim-004441,8,group_a,39327.67,0.2615,134.3,0,11031.47,3.0,0
sim-004442,8,group_b,41874.99,0.1473,102.1,2,12655.51,5.1,1
sim-004443,8,group_b,37128.98,0.4426,132.9,1,8476.56,16.3,0
sim-004444,8,group_a,23744.84,0.3623,28.0,2,8051.74,4.8,1
sim-004445,8,group_a,47170.91,0.5521,57.3,2,6295.28,4.9,1
sim-004446,8,group_a,35165.54,0.1625,68.6,2,9885.92,3.9,0
sim-004447,8,group_a,22968.18,0.42,37.9,1,16335.97,4.0,0
sim-004448,8,group_a,48397.33,0.2779,92.1,0,10545.81,10.1,0
sim-004449,8,group_a,31798.33,0.3792,103.9,1,4600.91,14.7,1
sim-004450,8,group_b,41837.28,0.7206,83.3,1,8170.39,4.7,0
sim-004451,8,group_b,36080.53,0.4765,47.1,1,5854.28,0.5,0
sim-004452,8,group_b,55291.76,0.0897,39.7,0,4668.88,7.9,0
sim-004453,8,group_b,41708.84,0.0346,108.4,1,7058.08,0.6,0
sim-004454,8,group_a,26234.9,0.3294,48.0,0,9909.65,1.5,1
sim-004455,8,group_a,43531.55,0.2223,128.1,1,11263.86,4.2,0
sim-004456,8,group_a,44133.27,0.1077,35.5,0,10337.68,2.0,0
sim-004457,8,group_b,47134.47,0.53,115.9,0,5723.49,6.3,0
sim-004458,8,group_a,58751.22,0.3243,45.5,2,5131.23,4.5,0
sim-004459,8,group_b,29357.03,0.2146,46.2,5,4259.33,2.3,0
sim-004460,8,group_a,50338.88,0.1934,22.1,0,7607.98,10.4,0
sim-004461,8,group_a,18427.08,0.1364,32.3,1,10730.53,3.0,0
sim-004462,8,group_a,36156.3,0.2975,85.2,1,10224.98,0.9,0
sim-004463,8,group_b,33882.12,0.282,93.0,2,5077.42,8.5,1
sim-004464,8,group_a,69849.28,0.4788,296.2,2,18337.03,6.1,1
sim-004465,8,group_a,35608.48,0.3552,89.0,1,9080.48,7.7,0
sim-004466,8,group_a,49087.28,0.4906,101.9,0,11782.89,4.6,0
sim-004467,8,group_b,18143.23,0.2897,45.4,0,10600.48,11.7,0
sim-004468,8,group_b,32802.55,0.3073,46.1,1,4001.01,3.0,0
sim-004469,8,group_a,26649.58,0.2274,65.5,1,11690.4,2.3,0
sim-004470,8,group_b,107550.38,0.1527,62.6,1,16948.96,4.9,0
sim-004471,8,group_a,28737.13,0.0969,76.2,1,4990.1,1.9,0
sim-004472,8,group_b,39213.53,0.3544,25.7,0,5057.0,5.5,0
sim-004473,8,group_a,40101.21,0.386,21.9,0,10012.57,7.8,0
sim-004474,8,group_a,19504.86,0.4844,131.6,1,8435.46,11.1,0
sim-004475,8,group_b,30487.29,0.2801,120.6,2,10488.44,5.4,1
sim-004476,8,group_a,45071.34,0.3944,28.7,1,4843.77,8.5,0
sim-004477,8,group_a,39419.01,0.4407,47.7,1,11478.89,6.8,0
sim-004478,8,group_b,14469.92,0.2042,92.5,1,3708.54,4.1,1
sim-004479,8,group_b,29967.35,0.4648,104.0,0,6878.78,1.8,1
sim-004480,8,group_a,58380.96,0.1701,141.0,1,9479.03,7.6,0
sim-004481,8,group_b,48681.46,0.1606,59.2,0,5662.38,1.3,0
sim-004482,8,group_b,63422.5,0.3848,43.9,1,8396.79,10.9,0
sim-004483,8,group_a,25135.29,0.3868,39.5,2,13807.74,5.3,0
sim-004484,8,group_b,65120.22,0.2165,31.3,1,5433.45,2.5,1
sim-004485,8,group_a,37322.42,0.097,125.2,0,6715.53,10.6,1
sim-004486,8,group_b,74215.88,0.0781,28.0,1,2550.97,18.3,1
sim-004487,8,group_a,38077.84,0.3784,125.1,0,8802.46,6.4,0
sim-004488,8,group_a,16091.72,0.1669,55.9,1,15521.89,2.8,0
sim-004489,8,group_a,54322.13,0.2382,85.8,0,4856.42,1.0,0
sim-004490,8,group_a,31562.48,0.7106,80.3,1,6365.89,8.1,1
sim-004491,8,group_b,32467.13,0.0833,30.8,1,13516.22,9.0,0
sim-004492,8,group_b,20654.73,0.1756,41.0,1,16697.32,0.9,0
sim-004493,8,group_a,75156.19,0.3578,118.6,2,7861.36,6.0,0
sim-004494,8,group_a,30550.54,0.3316,63.1,5,5121.85,5.6,0
sim-004495,8,group_a,73682.09,0.25,169.1,1,6510.76,4.6,0
sim-004496,8,group_a,31725.56,0.0731,45.6,1,10606.89,7.1,0
sim-004497,8,group_a,25754.05,0.2778,79.8,3,5801.88,4.8,0
sim-004498,8,group_b,66184.54,0.5156,35.7,0,6365.55,1.8,0
sim-004499,8,group_b,36871.69,0.3119,99.7,2,5632.41,1.2,1
sim-004500,9,group_a,37470.14,0.102,71.3,0,12932.91,0.8,0
sim-004501,9,group_a,22465.07,0.1991,27.7,0,8743.04,7.5,1
sim-004502,9,group_b,31754.77,0.5536,83.4,3,6147.18,4.1,1
sim-004503,9,group_a,46076.22,0.6418,102.9,2,8496.45,2.0,0
sim-004504,9,group_a,22300.05,0.3692,69.7,2,10203.31,6.9,0
sim-004505,9,group_a,30686.66,0.2856,56.2,0,3604.33,3.1,0
sim-004506,9,group_a,32254.49,0.4424,61.9,3,10055.19,4.0,1
sim-004507,9,group_a,39573.11,0.2022,96.8,0,15361.41,12.6,0
sim-004508,9,group_b,71640.44,0.3967,101.9,1,5593.97,9.1,0
sim-004509,9,group_a,33928.81,0.1864,62.0,0,5606.32,6.3,0
sim-004510,9,group_b,28795.94,0.1583,35.6,1,14051.22,15.2,0
sim-004511,9,group_a,121963.33,0.0769,110.2,0,3164.88,12.0,0
sim-004512,9,group_b,32082.38,0.4832,85.6,3,25088.65,11.3,1
sim-004513,9,group_a,35522.57,0.2531,35.6,3,4776.97,8.0,1
sim-004514,9,group_a,33113.77,0.3456,66.4,1,6386.29,11.8,0
sim-004515,9,group_a,34260.8,0.5097,61.9,1,5043.98,5.2,0
sim-004516,9,group_a,39761.61,0.1384,71.9,0,4472.59,10.4,1
sim-004517,9,group_a,56654.94,0.1292,55.2,0,9681.58,6.5,0
sim-004518,9,group_b,45600.54,0.5963,106.9,1,10380.33,1.8,0
sim-004519,9,group_a,60498.88,0.2802,81.8,2,5738.28,3.1,0
sim-004520,9,group_a,59664.47,0.3345,56.3,3,3955.01,9.1,0
sim-004521,9,group_a,42007.01,0.3383,109.9,1,6391.58,1.8,0
sim-004522,9,group_b,45073.56,0.0728,61.4,0,10239.84,7.3,0
sim-004523,9,group_b,61308.23,0.4211,11.2,2,8026.33,0.9,0
sim-004524,9,group_b,24131.95,0.4315,104.2,0,9202.18,3.7,1
sim-004525,9,group_a,109891.49,0.2022,113.7,5,6854.2,4.2,1
sim-004526,9,group_b,31030.14,0.2839,54.8,1,2603.92,2.2,0
sim-004527,9,group_b,33209.62,0.3822,18.9,1,3616.76,2.9,1
sim-004528,9,group_a,23132.68,0.2981,72.0,1,13799.61,5.5,0
sim-004529,9,group_a,23423.54,0.4448,85.6,3,9111.86,2.7,1
sim-004530,9,group_b,57936.0,0.3023,104.8,0,4745.3,11.8,0
sim-004531,9,group_a,99855.68,0.2144,24.2,1,7710.93,9.0,0
sim-004532,9,group_b,30325.95,0.232,98.3,0,19794.59,13.3,0
sim-004533,9,group_a,44527.98,0.3367,33.9,2,6017.86,1.0,1
sim-004534,9,group_a,42212.43,0.3078,168.3,1,8131.26,1.6,0
sim-004535,9,group_a,58577.31,0.2457,69.3,2,11087.45,2.5,1
sim-004536,9,group_b,97719.86,0.4679,124.2,2,5891.48,4.5,0
sim-004537,9,group_b,72897.44,0.0481,147.5,1,29243.2,6.3,0
sim-004538,9,group_a,34813.59,0.2353,119.5,0,7524.11,4.9,0
sim-004539,9,group_a,48054.08,0.2436,137.2,3,14553.04,8.2,1
sim-004540,9,group_a,50100.4,0.3118,110.7,4,11941.26,1.3,0
sim-004541,9,group_a,38160.72,0.1728,94.0,3,12090.04,1.7,0
sim-004542,9,group_b,24287.25,0.1792,84.6,1,11378.13,9.8,0
sim-004543,9,group_a,27515.75,0.2119,154.3,0,3687.6,4.4,1
sim-004544,9,group_a,62331.62,0.225,75.2,2,4083.97,5.1,0
sim-004545,9,group_a,65091.51,0.3323,138.3,2,17741.45,3.8,0
sim-004546,9,group_b,35271.19,0.2041,70.2,1,5021.97,15.5,0
sim-004547,9,group_a,42943.62,0.302,79.7,3,20481.68,6.2,0
sim-004548,9,group_b,63630.67,0.2141,108.8,2,4055.95,0.8,0
sim-004549,9,group_a,18811.19,0.647,121.4,0,6699.33,1.7,1
sim-004550,9,group_a,31905.45,0.1995,60.4,0,8871.2,4.1,0
sim-004551,9,group_b,89814.88,0.2329,97.9,1,6764.28,2.3,0
sim-004552,9,group_a,43639.12,0.1733,95.8,0,11970.36,6.6,0
sim-004553,9,group_b,23950.14,0.065,38.9,0,21724.71,7.7,0
sim-004554,9,group_a,40427.22,0.0618,96.1,2,5616.33,9.0,0
sim-004555,9,group_b,59100.99,0.1237,136.8,1,4988.28,1.8,0
sim-004556,9,group_b,13206.39,0.3946,38.2,2,9986.3,3.4,0
sim-004557,9,group_b,41441.58,0.068,49.7,0,10307.95,6.1,0
sim-004558,9,group_a,32911.78,0.1005,69.6,0,4949.36,9.7,0
sim-004559,9,group_b,19309.66,0.3518,31.7,1,19086.63,10.2,0
sim-004560,9,group_b,39831.35,0.2322,94.5,2,5427.8,5.9,1
sim-004561,9,group_a,36340.14,0.4246,41.8,0,11667.12,9.2,0
sim-004562,9,group_a,38096.67,0.4047,32.3,3,8272.84,6.5,1
sim-004563,9,group_b,33247.36,0.4291,101.7,1,13705.02,5.5,0
sim-004564,9,group_a,25060.25,0.1486,69.6,1,4934.39,5.8,0
sim-004565,9,group_b,20889.1,0.1246,40.6,0,11045.07,8.4,0
sim-004566,9,group_b,28793.65,0.0803,51.7,0,2981.42,6.8,1
sim-004567,9,group_a,55209.26,0.3222,123.0,2,7626.23,2.1,0
sim-004568,9,group_a,42441.82,0.2097,75.4,1,5903.7,5.2,0
sim-004569,9,group_a,37382.1,0.1377,81.3,0,10061.28,4.8,1
sim-004570,9,group_a,24867.01,0.1635,33.7,1,20589.43,4.5,1
sim-004571,9,group_b,32891.05,0.2918,64.4,1,5423.03,2.1,0
sim-004572,9,group_a,52449.5,0.5847,97.5,1,9300.95,4.2,0
sim-004573,9,group_a,47572.45,0.2837,35.6,1,6354.96,5.8,1
sim-004574,9,group_b,31494.76,0.4178,37.0,3,16402.8,3.1,1
sim-004575,9,group_a,12851.44,0.2479,43.1,1,9871.61,7.2,1
sim-004576,9,group_b,28985.88,0.5309,103.1,0,6683.82,0.5,1
sim-004577,9,group_a,31422.15,0.6237,38.7,4,12081.84,8.2,0
sim-004578,9,group_a,26291.88,0.3379,68.1,1,4764.87,11.3,0
sim-004579,9,group_a,32353.13,0.2231,29.9,0,9257.39,4.7,0
sim-004580,9,group_b,54227.91,0.338,13.4,1,7330.02,4.2,1
sim-004581,9,group_b,37885.95,0.5093,37.2,1,11499.49,2.1,0
sim-004582,9,group_b,58318.37,0.1684,94.3,0,3080.98,5.9,0
sim-004583,9,group_b,20424.36,0.2239,111.5,0,5516.55,11.0,1
sim-004584,9,group_b,33856.05,0.3841,56.8,1,7041.73,9.8,1
sim-004585,9,group_b,17044.97,0.3778,29.2,0,3729.37,10.9,0
sim-004586,9,group_a,32171.54,0.4798,68.4,0,3325.73,1.0,1
sim-004587,9,group_b,24805.58,0.4757,76.7,1,14364.26,6.1,0
sim-004588,9,group_b,65915.32,0.4847,38.7,1,7454.61,13.2,0
sim-004589,9,group_b,45710.3,0.7725,60.0,0,16098.86,3.2,1
sim-004590,9,group_a,58937.24,0.3062,34.6,2,8023.61,1.3,0
sim-004591,9,group_a,32134.13,0.0493,30.1,0,14648.73,13.5,0
sim-004592,9,group_b,25077.3,0.0523,59.1,0,4630.6,6.0,0
sim-004593,9,group_a,24744.13,0.6838,44.3,4,11372.66,3.2,1
sim-004594,9,group_a,43022.76,0.2874,120.5,0,3958.01,6.7,0
sim-004595,9,group_b,82311.64,0.2536,104.1,2,10010.31,4.8,0
sim-004596,9,group_a,45761.6,0.6012,69.5,2,25232.59,0.9,1
sim-004597,9,group_a,32879.27,0.3067,39.4,2,6837.6,15.0,1
sim-004598,9,group_a,35550.74,0.1986,113.4,0,9502.53,1.5,0
sim-004599,9,group_a,37981.48,0.5389,78.0,2,7097.25,3.8,1
sim-004600,9,group_b,90146.36,0.5649,79.0,0,9796.62,5.4,0
sim-004601,9,group_b,64609.43,0.4241,56.1,3,7858.11,17.3,0
sim-004602,9,group_b,42923.85,0.385,105.0,1,26760.39,5.9,1
sim-004603,9,group_b,40299.22,0.3362,54.3,0,9761.38,3.1,0
sim-004604,9,group_b,43639.96,0.2701,23.9,5,5228.03,4.3,0
sim-004605,9,group_a,47362.96,0.3446,31.9,0,5944.37,9.1,0
sim-004606,9,group_b,32352.83,0.4401,161.4,0,16190.79,16.8,0
sim-004607,9,group_a,26997.16,0.3159,44.9,0,6994.0,2.4,0
sim-004608,9,group_a,59369.3,0.287,133.9,0,15226.26,7.3,0
sim-004609,9,group_b,38841.04,0.0214,46.0,0,13184.79,7.9,0
sim-004610,9,group_b,57323.49,0.2234,69.9,0,6804.53,8.5,0
sim-004611,9,group_a,76832.78,0.5121,117.6,2,6003.83,1.5,1
sim-004612,9,group_b,47889.82,0.0752,83.1,0,10570.19,12.2,0
sim-004613,9,group_a,44738.53,0.3083,66.3,1,4762.97,7.6,0
sim-004614,9,group_a,147576.51,0.1508,65.2,3,14672.41,8.6,0
sim-004615,9,group_a,41979.99,0.2533,96.5,1,5975.25,2.8,0
sim-004616,9,group_a,24342.29,0.2135,57.7,1,7548.35,6.8,0
sim-004617,9,group_a,34196.73,0.2807,158.5,1,9707.45,9.8,0
sim-004618,9,group_a,73843.82,0.3249,27.4,2,9952.13,5.3,1
sim-004619,9,group_a,22347.05,0.2059,47.1,1,4974.09,1.0,0
sim-004620,9,group_a,28056.26,0.2764,43.9,0,3024.58,7.8,0
sim-004621,9,group_b,61248.78,0.3659,61.2,1,5974.37,6.5,0
sim-004622,9,group_b,34334.96,0.0806,76.3,0,9458.33,3.8,0
sim-004623,9,group_b,36742.77,0.5049,182.0,3,13155.7,13.3,0
sim-004624,9,group_a,60404.36,0.3084,52.4,1,3967.15,4.3,0
sim-004625,9,group_b,28479.37,0.4327,93.4,1,7831.23,5.5,0
sim-004626,9,group_b,20768.38,0.3501,37.3,0,3520.89,5.0,1
sim-004627,9,group_a,21475.5,0.4053,33.1,1,2453.67,0.9,0
sim-004628,9,group_a,49136.03,0.0557,95.4,0,24304.5,7.8,0
sim-004629,9,group_a,42908.94,0.43,75.7,1,6306.96,5.8,0
sim-004630,9,group_a,28770.97,0.188,41.3,0,8798.45,1.3,0
sim-004631,9,group_a,23654.47,0.3954,71.0,1,11934.75,13.5,1
sim-004632,9,group_a,34350.07,0.107,44.9,0,19799.69,5.2,1
sim-004633,9,group_a,61508.91,0.1777,103.3,1,7265.17,6.3,0
sim-004634,9,group_b,27090.99,0.4552,65.8,0,5635.66,10.5,0
sim-004635,9,group_a,29134.34,0.1741,24.5,0,5991.66,1.2,0
sim-004636,9,group_a,23341.33,0.4563,126.5,2,7124.97,2.8,0
sim-004637,9,group_b,32980.99,0.3675,119.1,1,8055.0,3.0,1
sim-004638,9,group_a,44355.55,0.0966,85.7,1,8106.89,5.2,0
sim-004639,9,group_a,93561.2,0.4749,41.6,1,5954.85,13.7,0
sim-004640,9,group_a,42170.16,0.3513,17.8,3,4666.66,7.9,0
sim-004641,9,group_a,37626.17,0.1579,83.6,0,18508.41,4.7,0
sim-004642,9,group_a,55294.76,0.3584,102.7,0,7946.27,4.7,0
sim-004643,9,group_a,51555.31,0.3809,34.4,2,5193.59,3.2,0
sim-004644,9,group_a,30193.52,0.0352,86.6,1,3063.47,2.5,0
sim-004645,9,group_b,101201.13,0.174,45.0,0,8972.88,6.5,0
sim-004646,9,group_b,38091.98,0.2729,91.5,2,7108.37,3.7,0
sim-004647,9,group_a,42500.78,0.1467,34.9,0,5182.89,6.4,1
sim-004648,9,group_a,48512.0,0.2345,96.7,0,11911.79,9.4,0
sim-004649,9,group_a,44500.98,0.292,69.1,2,4385.62,5.3,1
sim-004650,9,group_b,73033.03,0.3936,30.1,1,8488.16,8.7,1
sim-004651,9,group_b,30038.59,0.2345,38.9,2,10344.18,6.2,1
sim-004652,9,group_a,53477.73,0.1715,99.4,1,4700.4,7.9,1
sim-004653,9,group_a,41238.14,0.4298,53.8,0,8556.36,5.4,0
sim-004654,9,group_a,58147.82,0.2965,27.2,0,7059.72,4.5,0
sim-004655,9,group_b,35161.47,0.2621,65.8,0,10816.39,18.9,0
sim-004656,9,group_b,33217.28,0.3907,53.7,1,11680.19,3.1,0
sim-004657,9,group_a,52337.63,0.0791,74.8,1,2337.88,6.0,0
sim-004658,9,group_a,44728.1,0.5809,122.3,0,10080.19,8.3,0
sim-004659,9,group_a,27268.2,0.1067,49.3,0,10091.0,1.5,0
sim-004660,9,group_b,67721.38,0.6405,37.0,2,19647.34,8.6,0
sim-004661,9,group_b,52347.21,0.1254,36.1,0,11502.26,0.7,0
sim-004662,9,group_a,37303.19,0.4119,125.5,0,8903.14,5.6,1
sim-004663,9,group_a,31613.61,0.4775,22.6,2,6630.38,12.6,1
sim-004664,9,group_a,44843.55,0.3528,75.6,0,4536.49,5.7,0
sim-004665,9,group_a,50787.41,0.3743,60.2,0,9852.2,4.2,1
sim-004666,9,group_b,19702.26,0.2219,88.3,0,5962.6,2.5,0
sim-004667,9,group_a,45061.61,0.2707,74.5,1,5661.87,6.6,0
sim-004668,9,group_b,50618.53,0.4289,68.0,1,7440.13,4.4,0
sim-004669,9,group_a,14328.01,0.1796,107.6,2,9708.37,8.6,0
sim-004670,9,group_a,41789.47,0.5972,79.3,1,13554.76,6.8,0
sim-004671,9,group_a,51520.54,0.4154,66.1,0,9015.97,2.8,1
sim-004672,9,group_a,49117.41,0.3449,91.6,1,9271.68,8.4,0
sim-004673,9,group_a,53907.68,0.1003,62.7,0,6712.88,5.1,0
sim-004674,9,group_b,33537.59,0.1279,68.3,1,6430.33,3.6,0
sim-004675,9,group_a,24865.57,0.0993,27.7,2,7088.81,9.3,0
sim-004676,9,group_a,18071.79,0.3945,138.0,1,8939.48,1.0,0
sim-004677,9,group_a,60884.49,0.3536,86.4,1,4433.4,15.4,0
sim-004678,9,group_a,51703.85,0.1803,85.7,0,4970.05,12.5,1
sim-004679,9,group_b,62866.29,0.2889,73.5,0,13146.93,4.3,0
sim-004680,9,group_b,28380.02,0.3831,149.7,1,8374.31,4.2,0
sim-004681,9,group_a,53939.12,0.3406,100.4,4,2032.09,2.2,1
sim-004682,9,group_b,20473.24,0.123,19.1,0,10345.9,3.1,0
sim-004683,9,group_b,26710.52,0.5769,72.9,3,8318.73,2.3,1
sim-004684,9,group_b,40575.12,0.0148,92.9,2,8910.98,7.3,1
sim-004685,9,group_a,50845.52,0.3282,152.7,4,8009.3,5.1,1
sim-004686,9,group_a,77900.31,0.4495,47.4,2,18822.79,5.1,1
sim-004687,9,group_a,34793.06,0.1887,53.4,0,7995.14,5.4,0
sim-004688,9,group_b,26752.55,0.292,75.4,1,2528.52,4.6,0
sim-004689,9,group_b,26181.22,0.1345,65.4,1,16400.63,3.0,0
sim-004690,9,group_a,28828.07,0.1843,44.0,1,13566.45,10.5,1
sim-004691,9,group_a,97814.81,0.5638,35.3,0,5788.09,6.7,0
sim-004692,9,group_b,52885.63,0.4157,95.0,1,6223.21,5.1,0
sim-004693,9,group_b,61406.03,0.2598,49.1,1,13037.27,3.4,1
sim-004694,9,group_a,34808.82,0.1293,92.5,0,31175.91,2.0,0
sim-004695,9,group_b,38457.44,0.2365,58.7,0,10624.57,10.8,1
sim-004696,9,group_a,51621.37,0.3097,52.6,0,5655.26,5.7,1
sim-004697,9,group_a,31118.71,0.2059,94.5,2,11215.17,3.6,0
sim-004698,9,group_a,34052.23,0.264,35.7,0,5687.99,5.9,0
sim-004699,9,group_b,28987.62,0.0137,47.5,1,5486.97,5.6,0
sim-004700,9,group_b,31890.17,0.2693,73.4,1,7402.38,5.2,0
sim-004701,9,group_a,39283.94,0.2582,73.2,3,12063.57,2.9,0
sim-004702,9,group_a,27251.99,0.4795,93.5,2,13483.66,4.5,1
sim-004703,9,group_a,43395.51,0.1984,84.0,0,4108.76,4.0,0
sim-004704,9,group_a,43370.05,0.3959,88.9,2,5856.2,4.1,0
sim-004705,9,group_a,35693.2,0.4328,73.0,0,3503.08,8.2,0
sim-004706,9,group_a,27186.26,0.3958,47.4,0,13805.06,1.6,1
sim-004707,9,group_a,40218.58,0.3197,73.2,1,9762.67,4.5,0
sim-004708,9,group_a,31130.4,0.3144,71.7,1,9802.67,2.0,0
sim-004709,9,group_a,39244.62,0.4125,53.7,2,8128.15,3.6,0
sim-004710,9,group_b,61035.66,0.2388,114.8,0,9226.72,2.7,0
sim-004711,9,group_a,22737.37,0.318,79.6,0,9341.83,13.8,0
sim-004712,9,group_b,95881.11,0.2012,26.4,2,9613.35,11.9,0
sim-004713,9,group_b,37329.53,0.4965,15.7,1,5327.35,4.4,1
sim-004714,9,group_a,45751.16,0.4236,139.2,1,12625.51,9.9,0
sim-004715,9,group_a,28052.83,0.1345,192.4,0,14934.76,6.9,0
sim-004716,9,group_a,62176.28,0.318,33.1,1,9172.26,3.3,1
sim-004717,9,group_b,36506.18,0.3845,48.3,1,7234.51,1.7,1
sim-004718,9,group_a,32613.13,0.5277,37.1,1,20982.31,6.2,0
sim-004719,9,group_a,30220.74,0.465,94.3,0,11716.58,3.5,0
sim-004720,9,group_a,34380.11,0.3335,19.2,1,3607.18,5.9,0
sim-004721,9,group_a,45876.39,0.1147,57.9,0,11258.46,27.3,0
sim-004722,9,group_a,41381.14,0.3073,42.9,1,14349.48,2.5,1
sim-004723,9,group_b,37845.18,0.3025,93.8,0,7455.24,2.2,0
sim-004724,9,group_a,28544.03,0.2714,29.5,3,4251.31,7.5,0
sim-004725,9,group_a,27860.0,0.4851,102.3,2,15077.38,5.0,0
sim-004726,9,group_b,31711.44,0.4263,16.9,4,9445.07,14.7,1
sim-004727,9,group_a,46691.42,0.4281,38.4,1,15036.79,10.9,0
sim-004728,9,group_b,50825.28,0.5222,27.7,2,9079.47,13.2,0
sim-004729,9,group_a,53785.47,0.3335,89.3,1,3477.95,4.7,1
sim-004730,9,group_a,38460.38,0.3175,52.2,1,11733.93,2.1,0
sim-004731,9,group_b,45211.01,0.3768,84.2,4,11473.63,5.3,0
sim-004732,9,group_a,35855.44,0.0641,40.7,2,5019.85,4.6,0
sim-004733,9,group_a,18513.12,0.2912,40.9,0,28797.57,4.7,0
sim-004734,9,group_b,35147.57,0.1966,44.2,2,5129.33,13.0,0
sim-004735,9,group_b,32871.55,0.4048,101.3,4,5646.29,3.4,1
sim-004736,9,group_b,24874.56,0.5028,57.3,1,17801.35,6.9,1
sim-004737,9,group_a,30323.99,0.3158,102.4,2,4160.06,5.6,0
sim-004738,9,group_a,40730.74,0.0528,101.7,0,7739.66,5.4,0
sim-004739,9,group_b,23909.62,0.7651,145.2,2,5759.59,9.0,0
sim-004740,9,group_a,28551.65,0.3005,33.1,1,8046.85,2.6,1
sim-004741,9,group_a,73726.59,0.4399,113.4,1,4925.07,1.6,1
sim-004742,9,group_b,19630.96,0.521,92.3,0,22120.38,8.2,1
sim-004743,9,group_a,35634.28,0.7053,52.9,2,5181.92,4.8,1
sim-004744,9,group_a,23579.9,0.3316,78.3,1,11758.61,20.4,0
sim-004745,9,group_a,28065.95,0.6446,46.1,1,3943.71,5.8,1
sim-004746,9,group_a,35417.11,0.289,32.7,2,7426.42,0.7,0
sim-004747,9,group_b,25418.13,0.0505,130.3,0,15803.71,9.9,0
sim-004748,9,group_b,48974.3,0.4202,31.2,0,8751.85,8.6,1
sim-004749,9,group_a,67879.09,0.7171,36.5,0,15774.54,7.4,0
sim-004750,9,group_a,54803.25,0.0426,68.1,1,7378.51,9.2,0
sim-004751,9,group_a,59179.92,0.1599,87.9,0,11285.67,6.5,0
sim-004752,9,group_a,21558.19,0.6315,104.6,3,8976.76,4.8,0
sim-004753,9,group_a,34749.14,0.6029,16.1,2,5009.17,12.2,1
sim-004754,9,group_b,46831.76,0.1417,58.9,1,14547.4,22.2,0
sim-004755,9,group_a,55486.79,0.4898,58.0,4,5391.56,8.8,1
sim-004756,9,group_a,80370.96,0.3911,83.1,1,10269.01,1.5,0
sim-004757,9,group_b,60294.53,0.2482,20.6,0,7454.21,2.9,0
sim-004758,9,group_a,56079.48,0.3518,104.0,1,9517.46,4.5,1
sim-004759,9,group_b,116321.15,0.2718,34.9,1,8285.74,10.2,0
sim-004760,9,group_a,40072.67,0.3147,70.6,1,22862.27,13.1,1
sim-004761,9,group_a,34084.41,0.1887,84.4,1,11625.39,6.5,1
sim-004762,9,group_b,41460.25,0.3213,34.6,1,6766.34,7.0,1
sim-004763,9,group_a,26204.27,0.4966,78.6,1,7343.13,2.3,0
sim-004764,9,group_a,39592.94,0.1155,90.9,2,8129.46,4.6,0
sim-004765,9,group_a,18633.61,0.1882,41.4,0,6625.98,0.2,0
sim-004766,9,group_b,30810.23,0.0949,49.4,1,4295.07,4.4,0
sim-004767,9,group_a,36664.34,0.2653,44.2,1,22773.0,2.4,1
sim-004768,9,group_a,57345.34,0.1426,81.3,0,12939.16,1.2,0
sim-004769,9,group_b,61368.87,0.072,81.5,1,5843.34,5.5,0
sim-004770,9,group_b,25675.2,0.143,121.3,1,9026.54,14.1,0
sim-004771,9,group_a,92035.9,0.4647,81.7,3,15268.69,1.7,0
sim-004772,9,group_a,40958.59,0.5557,94.6,3,6521.32,5.6,0
sim-004773,9,group_a,42566.33,0.5522,73.5,1,3294.11,11.0,0
sim-004774,9,group_a,19507.78,0.501,25.6,0,5360.3,1.8,1
sim-004775,9,group_a,29660.63,0.3026,115.7,1,4497.78,2.1,0
sim-004776,9,group_a,59809.87,0.2317,46.6,1,7899.38,4.6,0
sim-004777,9,group_a,41328.47,0.5313,101.0,3,4229.08,9.4,0
sim-004778,9,group_a,40266.78,0.414,48.8,2,12404.78,4.9,1
sim-004779,9,group_b,42336.81,0.1518,82.1,1,8936.51,4.0,0
sim-004780,9,group_a,20991.11,0.6474,139.4,0,11398.82,1.5,0
sim-004781,9,group_b,36953.82,0.1527,95.0,1,10935.43,11.7,0
sim-004782,9,group_b,69528.97,0.5526,79.3,2,4694.8,4.9,1
sim-004783,9,group_b,60743.61,0.4481,50.1,1,2660.12,7.8,1
sim-004784,9,group_b,36512.73,0.4517,45.8,0,12349.39,8.4,0
sim-004785,9,group_b,74216.43,0.1774,22.5,0,5689.62,3.0,0
sim-004786,9,group_a,22678.64,0.231,23.1,3,11487.53,6.1,0
sim-004787,9,group_b,25588.21,0.2055,79.5,0,7595.91,4.5,0
sim-004788,9,group_a,84180.74,0.3479,83.4,1,8957.3,2.0,0
sim-004789,9,group_b,49057.52,0.2283,98.4,0,12983.56,10.2,1
sim-004790,9,group_a,34086.86,0.1118,88.1,0,5481.67,3.2,0
sim-004791,9,group_a,37600.26,0.1824,32.8,1,5628.27,18.0,1
sim-004792,9,group_a,27425.13,0.2604,77.1,1,15882.28,2.2,0
sim-004793,9,group_b,43224.77,0.1717,179.5,1,12890.54,2.4,1
sim-004794,9,group_a,41810.52,0.5005,121.8,4,9974.42,4.3,1
sim-004795,9,group_a,38806.83,0.5192,86.6,2,4126.39,3.5,1
sim-004796,9,group_a,23644.89,0.2687,83.1,1,7288.8,10.5,0
sim-004797,9,group_a,43010.41,0.3274,58.3,1,4818.56,9.7,0
sim-004798,9,group_b,30810.33,0.4287,48.4,2,5900.11,7.7,1
sim-004799,9,group_b,25435.21,0.5625,105.0,0,5389.2,10.3,0
sim-004800,9,group_a,65514.83,0.3287,55.9,1,4785.37,7.3,0
sim-004801,9,group_a,95729.61,0.222,88.1,1,8031.99,5.6,0
sim-004802,9,group_a,87020.63,0.2001,45.6,1,5195.51,2.0,0
sim-004803,9,group_a,50566.85,0.6136,120.7,3,6400.78,0.9,1
sim-004804,9,group_b,34422.11,0.1895,81.0,1,5303.57,6.3,0
sim-004805,9,group_b,37363.54,0.1895,75.4,1,15587.32,4.1,0
sim-004806,9,group_a,45631.47,0.5391,58.1,0,9111.31,1.7,0
sim-004807,9,group_b,32257.18,0.2776,78.2,1,10409.5,4.5,0
sim-004808,9,group_a,66963.32,0.4069,9.1,3,7576.65,4.9,0
sim-004809,9,group_a,16366.54,0.3833,97.6,0,7968.39,1.0,0
sim-004810,9,group_a,33989.1,0.1096,83.3,0,9111.13,7.8,0
sim-004811,9,group_b,53876.52,0.2407,69.3,0,17287.93,2.8,0
sim-004812,9,group_a,26984.91,0.1434,29.4,0,14071.47,7.5,0
sim-004813,9,group_b,34791.82,0.17,84.7,2,8532.86,12.5,0
sim-004814,9,group_a,49381.46,0.1774,53.6,1,5066.56,9.1,0
sim-004815,9,group_a,72814.69,0.1183,79.0,1,11374.93,12.7,0
sim-004816,9,group_a,22349.2,0.6046,25.3,4,6390.81,6.0,1
sim-004817,9,group_a,21664.03,0.2985,24.8,0,6498.45,3.0,0
sim-004818,9,group_a,25865.55,0.5084,157.9,1,7379.19,3.8,0
sim-004819,9,group_a,20175.72,0.2722,77.9,3,8718.46,9.3,0
sim-004820,9,group_b,20787.79,0.5256,134.7,0,13175.57,5.1,1
sim-004821,9,group_a,25577.86,0.0608,14.0,1,4941.34,6.4,0
sim-004822,9,group_b,64606.31,0.0749,75.9,0,10639.19,5.7,0
sim-004823,9,group_b,33756.48,0.2865,110.8,1,6965.06,4.8,0
sim-004824,9,group_a,38994.56,0.3037,72.2,1,37305.05,1.8,0
sim-004825,9,group_a,25763.27,0.4512,71.6,0,7575.05,2.8,0
sim-004826,9,group_a,50215.83,0.2897,68.1,2,13863.52,12.1,0
sim-004827,9,group_a,84611.11,0.2911,25.1,2,19356.41,8.6,0
sim-004828,9,group_b,26507.83,0.2835,273.1,0,4902.07,11.8,0
sim-004829,9,group_b,79411.17,0.296,126.9,1,8035.97,6.9,0
sim-004830,9,group_b,44849.07,0.0804,96.2,1,10418.39,5.2,1
sim-004831,9,group_a,38757.62,0.4296,38.5,0,5199.02,8.6,0
sim-004832,9,group_b,45526.6,0.4916,52.4,0,6624.55,6.2,1
sim-004833,9,group_b,45343.46,0.1818,42.4,2,7026.76,4.9,1
sim-004834,9,group_a,83950.6,0.336,134.8,2,12072.94,6.9,0
sim-004835,9,group_b,47881.89,0.1645,190.9,1,18283.52,0.8,0
sim-004836,9,group_a,48303.78,0.2748,33.0,0,7379.91,5.1,0
sim-004837,9,group_a,32240.22,0.3765,21.3,1,5026.17,3.9,0
sim-004838,9,group_a,54743.42,0.4249,50.8,1,24012.87,8.7,0
sim-004839,9,group_a,25748.31,0.6085,54.2,3,10773.83,4.7,1
sim-004840,9,group_b,40286.9,0.3181,21.6,1,12044.02,11.9,1
sim-004841,9,group_a,129182.2,0.2147,59.2,2,3505.91,18.1,0
sim-004842,9,group_a,13443.36,0.2826,77.5,0,3619.12,4.9,0
sim-004843,9,group_a,42443.19,0.3024,13.0,1,6758.66,2.6,0
sim-004844,9,group_a,43134.64,0.2429,103.0,0,10853.7,5.8,0
sim-004845,9,group_a,34968.49,0.2837,29.4,0,8219.71,3.2,0
sim-004846,9,group_a,35316.37,0.0722,16.9,0,5954.35,6.4,0
sim-004847,9,group_b,39990.3,0.1159,121.7,2,4644.97,4.0,0
sim-004848,9,group_a,34619.02,0.2503,62.0,1,12393.45,6.4,0
sim-004849,9,group_b,42244.59,0.1766,106.3,0,10497.07,3.0,0
sim-004850,9,group_a,31357.34,0.5373,100.1,1,5880.72,6.6,0
sim-004851,9,group_b,89985.6,0.3247,30.3,0,7786.52,3.7,1
sim-004852,9,group_b,34618.87,0.4042,36.8,1,5358.96,2.5,0
sim-004853,9,group_a,48885.53,0.2279,36.6,2,5292.65,1.5,0
sim-004854,9,group_a,29056.71,0.3127,89.0,1,8969.42,3.6,0
sim-004855,9,group_b,56949.49,0.4263,33.1,0,22360.13,5.6,0
sim-004856,9,group_a,52368.29,0.3776,39.1,1,9424.55,2.4,1
sim-004857,9,group_b,45893.98,0.0129,8.9,0,10850.81,4.0,0
sim-004858,9,group_a,24997.2,0.1183,17.8,1,7094.82,16.8,1
sim-004859,9,group_a,28056.92,0.4643,74.4,0,7220.01,8.4,1
sim-004860,9,group_a,78134.94,0.5225,38.5,1,10954.07,2.1,0
sim-004861,9,group_b,27926.77,0.1981,70.5,2,9124.4,11.2,0
sim-004862,9,group_a,50371.4,0.4856,84.8,0,10612.3,5.8,0
sim-004863,9,group_b,25880.32,0.1906,44.2,1,4498.39,4.0,1
sim-004864,9,group_b,58777.89,0.1995,48.1,2,7636.13,9.0,0
sim-004865,9,group_a,28845.61,0.0444,98.1,0,8064.77,7.6,0
sim-004866,9,group_a,25679.83,0.615,15.4,2,10910.99,13.3,1
sim-004867,9,group_a,28532.99,0.178,76.9,2,9729.1,9.3,0
sim-004868,9,group_a,30497.59,0.1198,70.5,0,5695.72,3.1,1
sim-004869,9,group_b,45613.67,0.1512,78.9,0,14284.14,6.5,0
sim-004870,9,group_a,39622.05,0.1406,17.5,0,15986.13,7.0,0
sim-004871,9,group_a,24295.21,0.1829,128.1,1,6081.79,3.9,1
sim-004872,9,group_b,38035.01,0.4865,85.6,0,4966.22,9.1,0
sim-004873,9,group_b,23806.87,0.2845,107.5,3,5738.61,5.7,0
sim-004874,9,group_a,50427.61,0.2036,30.6,1,5807.46,11.5,1
sim-004875,9,group_a,54464.22,0.4066,117.9,0,8062.98,4.6,0
sim-004876,9,group_a,38098.95,0.3295,152.9,4,13711.5,3.7,1
sim-004877,9,group_b,43135.19,0.429,68.3,1,7732.63,6.2,1
sim-004878,9,group_a,80329.49,0.5937,84.6,0,14767.12,5.4,1
sim-004879,9,group_a,36019.18,0.1211,16.2,0,18595.02,9.1,0
sim-004880,9,group_a,25884.81,0.0944,50.2,0,13525.79,6.6,0
sim-004881,9,group_b,49082.7,0.1783,58.1,2,13235.83,6.6,0
sim-004882,9,group_b,23915.58,0.18,93.9,0,12689.34,4.1,1
sim-004883,9,group_a,35226.75,0.4192,21.1,1,8381.05,3.6,1
sim-004884,9,group_b,29924.24,0.3351,123.2,0,4694.39,5.8,0
sim-004885,9,group_b,28659.37,0.3299,57.1,1,14394.89,4.6,1
sim-004886,9,group_a,34646.89,0.0972,195.9,0,12451.2,2.8,0
sim-004887,9,group_b,56159.68,0.0803,47.3,0,4012.44,3.2,0
sim-004888,9,group_a,61229.29,0.3593,42.3,0,7354.05,8.8,0
sim-004889,9,group_b,56783.81,0.2883,25.9,3,8077.7,3.3,1
sim-004890,9,group_a,44323.43,0.1439,101.4,0,6646.2,2.0,0
sim-004891,9,group_a,34536.05,0.273,65.3,0,13093.83,3.1,1
sim-004892,9,group_a,14295.69,0.1465,67.2,2,12172.15,4.1,1
sim-004893,9,group_a,44910.08,0.0553,168.0,1,11586.88,8.2,0
sim-004894,9,group_b,14774.84,0.1678,54.0,0,7351.47,23.2,0
sim-004895,9,group_a,17157.42,0.2507,103.8,1,5583.96,15.5,0
sim-004896,9,group_a,35957.74,0.2784,75.2,3,15209.6,9.9,0
sim-004897,9,group_a,43007.18,0.3672,33.7,1,5171.57,5.6,0
sim-004898,9,group_b,31842.09,0.151,50.7,0,3958.11,17.3,0
sim-004899,9,group_b,73344.52,0.3657,153.8,1,7401.4,4.7,0
sim-004900,9,group_a,46727.25,0.2957,78.7,0,7491.06,6.5,0
sim-004901,9,group_a,34656.78,0.4239,63.8,0,9103.35,1.1,1
sim-004902,9,group_a,68888.89,0.4696,131.8,1,12259.61,3.6,0
sim-004903,9,group_b,74261.48,0.0766,102.5,1,12972.37,6.0,0
sim-004904,9,group_b,47728.05,0.376,78.8,0,11387.12,6.9,1
sim-004905,9,group_a,27788.9,0.4077,69.5,1,6231.39,4.6,0
sim-004906,9,group_b,30542.87,0.2698,97.5,0,8457.88,11.0,0
sim-004907,9,group_a,20959.97,0.3824,34.3,1,8000.64,5.9,0
sim-004908,9,group_b,37804.56,0.5392,90.0,0,17643.81,4.0,1
sim-004909,9,group_a,24759.95,0.2836,75.2,1,4990.15,9.1,0
sim-004910,9,group_a,33516.35,0.2213,118.6,1,6271.98,9.2,0
sim-004911,9,group_a,42935.41,0.2794,54.0,1,20878.32,1.0,0
sim-004912,9,group_a,16728.05,0.3745,65.9,1,16113.86,8.5,1
sim-004913,9,group_b,22634.46,0.2893,58.9,2,8278.35,6.2,0
sim-004914,9,group_a,31105.0,0.2743,37.0,0,7407.73,4.7,0
sim-004915,9,group_b,37644.36,0.1866,44.5,3,12892.2,2.9,1
sim-004916,9,group_b,31274.74,0.2617,56.2,1,13880.73,4.1,1
sim-004917,9,group_b,34350.86,0.0893,33.1,0,8096.9,3.0,0
sim-004918,9,group_b,28606.85,0.2467,56.9,0,21505.98,2.5,0
sim-004919,9,group_a,20936.56,0.3041,58.4,2,7565.08,4.1,1
sim-004920,9,group_a,30742.6,0.3923,25.2,1,8919.03,10.5,0
sim-004921,9,group_a,35188.31,0.4085,33.8,1,17246.21,1.5,0
sim-004922,9,group_a,33780.4,0.2785,180.3,0,7579.74,3.4,0
sim-004923,9,group_b,40334.17,0.0251,83.4,0,20095.92,13.4,1
sim-004924,9,group_a,45886.94,0.1866,75.0,0,12006.88,2.7,0
sim-004925,9,group_a,51242.52,0.4918,81.1,1,5997.14,10.7,0
sim-004926,9,group_a,29493.01,0.1122,50.7,1,17050.4,6.1,0
sim-004927,9,group_a,19854.09,0.3961,101.2,1,6353.16,3.1,1
sim-004928,9,group_b,65648.53,0.3265,119.9,3,4581.98,4.6,0
sim-004929,9,group_a,45246.8,0.059,70.8,1,8217.47,3.4,0
sim-004930,9,group_b,25771.95,0.0445,88.3,1,6002.36,2.8,1
sim-004931,9,group_b,43244.97,0.5271,37.4,0,7146.51,4.3,0
sim-004932,9,group_b,60268.07,0.151,114.4,1,6478.11,5.4,1
sim-004933,9,group_a,79559.0,0.1635,83.3,0,5290.72,9.9,0
sim-004934,9,group_b,42755.64,0.1841,98.1,0,3580.42,3.3,0
sim-004935,9,group_a,60057.74,0.2867,62.7,0,12171.75,1.0,0
sim-004936,9,group_a,23155.03,0.254,72.0,0,11057.4,5.4,0
sim-004937,9,group_b,37908.13,0.3007,81.8,2,11005.78,8.4,0
sim-004938,9,group_b,33432.87,0.2959,105.6,1,9304.74,3.3,1
sim-004939,9,group_a,44439.29,0.6128,33.3,2,5254.45,7.0,0
sim-004940,9,group_b,75712.72,0.2081,112.1,0,9976.32,0.6,0
sim-004941,9,group_a,42742.69,0.2703,139.1,3,6009.8,7.5,0
sim-004942,9,group_b,25956.31,0.5149,61.1,0,5632.72,1.7,1
sim-004943,9,group_b,22637.33,0.4011,66.4,1,3058.01,8.7,0
sim-004944,9,group_a,76820.56,0.2686,122.7,3,13313.49,6.3,1
sim-004945,9,group_b,47752.81,0.1902,180.0,0,5535.1,5.5,0
sim-004946,9,group_b,46452.9,0.3992,36.9,1,11012.32,3.1,0
sim-004947,9,group_b,33310.66,0.4845,72.2,2,4157.16,15.5,1
sim-004948,9,group_b,43066.55,0.606,27.1,0,5621.53,3.0,0
sim-004949,9,group_b,25424.71,0.0994,36.2,1,14439.04,1.7,0
sim-004950,9,group_a,45280.12,0.0974,95.1,1,12559.64,5.5,1
sim-004951,9,group_b,23495.27,0.3104,68.6,1,15216.85,9.5,0
sim-004952,9,group_a,33093.72,0.3784,91.3,0,6450.28,5.0,0
sim-004953,9,group_b,29377.52,0.6588,78.0,0,4796.68,8.3,1
sim-004954,9,group_a,9797.73,0.5439,67.2,2,10135.86,1.8,1
sim-004955,9,group_a,33268.2,0.3033,114.5,1,3699.61,1.6,0
sim-004956,9,group_b,26383.03,0.2697,128.3,0,5987.02,2.1,0
sim-004957,9,group_a,35229.4,0.1783,62.9,1,5561.86,4.5,0
sim-004958,9,group_a,38511.94,0.5666,38.1,3,17303.28,12.5,0
sim-004959,9,group_b,80864.6,0.3106,83.7,1,5853.29,5.0,0
sim-004960,9,group_a,43738.23,0.2228,35.1,1,8816.69,4.2,0
sim-004961,9,group_a,44281.72,0.2892,23.6,1,4222.72,1.7,0
sim-004962,9,group_a,47389.59,0.186,41.6,0,13770.19,2.0,0
sim-004963,9,group_a,55501.18,0.1606,40.3,1,11622.25,8.4,0
sim-004964,9,group_a,46573.98,0.3864,95.4,1,6584.56,5.4,1
sim-004965,9,group_a,43317.82,0.3658,145.3,0,13414.66,3.9,0
sim-004966,9,group_a,51881.82,0.2366,128.3,2,16457.5,7.4,0
sim-004967,9,group_a,13888.46,0.3858,53.4,0,6494.96,0.5,1
sim-004968,9,group_a,92540.5,0.1329,71.7,1,14212.71,9.1,0
sim-004969,9,group_b,75033.24,0.2432,58.8,1,8068.56,1.8,0
sim-004970,9,group_b,42158.73,0.241,115.6,0,4126.62,7.8,0
sim-004971,9,group_a,21259.04,0.1911,82.4,1,9780.7,4.7,0
sim-004972,9,group_a,63981.37,0.155,100.6,1,6254.25,5.5,0
sim-004973,9,group_b,28755.14,0.3023,41.3,1,4257.29,9.3,0
sim-004974,9,group_b,48156.59,0.335,201.6,0,9062.09,6.2,1
sim-004975,9,group_a,22453.0,0.3457,27.5,0,9861.17,10.5,0
sim-004976,9,group_a,98036.08,0.4623,35.7,0,21887.58,5.9,0
sim-004977,9,group_a,20999.82,0.144,100.8,2,7570.76,4.7,1
sim-004978,9,group_b,39615.44,0.4648,27.2,4,4367.06,4.7,0
sim-004979,9,group_b,15782.88,0.3764,145.6,1,6474.91,2.9,0
sim-004980,9,group_b,37823.53,0.1418,126.1,0,13725.38,14.1,1
sim-004981,9,group_a,32189.01,0.443,93.8,1,20993.37,5.8,1
sim-004982,9,group_a,62045.11,0.5266,44.3,1,12628.43,7.9,0
sim-004983,9,group_a,32187.73,0.2047,100.8,0,10061.76,4.9,0
sim-004984,9,group_a,62082.65,0.4097,62.0,2,6546.08,11.6,0
sim-004985,9,group_a,25030.98,0.4434,39.5,0,6299.99,5.8,1
sim-004986,9,group_b,34186.16,0.4436,62.7,2,10455.95,1.9,1
sim-004987,9,group_a,34475.25,0.5336,61.6,1,9040.9,1.5,1
sim-004988,9,group_b,47389.08,0.4868,65.6,1,3723.34,3.9,0
sim-004989,9,group_a,44923.54,0.3627,90.9,0,4350.61,6.3,0
sim-004990,9,group_a,52121.59,0.644,51.9,1,7192.15,4.6,0
sim-004991,9,group_b,43047.91,0.6094,57.2,1,8342.17,3.6,1
sim-004992,9,group_b,50805.11,0.5512,65.2,4,5947.78,6.9,1
sim-004993,9,group_a,26394.14,0.3609,120.4,3,9657.05,3.9,0
sim-004994,9,group_b,45310.56,0.6291,157.7,3,9254.59,3.2,1
sim-004995,9,group_a,75617.76,0.0992,39.2,1,9874.33,3.2,0
sim-004996,9,group_a,19003.97,0.1577,58.9,2,12585.29,1.7,1
sim-004997,9,group_a,47258.29,0.225,79.2,2,4686.98,3.0,0
sim-004998,9,group_a,51136.18,0.11,27.9,2,8624.16,3.8,0
sim-004999,9,group_b,71089.74,0.2184,60.2,0,8994.29,5.2,1
sim-005000,10,group_a,52835.56,0.3751,96.8,1,11496.33,6.0,0
sim-005001,10,group_b,40624.75,0.0223,74.6,0,8069.59,1.5,0
sim-005002,10,group_b,46659.45,0.2526,36.5,1,5305.63,6.6,1
sim-005003,10,group_a,28603.49,0.7139,283.8,2,7856.3,4.7,0
sim-005004,10,group_a,33092.22,0.2404,101.2,0,7994.51,3.3,0
sim-005005,10,group_a,22225.71,0.3404,94.7,2,8391.7,4.6,1
sim-005006,10,group_b,72733.14,0.6598,49.3,6,16672.82,4.2,1
sim-005007,10,group_b,47054.7,0.3303,134.7,2,6076.7,10.5,0
sim-005008,10,group_b,26508.82,0.1345,74.9,1,9224.76,8.2,0
sim-005009,10,group_a,43650.5,0.6093,34.0,0,3212.39,3.7,1
sim-005010,10,group_a,63381.42,0.3316,74.9,0,5340.2,4.7,0
sim-005011,10,group_a,59099.21,0.1112,88.9,0,6268.66,3.4,0
sim-005012,10,group_a,26380.8,0.3002,17.7,0,6784.38,10.7,0
sim-005013,10,group_b,10444.05,0.0851,31.1,1,13545.05,10.2,0
sim-005014,10,group_a,45984.61,0.0552,83.0,0,13463.8,9.5,0
sim-005015,10,group_a,26836.41,0.3535,52.1,0,3017.32,10.1,1
sim-005016,10,group_a,50583.34,0.1528,127.8,1,7257.35,4.7,0
sim-005017,10,group_a,58053.11,0.587,80.2,1,13365.27,13.9,0
sim-005018,10,group_b,62176.1,0.3136,72.6,1,9173.82,6.9,0
sim-005019,10,group_a,81047.53,0.2123,64.8,1,7572.68,8.0,0
sim-005020,10,group_b,65464.93,0.5201,119.0,2,6427.57,9.8,0
sim-005021,10,group_b,81211.37,0.1332,90.3,0,1856.97,1.2,0
sim-005022,10,group_b,69508.57,0.2456,87.3,1,8167.46,6.6,0
sim-005023,10,group_b,72100.15,0.423,122.8,3,3438.37,5.3,0
sim-005024,10,group_b,38285.84,0.42,132.7,0,7251.51,10.1,0
sim-005025,10,group_b,22662.86,0.5748,33.6,0,15334.46,13.2,1
sim-005026,10,group_a,110475.99,0.5327,226.9,0,10989.62,3.2,0
sim-005027,10,group_a,39992.22,0.1375,21.2,1,5142.8,7.9,0
sim-005028,10,group_b,65254.96,0.1931,75.2,1,8580.92,4.1,0
sim-005029,10,group_a,30911.53,0.2226,34.7,0,15534.47,4.2,0
sim-005030,10,group_a,58386.93,0.9004,98.5,0,7072.32,9.1,1
sim-005031,10,group_b,13948.33,0.1916,105.4,0,10068.94,2.7,1
sim-005032,10,group_a,32781.31,0.0922,34.7,1,9970.41,11.4,0
sim-005033,10,group_a,37371.64,0.5304,116.7,0,8683.45,4.3,0
sim-005034,10,group_b,47301.42,0.4171,9.8,1,6814.84,7.0,0
sim-005035,10,group_a,61098.97,0.1451,99.9,0,25018.58,10.0,1
sim-005036,10,group_b,24598.97,0.0664,24.9,0,17530.44,5.4,0
sim-005037,10,group_a,51389.37,0.2409,129.0,2,8603.06,5.7,0
sim-005038,10,group_b,65199.05,0.3084,60.1,0,6919.62,4.4,0
sim-005039,10,group_b,104326.73,0.771,45.5,0,10286.28,2.3,0
sim-005040,10,group_a,52406.39,0.2643,137.2,2,21894.65,2.6,0
sim-005041,10,group_a,32112.72,0.163,99.8,1,9624.19,5.6,0
sim-005042,10,group_a,22830.64,0.2823,60.6,1,13890.65,3.9,0
sim-005043,10,group_a,83974.21,0.2521,73.7,2,5397.75,3.7,1
sim-005044,10,group_a,53086.8,0.4501,142.6,2,10464.15,1.0,1
sim-005045,10,group_b,38590.84,0.3902,59.6,0,17923.66,4.9,1
sim-005046,10,group_a,19725.67,0.2551,34.5,1,13665.84,8.3,0
sim-005047,10,group_b,26341.55,0.1839,76.3,1,15750.22,9.1,0
sim-005048,10,group_a,50774.75,0.4248,54.1,1,7426.3,5.9,0
sim-005049,10,group_b,45189.04,0.1299,88.8,0,6366.56,8.0,0
sim-005050,10,group_a,17197.87,0.1371,86.4,2,13713.24,9.6,1
sim-005051,10,group_a,50802.32,0.061,70.0,1,5766.8,3.7,0
sim-005052,10,group_a,20155.99,0.4138,44.3,1,17335.27,5.9,0
sim-005053,10,group_a,68781.07,0.4262,65.1,0,13582.3,7.8,1
sim-005054,10,group_b,42514.2,0.3404,81.6,0,21552.86,3.2,0
sim-005055,10,group_a,32059.95,0.3627,48.4,1,6450.81,6.3,0
sim-005056,10,group_a,59033.76,0.1962,21.4,0,5072.52,3.0,1
sim-005057,10,group_a,45182.71,0.2605,59.9,2,11546.23,1.6,0
sim-005058,10,group_b,67946.07,0.0861,106.4,1,9352.81,6.2,0
sim-005059,10,group_a,40287.63,0.6367,51.8,3,5091.65,5.9,0
sim-005060,10,group_a,41287.05,0.2611,55.5,0,12223.27,4.7,0
sim-005061,10,group_a,34551.11,0.7969,46.4,2,19676.43,1.9,1
sim-005062,10,group_a,43496.95,0.3133,57.1,0,19962.69,1.3,0
sim-005063,10,group_a,79470.36,0.2532,33.2,1,7841.0,5.3,0
sim-005064,10,group_b,31534.55,0.2167,71.2,0,4355.52,4.9,0
sim-005065,10,group_a,51130.74,0.0757,56.8,0,5949.8,8.1,0
sim-005066,10,group_b,26908.94,0.0288,85.1,0,5121.02,1.8,1
sim-005067,10,group_a,16349.83,0.2898,70.3,1,5540.54,3.2,0
sim-005068,10,group_a,42494.62,0.3379,58.8,1,9154.72,0.8,0
sim-005069,10,group_a,45504.67,0.3916,108.5,0,5395.04,6.1,0
sim-005070,10,group_a,37189.38,0.3411,146.2,0,3520.86,4.0,1
sim-005071,10,group_a,20778.75,0.571,56.6,2,5050.53,4.8,1
sim-005072,10,group_a,44258.67,0.267,99.6,1,17027.76,8.2,0
sim-005073,10,group_a,43558.13,0.2683,62.7,0,11764.37,1.6,0
sim-005074,10,group_b,26814.88,0.3189,45.1,2,4813.29,3.6,0
sim-005075,10,group_a,22060.27,0.4387,84.8,1,10605.21,2.0,1
sim-005076,10,group_a,35031.29,0.6083,82.1,1,8172.76,9.5,1
sim-005077,10,group_a,51237.67,0.1017,91.5,1,7089.59,4.0,0
sim-005078,10,group_a,46397.23,0.1069,72.6,2,6984.62,10.7,0
sim-005079,10,group_b,26904.49,0.0839,66.5,1,16003.97,6.4,0
sim-005080,10,group_a,41254.21,0.4065,65.4,3,5202.84,9.0,0
sim-005081,10,group_b,56533.75,0.1727,104.1,0,8959.79,3.4,1
sim-005082,10,group_a,23800.94,0.3456,84.2,0,6444.7,11.6,1
sim-005083,10,group_a,39995.62,0.1518,79.8,1,4332.03,3.1,0
sim-005084,10,group_b,68367.25,0.5425,73.7,1,13608.04,1.1,0
sim-005085,10,group_a,22800.29,0.4417,52.0,2,15385.7,1.5,0
sim-005086,10,group_b,63279.77,0.3442,71.9,0,8492.58,3.5,0
sim-005087,10,group_a,76884.44,0.4155,107.8,2,12755.78,4.4,1
sim-005088,10,group_b,35478.2,0.218,52.5,0,6342.19,6.0,1
sim-005089,10,group_a,33723.03,0.526,47.4,2,11821.74,7.3,1
sim-005090,10,group_a,60108.09,0.3837,33.2,3,8000.79,5.0,1
sim-005091,10,group_b,36019.84,0.5572,99.5,0,5632.69,1.0,0
sim-005092,10,group_a,14496.85,0.0998,169.3,1,7625.21,4.9,0
sim-005093,10,group_a,37365.62,0.2173,159.9,0,8108.6,10.2,0
sim-005094,10,group_b,47456.54,0.1749,25.2,0,10320.97,7.5,1
sim-005095,10,group_a,53147.97,0.1797,49.5,1,2465.1,10.4,0
sim-005096,10,group_b,26906.84,0.0502,75.9,0,6593.57,13.2,0
sim-005097,10,group_b,34776.03,0.4542,113.6,1,14905.41,1.0,1
sim-005098,10,group_b,58706.23,0.1253,25.2,0,7698.09,2.2,0
sim-005099,10,group_b,37979.45,0.2437,36.3,1,4288.58,9.4,0
sim-005100,10,group_a,20494.87,0.4202,58.8,0,13462.88,6.3,1
sim-005101,10,group_a,65500.17,0.3616,46.3,2,10874.49,3.1,0
sim-005102,10,group_a,35599.02,0.3048,47.3,4,5481.1,9.2,0
sim-005103,10,group_b,61593.52,0.1653,65.9,2,4146.24,3.1,0
sim-005104,10,group_b,21674.86,0.2398,85.6,0,11573.25,3.2,0
sim-005105,10,group_a,37018.96,0.547,44.2,1,6745.09,13.4,0
sim-005106,10,group_a,48247.01,0.2056,73.0,1,1872.02,5.5,1
sim-005107,10,group_a,37548.89,0.221,73.3,2,4423.29,7.4,0
sim-005108,10,group_a,23697.8,0.3768,62.0,0,6722.56,5.2,0
sim-005109,10,group_b,14293.25,0.2131,35.8,0,19915.39,5.9,0
sim-005110,10,group_a,73848.53,0.2017,37.4,1,11610.92,2.4,1
sim-005111,10,group_b,43225.07,0.1713,54.7,1,3710.43,3.1,0
sim-005112,10,group_b,63580.14,0.1698,60.4,0,5654.33,16.1,0
sim-005113,10,group_b,57528.8,0.3604,111.8,1,16629.35,10.7,0
sim-005114,10,group_a,50044.89,0.5125,114.4,1,4550.07,14.1,0
sim-005115,10,group_b,34031.38,0.2952,84.4,2,11609.2,13.1,0
sim-005116,10,group_b,47844.05,0.3196,6.7,1,5265.39,2.1,0
sim-005117,10,group_b,71087.41,0.2389,29.8,0,6678.54,1.7,1
sim-005118,10,group_a,40330.55,0.3879,103.3,0,3289.02,1.5,0
sim-005119,10,group_a,86570.5,0.4843,41.1,2,7024.17,2.6,1
sim-005120,10,group_b,20748.78,0.3056,87.0,0,6966.13,6.3,0
sim-005121,10,group_a,19832.92,0.1993,39.2,1,6684.91,3.8,0
sim-005122,10,group_a,58982.24,0.3778,79.9,0,21889.07,16.4,0
sim-005123,10,group_a,27615.38,0.1856,87.7,0,12311.32,3.4,0
sim-005124,10,group_a,91876.59,0.241,60.6,1,5276.81,6.0,0
sim-005125,10,group_a,68301.25,0.0906,55.7,0,4982.52,3.5,0
sim-005126,10,group_a,75870.26,0.0802,58.3,3,12230.49,2.9,0
sim-005127,10,group_a,56469.91,0.2787,94.2,1,4661.69,2.6,1
sim-005128,10,group_b,26447.98,0.1476,69.0,2,6451.21,1.8,1
sim-005129,10,group_b,19400.93,0.1042,30.3,0,13545.41,14.4,0
sim-005130,10,group_a,72986.06,0.3486,59.5,2,6538.56,3.4,0
sim-005131,10,group_a,20747.51,0.1576,97.5,1,5727.26,8.5,0
sim-005132,10,group_a,75784.72,0.2436,114.2,0,5710.02,6.7,1
sim-005133,10,group_a,51598.0,0.1329,108.7,0,5216.73,13.4,0
sim-005134,10,group_b,37721.06,0.3444,64.1,1,13747.51,0.2,0
sim-005135,10,group_a,46894.7,0.3629,36.5,0,8868.38,9.5,0
sim-005136,10,group_a,47354.74,0.4184,64.2,2,7023.79,12.0,0
sim-005137,10,group_a,35774.39,0.0908,143.9,0,7438.77,2.2,0
sim-005138,10,group_a,70883.19,0.2697,37.2,0,11524.81,2.4,0
sim-005139,10,group_b,69869.77,0.5602,177.1,1,6279.21,8.3,0
sim-005140,10,group_b,41580.1,0.2311,25.7,0,8063.84,4.3,0
sim-005141,10,group_a,30272.72,0.3593,43.8,0,5063.97,2.0,0
sim-005142,10,group_a,67406.77,0.1872,95.3,0,17696.51,0.7,0
sim-005143,10,group_b,16655.98,0.2872,49.7,0,9979.44,8.5,1
sim-005144,10,group_a,46931.06,0.1022,95.6,0,4233.74,2.3,0
sim-005145,10,group_b,53136.62,0.3645,168.7,1,6050.39,2.0,0
sim-005146,10,group_b,27504.15,0.127,77.9,0,5848.4,1.8,0
sim-005147,10,group_a,58629.3,0.666,38.0,2,7315.89,9.5,0
sim-005148,10,group_b,38519.42,0.0894,100.5,0,20211.53,3.5,0
sim-005149,10,group_a,30970.98,0.3558,201.5,1,6406.32,1.8,0
sim-005150,10,group_b,58369.79,0.3946,43.3,1,7341.08,4.5,0
sim-005151,10,group_a,24686.52,0.0051,36.7,1,5577.87,10.1,0
sim-005152,10,group_a,56109.54,0.5965,92.4,1,8631.03,5.2,0
sim-005153,10,group_a,16939.69,0.3301,73.3,1,5695.37,5.1,1
sim-005154,10,group_a,43914.33,0.3775,103.8,1,5510.43,2.2,0
sim-005155,10,group_a,39672.54,0.2744,216.5,1,6275.61,6.6,0
sim-005156,10,group_a,31049.18,0.4206,30.1,2,8372.84,12.5,0
sim-005157,10,group_b,45873.48,0.283,69.7,1,7327.78,6.6,0
sim-005158,10,group_a,37668.54,0.164,25.1,1,7799.93,2.3,0
sim-005159,10,group_a,60655.9,0.3303,42.6,1,12222.21,3.1,0
sim-005160,10,group_b,49279.5,0.251,17.2,3,4284.97,0.8,0
sim-005161,10,group_b,47104.87,0.1115,82.0,1,8690.29,5.3,0
sim-005162,10,group_a,44028.03,0.0918,52.1,2,14359.53,4.6,0
sim-005163,10,group_a,31942.42,0.1703,69.2,0,13942.35,1.5,0
sim-005164,10,group_b,34311.73,0.1353,73.5,1,8699.45,8.0,0
sim-005165,10,group_b,43228.3,0.1215,61.8,1,11080.91,2.6,0
sim-005166,10,group_a,36213.56,0.2717,32.2,0,14857.0,3.1,1
sim-005167,10,group_b,62119.19,0.3282,38.8,1,5457.96,0.8,0
sim-005168,10,group_a,40507.77,0.4416,53.9,0,6653.39,2.4,1
sim-005169,10,group_a,45611.08,0.4328,47.9,1,5987.7,4.4,1
sim-005170,10,group_b,21609.16,0.2584,110.3,2,7173.54,1.1,0
sim-005171,10,group_b,57881.71,0.6692,39.1,3,5273.52,2.8,0
sim-005172,10,group_b,30512.97,0.1572,24.1,0,6442.37,8.6,0
sim-005173,10,group_a,25136.73,0.3488,82.5,2,10464.06,3.6,0
sim-005174,10,group_a,77761.22,0.1545,81.2,0,6609.01,11.6,0
sim-005175,10,group_a,52208.52,0.2308,51.8,1,8639.13,2.0,1
sim-005176,10,group_a,58710.87,0.4081,54.1,0,5493.48,2.1,1
sim-005177,10,group_a,47140.53,0.4626,90.5,2,11962.83,2.7,1
sim-005178,10,group_a,37454.29,0.3819,37.1,1,3725.9,4.4,0
sim-005179,10,group_a,34633.14,0.2188,72.8,2,7169.69,11.6,0
sim-005180,10,group_b,54026.3,0.1764,74.5,0,12972.87,3.2,0
sim-005181,10,group_a,62671.24,0.3239,82.1,1,6839.45,0.8,0
sim-005182,10,group_a,37849.11,0.4155,99.9,0,5266.34,4.9,1
sim-005183,10,group_b,93010.53,0.2329,49.1,0,14083.03,6.5,0
sim-005184,10,group_a,35850.98,0.3366,84.0,1,5577.78,14.4,0
sim-005185,10,group_b,21688.04,0.1661,70.2,1,6971.47,6.3,1
sim-005186,10,group_a,18900.82,0.46,36.7,2,6806.02,7.1,0
sim-005187,10,group_a,19170.62,0.2247,117.4,1,6344.78,2.5,0
sim-005188,10,group_b,32734.96,0.3549,61.8,2,14157.1,5.6,0
sim-005189,10,group_a,35332.29,0.4827,60.5,0,3803.96,7.4,0
sim-005190,10,group_b,51880.17,0.334,68.2,1,5749.19,1.5,0
sim-005191,10,group_b,38483.49,0.3926,73.3,3,7620.22,5.8,0
sim-005192,10,group_a,55504.3,0.427,108.7,1,10447.19,4.2,1
sim-005193,10,group_b,39690.02,0.4618,77.4,1,4565.13,6.7,0
sim-005194,10,group_b,39170.49,0.4025,98.8,3,11042.52,7.7,0
sim-005195,10,group_b,30559.89,0.2676,50.2,2,9943.45,8.9,0
sim-005196,10,group_a,70791.0,0.4915,34.4,1,4127.38,6.6,0
sim-005197,10,group_a,20471.25,0.307,45.5,1,6005.13,6.4,0
sim-005198,10,group_b,44203.11,0.2337,57.9,2,7110.83,8.7,1
sim-005199,10,group_a,36087.68,0.2966,41.7,3,14188.19,8.6,1
sim-005200,10,group_a,54086.34,0.502,72.5,2,15284.88,8.1,0
sim-005201,10,group_a,38609.42,0.4201,95.8,3,11882.83,3.2,0
sim-005202,10,group_a,39090.33,0.4457,81.4,2,6150.16,1.7,0
sim-005203,10,group_a,34822.23,0.3919,111.9,0,9154.63,7.5,0
sim-005204,10,group_a,69924.24,0.4082,52.8,2,9324.12,6.7,1
sim-005205,10,group_a,38988.05,0.3375,109.0,2,4500.23,5.1,0
sim-005206,10,group_a,89076.74,0.3451,89.8,0,7414.73,4.5,0
sim-005207,10,group_b,43666.82,0.2107,69.1,1,17257.14,5.5,0
sim-005208,10,group_a,39306.26,0.6312,34.8,2,4628.16,4.3,1
sim-005209,10,group_a,36642.45,0.1889,67.4,0,9506.49,5.4,1
sim-005210,10,group_a,49364.35,0.2274,16.9,3,8204.34,4.5,0
sim-005211,10,group_a,30420.58,0.4658,66.3,2,5162.07,3.1,0
sim-005212,10,group_b,41407.27,0.3812,157.6,4,11625.44,3.1,1
sim-005213,10,group_b,39082.01,0.22,78.5,3,6166.77,5.0,0
sim-005214,10,group_a,44649.75,0.2804,30.2,0,14827.2,7.5,0
sim-005215,10,group_a,45116.93,0.3709,105.5,2,25684.57,10.0,0
sim-005216,10,group_a,46112.43,0.5524,76.0,0,8345.01,2.2,0
sim-005217,10,group_a,40532.52,0.3972,94.9,0,20109.18,2.2,0
sim-005218,10,group_a,75278.98,0.5108,86.6,0,8619.5,2.9,0
sim-005219,10,group_a,46512.62,0.3211,106.0,3,2750.74,3.3,0
sim-005220,10,group_a,116368.16,0.1449,112.1,1,6976.07,8.4,0
sim-005221,10,group_a,39772.76,0.2052,154.8,1,7870.78,1.9,0
sim-005222,10,group_a,58264.23,0.2161,106.5,1,19529.09,3.3,1
sim-005223,10,group_a,28711.68,0.2801,54.2,2,8564.8,0.8,1
sim-005224,10,group_a,70145.82,0.1844,34.2,0,2720.19,6.6,0
sim-005225,10,group_a,28975.35,0.137,37.6,0,10059.03,2.0,0
sim-005226,10,group_a,47167.9,0.276,44.3,0,8528.0,3.4,0
sim-005227,10,group_a,34854.61,0.4412,56.0,2,7401.48,3.7,0
sim-005228,10,group_a,47091.29,0.0244,40.9,0,8082.27,6.3,0
sim-005229,10,group_a,35291.08,0.778,65.3,0,14416.26,3.5,1
sim-005230,10,group_b,27959.54,0.2771,44.2,0,8775.42,4.5,1
sim-005231,10,group_b,34749.87,0.1941,74.8,1,8922.11,6.6,0
sim-005232,10,group_a,74418.78,0.0041,75.3,2,6307.89,2.7,0
sim-005233,10,group_a,47394.24,0.4262,56.0,1,4307.4,6.4,0
sim-005234,10,group_b,22667.4,0.2082,159.8,1,8907.42,4.7,0
sim-005235,10,group_b,61701.33,0.2086,97.3,0,6120.77,18.7,0
sim-005236,10,group_a,26784.11,0.2676,80.4,2,8730.47,4.4,1
sim-005237,10,group_a,53221.14,0.2713,127.0,1,2954.19,8.3,0
sim-005238,10,group_a,49135.12,0.3164,64.4,2,8547.91,5.1,0
sim-005239,10,group_a,50455.67,0.131,84.0,1,7876.61,6.5,0
sim-005240,10,group_a,84824.48,0.635,119.1,3,8362.12,3.8,0
sim-005241,10,group_a,27500.81,0.139,191.2,0,9106.0,8.5,0
sim-005242,10,group_a,50338.92,0.246,42.3,1,10300.56,7.3,0
sim-005243,10,group_a,66106.82,0.2814,44.2,2,10715.17,7.1,0
sim-005244,10,group_a,29726.57,0.1844,133.5,0,7373.89,3.2,0
sim-005245,10,group_b,28475.05,0.118,77.0,1,12966.03,6.3,1
sim-005246,10,group_a,34523.01,0.1835,66.2,0,7786.0,2.2,0
sim-005247,10,group_a,44640.1,0.2997,79.2,3,4123.01,6.0,0
sim-005248,10,group_a,21538.56,0.0985,138.4,0,11518.76,7.4,0
sim-005249,10,group_b,49098.75,0.088,98.1,1,7344.02,5.9,0
sim-005250,10,group_a,21557.47,0.3342,79.6,0,6732.73,4.1,0
sim-005251,10,group_a,67050.34,0.5262,43.3,0,16955.58,5.3,0
sim-005252,10,group_a,48328.76,0.0862,68.1,2,7260.73,7.2,0
sim-005253,10,group_b,86987.42,0.4141,92.5,3,9373.55,1.5,0
sim-005254,10,group_b,51579.99,0.3558,74.7,0,13648.31,13.4,0
sim-005255,10,group_b,34269.14,0.2478,161.7,1,6225.5,1.4,0
sim-005256,10,group_b,27849.09,0.4208,84.4,4,11728.97,3.4,1
sim-005257,10,group_a,43059.33,0.394,65.6,0,8832.11,7.4,0
sim-005258,10,group_a,38456.95,0.1713,103.7,1,15580.13,5.9,1
sim-005259,10,group_a,64098.64,0.1991,168.8,0,6116.59,1.2,0
sim-005260,10,group_b,26369.94,0.358,130.1,0,5893.61,2.1,1
sim-005261,10,group_b,91014.93,0.2578,30.6,1,9364.76,5.5,0
sim-005262,10,group_a,66529.87,0.2836,87.5,1,4982.58,4.1,0
sim-005263,10,group_b,35757.67,0.5446,96.2,4,15144.78,1.9,0
sim-005264,10,group_a,82874.67,0.4244,138.8,0,7038.15,13.2,0
sim-005265,10,group_a,28031.56,0.0608,40.1,2,19194.32,11.8,0
sim-005266,10,group_a,42461.27,0.0728,93.3,0,4926.52,6.6,0
sim-005267,10,group_b,22785.56,0.3733,41.5,2,13661.68,11.3,1
sim-005268,10,group_b,84588.96,0.3252,23.0,2,7155.73,6.9,0
sim-005269,10,group_a,19498.59,0.7886,52.0,2,6002.13,0.8,0
sim-005270,10,group_b,21269.18,0.191,89.7,0,10119.35,3.8,0
sim-005271,10,group_b,29834.49,0.179,133.7,2,8692.7,4.3,0
sim-005272,10,group_b,67871.8,0.4594,50.4,0,10729.81,2.3,0
sim-005273,10,group_b,58164.75,0.5074,50.5,4,5701.71,6.0,0
sim-005274,10,group_a,40997.29,0.2164,81.3,2,3734.7,11.8,0
sim-005275,10,group_b,59751.47,0.2451,81.9,0,11215.23,4.6,0
sim-005276,10,group_a,37105.71,0.2746,74.0,0,5795.6,4.5,1
sim-005277,10,group_b,46509.88,0.2707,37.2,0,8316.15,6.2,0
sim-005278,10,group_a,77942.37,0.1652,46.2,1,11019.6,3.3,0
sim-005279,10,group_b,35116.28,0.1135,146.9,1,8762.02,3.2,0
sim-005280,10,group_b,28229.52,0.49,119.6,4,7336.29,5.5,0
sim-005281,10,group_a,47455.9,0.2009,62.1,2,6134.26,6.1,0
sim-005282,10,group_b,53152.22,0.4622,89.8,3,13999.31,10.2,1
sim-005283,10,group_a,40797.99,0.1304,96.2,1,11898.67,5.8,0
sim-005284,10,group_a,59362.63,0.1942,72.8,2,14415.14,3.2,1
sim-005285,10,group_a,35791.7,0.3531,24.2,0,4648.05,7.1,1
sim-005286,10,group_b,41092.02,0.2664,96.4,0,5855.94,5.0,0
sim-005287,10,group_a,45584.43,0.2096,25.6,2,6683.21,8.7,0
sim-005288,10,group_a,43944.89,0.5086,41.4,1,9623.94,11.1,0
sim-005289,10,group_b,76693.64,0.1213,118.2,1,18761.44,9.5,0
sim-005290,10,group_a,45488.45,0.2631,53.4,0,8337.09,7.4,0
sim-005291,10,group_a,34281.5,0.3292,64.1,1,6537.53,4.0,0
sim-005292,10,group_b,48618.16,0.3707,38.2,3,9179.21,7.7,0
sim-005293,10,group_b,59499.15,0.4553,38.4,1,4096.27,3.8,0
sim-005294,10,group_b,53915.8,0.2205,99.1,3,2818.23,16.3,0
sim-005295,10,group_b,52675.15,0.2661,79.8,1,4480.21,4.8,0
sim-005296,10,group_b,20760.74,0.2466,79.1,1,6579.5,3.2,0
sim-005297,10,group_a,13672.54,0.4739,99.5,2,10038.39,15.5,0
sim-005298,10,group_a,66543.5,0.1821,44.9,1,14157.14,5.2,0
sim-005299,10,group_a,46831.91,0.4548,61.5,0,15723.04,2.1,1
sim-005300,10,group_a,38597.3,0.1364,44.4,0,12714.87,6.6,0
sim-005301,10,group_b,52136.03,0.1259,53.0,0,4213.69,7.3,0
sim-005302,10,group_b,87506.66,0.1678,47.7,0,7268.73,8.0,0
sim-005303,10,group_a,70522.22,0.3931,91.1,3,16456.13,3.6,1
sim-005304,10,group_a,58345.22,0.216,134.3,0,4016.91,6.2,0
sim-005305,10,group_b,26838.03,0.1349,43.4,1,8139.47,1.9,0
sim-005306,10,group_b,28343.35,0.1939,98.3,1,8196.91,8.8,0
sim-005307,10,group_a,14295.64,0.2043,128.0,5,12071.28,2.6,0
sim-005308,10,group_a,50821.55,0.3331,48.6,1,1983.69,6.7,0
sim-005309,10,group_a,62045.51,0.3027,58.8,1,10965.28,4.7,0
sim-005310,10,group_a,64207.47,0.4224,69.0,3,4408.74,1.2,1
sim-005311,10,group_a,51724.19,0.4102,126.4,2,12504.34,2.3,0
sim-005312,10,group_a,36508.19,0.2041,116.7,1,4315.08,3.3,0
sim-005313,10,group_b,30730.27,0.0276,8.0,1,8563.03,1.7,0
sim-005314,10,group_a,27538.68,0.2349,63.8,1,3036.38,2.0,1
sim-005315,10,group_a,36364.98,0.3691,81.1,2,4832.02,9.3,0
sim-005316,10,group_a,25830.54,0.2554,88.0,0,10269.52,2.4,0
sim-005317,10,group_b,81430.14,0.1731,91.1,0,5768.06,3.7,0
sim-005318,10,group_a,22539.03,0.2908,85.1,2,10923.44,7.2,0
sim-005319,10,group_a,35854.98,0.4125,128.2,1,9424.07,3.7,1
sim-005320,10,group_a,17271.07,0.4275,44.0,3,7477.19,12.5,1
sim-005321,10,group_b,44114.91,0.4224,80.2,0,2741.5,10.5,0
sim-005322,10,group_b,38909.7,0.2931,91.7,2,8760.56,9.5,0
sim-005323,10,group_a,33528.4,0.2066,54.1,0,11496.11,6.4,0
sim-005324,10,group_a,26323.86,0.4022,66.2,0,10418.89,12.6,0
sim-005325,10,group_a,38988.97,0.3158,19.6,0,5284.32,6.4,0
sim-005326,10,group_b,30987.1,0.509,47.8,2,9075.89,12.0,0
sim-005327,10,group_b,36772.86,0.4931,31.0,1,7312.35,8.0,1
sim-005328,10,group_a,88620.69,0.2535,72.1,0,8663.33,3.7,0
sim-005329,10,group_a,41869.56,0.4102,58.8,0,14795.09,2.6,1
sim-005330,10,group_b,48718.02,0.0931,64.5,0,9272.35,2.4,0
sim-005331,10,group_b,32045.91,0.1372,98.3,0,6206.46,17.1,0
sim-005332,10,group_a,28016.17,0.4152,49.0,0,10521.96,1.6,0
sim-005333,10,group_a,38574.93,0.4608,108.5,2,8448.89,3.7,0
sim-005334,10,group_a,111485.4,0.1465,95.9,2,13277.03,1.7,0
sim-005335,10,group_b,34519.52,0.0122,58.7,0,4628.34,10.7,0
sim-005336,10,group_b,45333.61,0.7485,62.8,1,4483.01,12.3,0
sim-005337,10,group_b,27503.61,0.1711,114.2,1,7144.57,2.5,0
sim-005338,10,group_b,12243.93,0.2411,57.0,1,3388.39,5.1,0
sim-005339,10,group_a,27952.75,0.303,71.0,1,6524.42,4.9,0
sim-005340,10,group_a,105862.67,0.3209,21.7,2,8864.73,6.4,0
sim-005341,10,group_a,50014.28,0.4126,61.7,1,13932.78,8.9,0
sim-005342,10,group_b,77589.56,0.5351,124.3,2,6697.76,9.6,1
sim-005343,10,group_b,33656.34,0.4648,81.8,1,12403.2,2.7,0
sim-005344,10,group_a,14474.31,0.0973,78.6,1,8967.81,11.9,0
sim-005345,10,group_a,24448.94,0.0345,102.3,2,7526.36,2.3,0
sim-005346,10,group_b,46016.27,0.1057,38.7,1,4923.93,3.9,0
sim-005347,10,group_b,43036.24,0.3094,70.2,1,5998.79,1.2,0
sim-005348,10,group_b,38778.53,0.3275,83.3,1,6134.01,3.0,0
sim-005349,10,group_a,31172.62,0.1314,42.3,0,6873.41,1.8,1
sim-005350,10,group_b,57796.33,0.2672,117.8,2,6152.43,7.5,0
sim-005351,10,group_b,31553.33,0.338,83.5,0,12273.85,1.9,0
sim-005352,10,group_b,44324.07,0.1489,68.4,2,7486.37,4.2,0
sim-005353,10,group_b,42278.66,0.5298,41.7,1,18177.4,2.2,0
sim-005354,10,group_b,33363.87,0.4129,52.9,1,5112.74,7.2,0
sim-005355,10,group_b,26899.3,0.1103,45.3,1,11965.47,8.3,0
sim-005356,10,group_b,32549.63,0.1823,22.9,2,4545.06,6.2,0
sim-005357,10,group_a,85555.55,0.5181,81.8,2,7085.24,2.6,0
sim-005358,10,group_a,62145.15,0.247,138.3,0,7117.65,4.7,0
sim-005359,10,group_b,59788.18,0.5268,66.1,4,7222.72,2.4,1
sim-005360,10,group_b,27992.31,0.5711,127.0,2,13705.38,7.2,0
sim-005361,10,group_a,21293.78,0.2997,119.9,0,8418.52,4.6,0
sim-005362,10,group_a,61730.14,0.2754,72.9,3,18493.59,4.1,0
sim-005363,10,group_b,56954.17,0.0616,55.1,1,15025.51,9.8,0
sim-005364,10,group_b,41259.83,0.2149,47.1,1,7703.1,4.1,0
sim-005365,10,group_b,33335.34,0.1398,22.0,1,13136.14,0.6,0
sim-005366,10,group_a,21060.26,0.2455,87.6,0,4409.86,6.1,1
sim-005367,10,group_b,56067.31,0.3875,100.0,1,7727.14,5.6,0
sim-005368,10,group_b,64098.53,0.1862,76.9,1,7393.35,2.3,0
sim-005369,10,group_a,29283.55,0.116,64.2,1,9911.11,1.3,0
sim-005370,10,group_a,28274.29,0.3091,146.7,2,10807.92,7.6,1
sim-005371,10,group_b,65594.43,0.2742,94.2,0,5261.68,4.7,0
sim-005372,10,group_a,29745.02,0.2397,82.6,1,9747.97,11.6,1
sim-005373,10,group_b,82224.23,0.5126,31.8,2,14849.31,2.3,0
sim-005374,10,group_b,37204.99,0.1851,71.1,0,11307.14,7.1,0
sim-005375,10,group_b,33111.77,0.3657,66.0,1,9638.9,8.8,0
sim-005376,10,group_a,39693.6,0.3077,62.6,2,12269.74,4.9,0
sim-005377,10,group_b,33110.8,0.3396,90.5,2,2631.4,6.3,0
sim-005378,10,group_a,62505.46,0.5979,19.2,1,3289.6,10.1,1
sim-005379,10,group_b,56502.51,0.3795,70.5,0,17578.93,6.9,1
sim-005380,10,group_a,61513.05,0.2318,152.0,0,10770.81,2.5,1
sim-005381,10,group_b,42087.17,0.262,64.8,0,9203.41,6.7,0
sim-005382,10,group_b,32155.25,0.2826,71.5,1,8507.62,1.9,0
sim-005383,10,group_a,38800.68,0.1507,129.2,0,7859.32,6.3,0
sim-005384,10,group_a,32571.97,0.422,32.7,3,9820.89,12.4,0
sim-005385,10,group_b,72111.62,0.3855,38.0,0,9151.71,5.7,0
sim-005386,10,group_a,59335.02,0.2306,37.8,4,6642.48,8.4,0
sim-005387,10,group_a,37479.91,0.1863,116.4,0,8969.72,8.7,0
sim-005388,10,group_a,26393.7,0.3088,74.7,3,8881.88,9.9,0
sim-005389,10,group_b,74395.64,0.1993,168.1,1,6028.78,1.0,0
sim-005390,10,group_a,41250.04,0.3684,87.3,1,13527.19,5.5,1
sim-005391,10,group_a,36876.5,0.1392,70.8,0,6017.19,8.4,0
sim-005392,10,group_b,74671.53,0.4234,29.2,3,5698.3,0.5,1
sim-005393,10,group_a,31439.54,0.2099,38.5,0,6498.51,4.3,0
sim-005394,10,group_a,34065.85,0.5335,54.8,0,4066.81,6.3,1
sim-005395,10,group_a,35350.97,0.2189,179.5,0,7535.82,2.8,0
sim-005396,10,group_a,22405.03,0.3036,70.9,0,6599.22,1.4,0
sim-005397,10,group_a,44471.72,0.1188,123.3,0,10738.27,9.0,0
sim-005398,10,group_b,28277.32,0.2385,62.0,2,7665.16,8.8,0
sim-005399,10,group_a,30647.21,0.3018,20.6,0,3704.44,5.0,0
sim-005400,10,group_b,28973.51,0.3464,42.1,1,6513.28,4.4,0
sim-005401,10,group_a,30437.49,0.5215,68.2,2,4140.18,15.2,0
sim-005402,10,group_a,27382.4,0.0924,77.3,2,12881.05,14.5,0
sim-005403,10,group_a,43210.12,0.4971,107.4,3,13193.24,1.8,0
sim-005404,10,group_a,36484.8,0.3477,36.1,3,9639.21,2.4,1
sim-005405,10,group_b,39741.98,0.0945,63.5,0,11245.3,6.5,0
sim-005406,10,group_a,104672.43,0.5709,65.1,0,8421.77,2.2,1
sim-005407,10,group_a,36485.28,0.3228,32.5,0,9166.33,3.2,0
sim-005408,10,group_a,50215.45,0.254,33.9,0,6018.16,7.9,0
sim-005409,10,group_b,52673.87,0.5283,39.2,3,6805.21,3.9,1
sim-005410,10,group_a,37933.89,0.0565,62.3,0,11471.26,3.7,0
sim-005411,10,group_b,43695.29,0.4415,37.1,0,5284.62,5.2,0
sim-005412,10,group_a,39288.74,0.0938,70.4,2,8641.96,1.6,0
sim-005413,10,group_a,42407.25,0.3035,110.5,0,6041.92,12.3,0
sim-005414,10,group_b,30444.57,0.3292,35.9,0,5920.24,5.2,1
sim-005415,10,group_a,31648.03,0.2061,148.2,0,13503.98,4.6,0
sim-005416,10,group_a,39226.48,0.1214,63.2,0,10323.72,3.3,0
sim-005417,10,group_b,17014.15,0.1966,103.4,2,9153.63,4.2,0
sim-005418,10,group_a,73009.92,0.3593,69.9,2,5108.96,12.5,1
sim-005419,10,group_a,96525.29,0.4551,50.8,0,8109.0,5.0,1
sim-005420,10,group_a,41837.45,0.1311,44.1,1,6994.99,9.2,0
sim-005421,10,group_a,51508.24,0.1328,58.2,0,4569.84,12.5,0
sim-005422,10,group_b,61331.22,0.2831,53.5,1,10376.71,12.6,0
sim-005423,10,group_a,22328.94,0.1502,69.1,0,10018.99,3.6,0
sim-005424,10,group_b,57519.35,0.1341,32.9,0,3176.39,4.9,1
sim-005425,10,group_b,32561.81,0.0815,24.4,1,7399.23,11.7,0
sim-005426,10,group_b,101936.38,0.4107,41.9,2,17623.38,7.3,0
sim-005427,10,group_b,35987.65,0.522,67.9,1,9001.21,4.0,1
sim-005428,10,group_b,57035.92,0.2275,33.9,0,17589.73,1.3,0
sim-005429,10,group_b,36136.78,0.4983,124.1,1,9525.52,2.9,1
sim-005430,10,group_a,97989.04,0.2008,56.5,2,10420.82,8.8,0
sim-005431,10,group_a,31407.84,0.4056,100.3,2,7369.95,7.7,1
sim-005432,10,group_b,63534.43,0.3067,44.2,0,5419.05,5.5,0
sim-005433,10,group_a,50675.85,0.2308,29.5,2,5258.51,3.5,0
sim-005434,10,group_b,46157.29,0.1561,7.2,0,13319.41,3.9,1
sim-005435,10,group_a,42880.96,0.2467,52.4,2,7286.4,0.6,0
sim-005436,10,group_b,29432.5,0.1166,43.1,1,6403.33,3.2,0
sim-005437,10,group_a,13145.78,0.085,43.4,0,18856.81,5.2,1
sim-005438,10,group_b,61159.76,0.2381,26.8,4,21177.24,4.7,1
sim-005439,10,group_a,31719.52,0.3748,63.7,1,8901.3,21.1,0
sim-005440,10,group_a,63654.93,0.3161,64.8,1,3733.96,5.6,0
sim-005441,10,group_b,45148.53,0.222,85.6,0,7712.03,7.7,0
sim-005442,10,group_b,64479.84,0.3831,61.6,0,5082.69,6.6,0
sim-005443,10,group_b,54545.74,0.5227,90.8,1,4672.19,5.6,0
sim-005444,10,group_b,13833.22,0.315,179.9,2,15134.16,6.1,0
sim-005445,10,group_a,50425.7,0.2165,85.5,0,4589.46,17.1,0
sim-005446,10,group_b,33713.59,0.3673,73.2,0,5916.15,0.8,1
sim-005447,10,group_a,63532.36,0.1465,74.0,0,7409.87,3.2,0
sim-005448,10,group_a,49926.5,0.5452,49.6,1,4789.38,3.2,1
sim-005449,10,group_a,50173.74,0.1399,42.7,1,6173.66,3.9,0
sim-005450,10,group_a,34740.38,0.125,56.1,1,4878.62,1.4,0
sim-005451,10,group_a,26547.89,0.2768,43.1,0,4521.19,5.3,0
sim-005452,10,group_b,32473.75,0.278,48.9,0,7645.28,1.4,0
sim-005453,10,group_a,18288.82,0.2824,41.4,2,7932.03,10.7,0
sim-005454,10,group_b,30395.68,0.3123,57.4,0,4291.26,7.6,1
sim-005455,10,group_a,21058.37,0.385,55.5,0,4423.86,5.9,0
sim-005456,10,group_a,21293.32,0.1974,60.9,0,4456.47,5.2,0
sim-005457,10,group_b,40901.46,0.2142,74.2,2,4429.98,1.1,0
sim-005458,10,group_a,48742.2,0.1566,39.6,0,7582.37,1.6,0
sim-005459,10,group_a,38432.04,0.1462,47.8,1,9134.29,2.9,0
sim-005460,10,group_b,31587.22,0.3333,31.0,0,6463.8,2.5,0
sim-005461,10,group_a,26162.66,0.4935,88.3,2,14598.38,8.6,1
sim-005462,10,group_a,34090.67,0.5522,161.2,3,15151.97,4.0,0
sim-005463,10,group_b,27575.04,0.516,73.3,1,3450.77,8.0,1
sim-005464,10,group_a,37934.3,0.1051,88.1,0,8466.35,3.1,1
sim-005465,10,group_b,20557.0,0.2536,38.4,0,3471.65,2.0,1
sim-005466,10,group_b,52289.63,0.1551,134.0,0,8466.73,5.0,0
sim-005467,10,group_a,30694.75,0.1407,99.8,1,12989.9,8.6,0
sim-005468,10,group_a,45616.64,0.2303,22.1,1,9496.21,1.5,1
sim-005469,10,group_a,56536.02,0.1673,60.7,0,5401.18,6.0,0
sim-005470,10,group_b,44698.97,0.4062,67.7,4,13826.7,2.0,1
sim-005471,10,group_a,54482.41,0.2644,68.2,1,5574.55,1.7,0
sim-005472,10,group_b,16350.46,0.2553,36.5,0,8935.35,4.3,0
sim-005473,10,group_a,31666.04,0.7554,40.9,0,5137.38,5.8,0
sim-005474,10,group_b,61901.04,0.3364,39.9,1,9338.96,4.0,1
sim-005475,10,group_a,48236.75,0.4625,84.4,0,7005.67,7.8,0
sim-005476,10,group_a,84656.28,0.3281,66.2,2,3447.61,9.5,0
sim-005477,10,group_a,79685.25,0.2977,69.8,0,6649.9,1.9,0
sim-005478,10,group_a,44171.22,0.3493,45.4,1,11297.02,3.7,1
sim-005479,10,group_b,35037.32,0.1373,39.7,2,14550.74,9.5,0
sim-005480,10,group_a,26041.74,0.2071,21.0,0,6669.3,18.4,0
sim-005481,10,group_a,31893.59,0.466,30.8,2,13491.54,3.3,1
sim-005482,10,group_a,32811.56,0.646,29.3,4,6218.75,1.6,1
sim-005483,10,group_a,30358.61,0.0603,172.8,1,22632.91,14.6,0
sim-005484,10,group_b,26484.06,0.2887,20.9,1,5681.25,6.0,0
sim-005485,10,group_b,46104.33,0.2128,74.5,0,8335.48,4.1,0
sim-005486,10,group_b,79426.6,0.0759,89.5,0,4436.44,7.9,0
sim-005487,10,group_a,57639.76,0.1964,22.8,0,7268.75,8.6,0
sim-005488,10,group_a,34015.91,0.0415,87.5,1,10902.76,11.6,0
sim-005489,10,group_b,59628.69,0.4932,62.1,2,33088.03,3.3,0
sim-005490,10,group_a,45052.93,0.1526,48.3,2,5786.86,1.2,0
sim-005491,10,group_b,38288.47,0.1374,152.9,0,2737.68,3.3,0
sim-005492,10,group_a,37297.76,0.281,21.4,0,14505.37,6.2,0
sim-005493,10,group_a,35811.53,0.1514,72.7,0,8302.09,4.1,0
sim-005494,10,group_b,51197.59,0.2258,104.8,0,15819.03,3.4,1
sim-005495,10,group_a,41301.8,0.2685,61.6,4,4618.92,6.6,1
sim-005496,10,group_b,28683.07,0.0873,139.1,0,22139.82,2.8,0
sim-005497,10,group_a,28105.54,0.3496,44.2,0,6016.76,2.8,1
sim-005498,10,group_a,44288.47,0.1622,59.9,0,7348.38,1.0,0
sim-005499,10,group_a,46631.59,0.3547,136.9,1,8533.78,7.3,0
sim-005500,11,group_a,34561.11,0.2035,239.3,1,4604.13,4.7,1
sim-005501,11,group_a,24503.17,0.0848,118.8,0,6806.52,7.1,0
sim-005502,11,group_a,66663.0,0.0596,77.0,2,3454.08,7.0,1
sim-005503,11,group_b,60974.68,0.2951,21.4,1,11049.82,2.9,1
sim-005504,11,group_b,17108.01,0.5627,47.0,1,6455.43,16.3,0
sim-005505,11,group_a,69190.91,0.1498,167.4,1,2142.3,2.2,0
sim-005506,11,group_a,36106.57,0.1127,40.9,0,6692.38,1.8,0
sim-005507,11,group_a,42693.18,0.4077,19.6,0,9356.48,1.7,0
sim-005508,11,group_b,63579.97,0.5242,121.4,0,9487.67,4.1,0
sim-005509,11,group_b,78910.24,0.3201,83.5,0,19099.25,4.6,0
sim-005510,11,group_a,60066.25,0.1257,58.7,1,8878.18,8.9,0
sim-005511,11,group_a,43618.33,0.1078,78.1,2,7153.14,3.0,0
sim-005512,11,group_a,22119.86,0.5845,66.4,4,7572.06,4.5,0
sim-005513,11,group_a,16831.08,0.5658,70.5,0,18335.65,6.1,1
sim-005514,11,group_a,57001.15,0.3995,102.5,3,5078.96,17.1,0
sim-005515,11,group_b,69262.07,0.0296,31.6,0,6522.82,11.1,0
sim-005516,11,group_a,27996.9,0.4561,63.4,1,11694.88,3.1,1
sim-005517,11,group_a,35196.17,0.4112,24.6,1,8980.01,6.0,0
sim-005518,11,group_a,31192.98,0.1235,71.7,3,4696.81,11.4,1
sim-005519,11,group_a,30845.99,0.2392,107.4,1,9145.41,3.4,0
sim-005520,11,group_a,61912.89,0.3746,78.0,2,19681.86,2.5,0
sim-005521,11,group_a,43205.22,0.366,48.3,1,7765.42,4.7,0
sim-005522,11,group_a,35801.5,0.2948,63.4,1,6532.06,4.8,1
sim-005523,11,group_b,120349.88,0.4359,31.7,0,8083.85,3.4,1
sim-005524,11,group_a,21580.45,0.0467,78.3,0,7346.2,8.5,0
sim-005525,11,group_b,49618.68,0.6652,28.8,4,24281.75,3.3,1
sim-005526,11,group_a,25372.7,0.3194,60.0,2,12569.06,3.7,0
sim-005527,11,group_a,36896.67,0.185,51.3,1,2841.79,15.2,0
sim-005528,11,group_b,41958.16,0.3461,78.0,1,15701.21,1.7,0
sim-005529,11,group_b,56203.27,0.5031,63.2,0,6397.72,7.2,0
sim-005530,11,group_a,35323.5,0.25,61.7,1,9130.08,9.9,0
sim-005531,11,group_b,33788.7,0.3204,18.1,2,13119.97,12.4,0
sim-005532,11,group_a,35058.88,0.1118,67.3,1,16849.36,11.1,0
sim-005533,11,group_a,25044.76,0.4907,63.4,0,9972.56,12.7,0
sim-005534,11,group_b,51409.08,0.448,56.3,2,8268.61,8.5,0
sim-005535,11,group_b,44362.97,0.5377,69.3,1,6717.59,5.0,0
sim-005536,11,group_a,47323.91,0.4907,35.7,1,8152.72,4.2,1
sim-005537,11,group_b,38284.18,0.2404,69.5,1,20365.39,5.5,1
sim-005538,11,group_a,36351.52,0.5499,69.5,0,3915.79,8.4,1
sim-005539,11,group_a,64585.95,0.3918,32.2,2,7434.58,12.8,0
sim-005540,11,group_b,60545.49,0.6526,72.7,2,11753.98,6.4,1
sim-005541,11,group_a,71411.65,0.3184,104.0,0,23949.99,12.0,1
sim-005542,11,group_b,46096.38,0.2506,67.6,1,21065.42,13.7,0
sim-005543,11,group_b,69572.1,0.5271,31.6,1,9616.86,14.9,1
sim-005544,11,group_a,33098.57,0.4564,87.0,1,12112.59,3.7,1
sim-005545,11,group_a,36229.98,0.0838,31.1,1,13429.55,11.7,0
sim-005546,11,group_b,65117.09,0.406,39.9,1,7107.37,8.0,0
sim-005547,11,group_b,56175.56,0.2586,32.4,2,12678.65,5.0,0
sim-005548,11,group_b,34891.93,0.3923,59.2,1,6460.29,4.9,1
sim-005549,11,group_a,25401.7,0.4213,138.2,0,4342.59,2.2,0
sim-005550,11,group_a,36182.65,0.1251,50.8,0,11587.79,8.1,0
sim-005551,11,group_a,29565.26,0.5899,44.7,3,8280.37,4.2,1
sim-005552,11,group_a,81331.73,0.3329,181.9,1,13240.77,5.6,0
sim-005553,11,group_a,54242.34,0.3256,55.4,1,9866.56,0.8,0
sim-005554,11,group_b,28575.72,0.1552,40.6,0,5638.12,3.6,0
sim-005555,11,group_b,25415.23,0.2745,32.1,2,16402.98,9.9,1
sim-005556,11,group_a,28427.39,0.5569,59.8,4,11871.3,2.9,1
sim-005557,11,group_a,31172.56,0.2906,55.8,2,12431.94,9.0,0
sim-005558,11,group_b,36753.39,0.6431,119.8,3,4825.07,4.8,1
sim-005559,11,group_a,62950.85,0.2663,57.2,2,5991.49,14.8,0
sim-005560,11,group_b,26266.85,0.1048,11.7,0,6541.51,3.1,0
sim-005561,11,group_a,103115.57,0.3675,15.4,1,8351.42,5.4,0
sim-005562,11,group_a,26524.23,0.325,44.2,0,23933.59,7.7,1
sim-005563,11,group_a,21811.66,0.125,31.4,1,4286.82,10.0,0
sim-005564,11,group_b,80104.56,0.0741,48.1,1,8675.1,1.9,0
sim-005565,11,group_a,68660.36,0.1038,53.3,2,5147.96,11.3,0
sim-005566,11,group_b,36512.63,0.2975,42.7,0,5360.01,8.1,0
sim-005567,11,group_a,46265.86,0.2672,41.2,1,7079.62,9.7,0
sim-005568,11,group_a,46758.86,0.3306,39.1,3,10527.82,2.3,0
sim-005569,11,group_b,41748.52,0.1156,64.4,0,2438.79,3.3,0
sim-005570,11,group_a,22867.65,0.3656,57.2,2,3937.83,6.7,0
sim-005571,11,group_a,13899.02,0.07,54.1,0,6317.9,4.0,0
sim-005572,11,group_a,27645.41,0.1944,137.8,1,7332.75,9.1,0
sim-005573,11,group_b,84523.5,0.3518,71.2,2,5138.87,9.2,0
sim-005574,11,group_a,85928.74,0.4267,78.7,2,6836.21,9.9,0
sim-005575,11,group_a,35313.78,0.0806,65.8,1,6718.34,4.4,1
sim-005576,11,group_b,26361.37,0.27,29.5,2,10832.49,4.4,1
sim-005577,11,group_b,44303.14,0.1921,17.3,1,9392.09,2.5,1
sim-005578,11,group_b,47399.74,0.1695,43.1,1,7887.71,2.3,0
sim-005579,11,group_b,50731.49,0.1508,58.5,3,14822.82,1.1,1
sim-005580,11,group_b,13638.45,0.365,66.3,2,12535.68,12.2,1
sim-005581,11,group_a,148487.73,0.2474,37.6,0,7158.12,10.3,0
sim-005582,11,group_a,63426.65,0.3057,101.4,2,4227.93,2.2,0
sim-005583,11,group_b,36275.48,0.3535,34.1,0,7385.37,4.8,0
sim-005584,11,group_b,29150.85,0.4112,57.4,0,3956.91,4.2,0
sim-005585,11,group_b,59675.0,0.2541,73.1,0,10914.63,6.0,0
sim-005586,11,group_a,48536.23,0.3184,69.1,0,21463.41,2.3,1
sim-005587,11,group_a,40974.37,0.357,175.6,2,9953.34,19.0,0
sim-005588,11,group_a,47786.6,0.3502,81.7,2,12847.6,2.5,1
sim-005589,11,group_b,37596.18,0.3837,66.5,3,5073.51,10.0,1
sim-005590,11,group_a,46666.51,0.2445,107.7,3,8916.11,2.5,0
sim-005591,11,group_b,53480.5,0.2951,93.9,1,7478.34,4.7,0
sim-005592,11,group_b,45533.02,0.0245,29.0,3,5266.79,10.0,0
sim-005593,11,group_a,44541.97,0.1516,56.1,2,7524.32,5.7,0
sim-005594,11,group_a,70756.61,0.1399,89.8,0,4596.54,0.6,0
sim-005595,11,group_b,20155.15,0.3643,77.4,1,12572.89,5.0,1
sim-005596,11,group_b,28194.7,0.3202,52.9,0,6414.7,14.3,0
sim-005597,11,group_a,39861.07,0.5103,115.4,3,5298.04,3.3,1
sim-005598,11,group_a,29011.73,0.353,152.8,0,8957.61,10.5,0
sim-005599,11,group_a,33378.47,0.3169,46.7,2,11594.17,4.6,0
sim-005600,11,group_a,67700.68,0.2782,179.2,1,13474.82,1.9,0
sim-005601,11,group_a,37028.09,0.2554,95.7,1,5730.43,3.5,0
sim-005602,11,group_b,18283.08,0.1515,70.4,1,8143.38,1.5,0
sim-005603,11,group_b,32997.81,0.0928,101.6,1,13804.88,5.3,0
sim-005604,11,group_a,40392.83,0.2867,20.8,0,4829.8,6.7,0
sim-005605,11,group_a,40081.48,0.5148,34.6,4,8446.12,9.8,0
sim-005606,11,group_a,49788.32,0.3881,96.0,0,8427.66,4.6,0
sim-005607,11,group_b,48109.9,0.3518,68.7,2,4957.94,8.4,0
sim-005608,11,group_a,37186.2,0.5894,109.3,3,14256.17,9.5,0
sim-005609,11,group_b,23883.03,0.3201,93.6,0,6991.04,5.8,0
sim-005610,11,group_a,32752.07,0.2324,129.6,0,15565.98,2.8,0
sim-005611,11,group_b,30346.42,0.4499,36.9,4,4786.22,4.5,1
sim-005612,11,group_a,34970.37,0.2209,89.2,0,2391.4,0.7,1
sim-005613,11,group_b,52695.79,0.1477,46.8,0,6145.82,14.7,0
sim-005614,11,group_b,46710.45,0.262,87.0,1,10015.24,8.2,0
sim-005615,11,group_a,55719.33,0.1578,75.3,1,6316.13,4.6,0
sim-005616,11,group_a,33546.41,0.4084,52.6,4,8531.49,4.4,1
sim-005617,11,group_b,74273.65,0.0897,48.8,2,7998.42,2.1,0
sim-005618,11,group_b,52291.66,0.4024,29.3,3,5185.97,2.2,0
sim-005619,11,group_a,41321.51,0.415,102.7,0,32870.39,5.6,1
sim-005620,11,group_a,50787.5,0.3568,80.3,0,7683.24,12.4,0
sim-005621,11,group_a,29678.57,0.4725,60.7,3,5873.78,5.5,1
sim-005622,11,group_b,16257.72,0.3622,76.8,0,30736.69,11.2,0
sim-005623,11,group_b,30552.06,0.1133,144.2,2,5129.32,9.8,1
sim-005624,11,group_a,53956.42,0.517,58.8,2,8655.32,3.3,1
sim-005625,11,group_b,40769.55,0.2415,54.9,1,6135.78,7.5,0
sim-005626,11,group_b,37217.32,0.5371,50.1,1,4454.72,1.7,0
sim-005627,11,group_b,27609.28,0.3322,88.8,0,13103.11,11.2,0
sim-005628,11,group_a,17336.22,0.6036,43.0,3,8317.97,17.7,1
sim-005629,11,group_a,71713.56,0.3519,61.2,2,4378.88,2.7,0
sim-005630,11,group_a,36122.97,0.2432,46.7,0,22346.82,5.5,1
sim-005631,11,group_a,32912.05,0.1318,81.9,0,8371.0,4.0,0
sim-005632,11,group_a,29729.9,0.1098,69.2,1,15935.54,11.4,0
sim-005633,11,group_a,66762.67,0.5683,91.0,0,16564.64,9.9,0
sim-005634,11,group_a,57077.62,0.3782,27.0,0,3814.94,2.7,1
sim-005635,11,group_b,26258.88,0.2273,48.5,2,12054.42,4.7,0
sim-005636,11,group_a,64286.7,0.1888,65.3,0,14138.39,3.2,0
sim-005637,11,group_b,37088.8,0.6352,89.3,1,8952.11,7.9,0
sim-005638,11,group_a,30502.75,0.3801,63.4,0,14095.11,9.6,1
sim-005639,11,group_a,34845.62,0.4423,64.5,3,6593.35,7.3,0
sim-005640,11,group_a,28367.95,0.1129,105.9,0,18624.95,8.9,0
sim-005641,11,group_b,22634.52,0.1319,49.9,0,6502.32,9.7,0
sim-005642,11,group_b,54610.15,0.0659,79.8,0,18503.94,9.5,0
sim-005643,11,group_a,35929.14,0.4758,91.7,4,10596.56,3.8,0
sim-005644,11,group_b,51084.07,0.495,41.7,3,10275.69,11.7,1
sim-005645,11,group_a,44472.65,0.3788,57.1,0,4381.0,3.4,1
sim-005646,11,group_b,49631.81,0.2109,86.3,1,17787.2,5.5,0
sim-005647,11,group_a,16692.01,0.4775,57.5,7,5316.28,6.3,0
sim-005648,11,group_a,27390.75,0.1425,78.7,1,20005.02,6.2,1
sim-005649,11,group_a,50067.79,0.2281,57.3,1,10100.76,4.5,0
sim-005650,11,group_b,23076.52,0.4505,132.6,2,10485.73,7.8,0
sim-005651,11,group_a,46105.49,0.4575,75.6,0,6504.78,1.8,0
sim-005652,11,group_b,21980.35,0.2091,43.4,0,6900.32,9.0,0
sim-005653,11,group_a,39692.06,0.1014,70.1,0,3619.14,1.4,0
sim-005654,11,group_a,77512.61,0.3379,52.0,1,12750.72,3.0,1
sim-005655,11,group_a,54575.05,0.2924,68.8,1,10190.75,6.1,0
sim-005656,11,group_b,18118.5,0.2268,107.7,1,18939.74,3.7,0
sim-005657,11,group_b,56292.47,0.125,53.6,2,7341.6,3.5,0
sim-005658,11,group_a,84739.75,0.2291,57.6,2,23670.07,1.1,0
sim-005659,11,group_b,127611.62,0.2502,22.7,1,5047.15,4.0,0
sim-005660,11,group_a,48123.78,0.2992,71.5,1,9795.63,1.7,0
sim-005661,11,group_a,22224.35,0.5418,55.3,1,11992.68,11.7,1
sim-005662,11,group_a,47314.15,0.3561,93.3,1,10943.18,4.5,1
sim-005663,11,group_a,77059.58,0.0609,37.0,0,6978.65,11.8,0
sim-005664,11,group_a,36440.02,0.3911,86.4,0,4271.66,5.8,0
sim-005665,11,group_b,61090.14,0.3251,82.7,1,8584.98,12.9,0
sim-005666,11,group_a,27704.96,0.0849,70.9,0,6453.76,18.9,0
sim-005667,11,group_b,46091.71,0.2917,131.2,1,21906.31,1.9,0
sim-005668,11,group_b,13854.66,0.1476,165.6,0,11114.93,12.5,0
sim-005669,11,group_b,26445.97,0.3521,110.2,1,9035.01,8.9,0
sim-005670,11,group_b,39317.67,0.4152,19.6,1,17535.76,7.9,1
sim-005671,11,group_b,33839.71,0.1314,44.3,1,12442.9,2.5,0
sim-005672,11,group_a,22827.94,0.5476,34.0,1,3261.74,4.4,0
sim-005673,11,group_a,31956.93,0.2758,39.7,0,13989.34,11.0,0
sim-005674,11,group_a,45272.5,0.2548,113.6,1,10667.43,16.8,0
sim-005675,11,group_b,38016.84,0.1148,149.2,1,10408.44,8.1,0
sim-005676,11,group_a,40440.77,0.1794,111.6,1,8400.88,10.8,0
sim-005677,11,group_a,53606.57,0.1892,78.8,0,6537.4,7.0,0
sim-005678,11,group_b,34127.94,0.0089,35.2,2,4988.36,10.3,0
sim-005679,11,group_a,69762.7,0.3847,62.6,0,12722.2,7.3,0
sim-005680,11,group_b,26017.02,0.0895,95.9,2,6618.29,4.8,0
sim-005681,11,group_a,88588.83,0.1498,163.5,0,5981.56,15.7,0
sim-005682,11,group_a,62910.99,0.4995,120.5,1,39087.35,2.7,1
sim-005683,11,group_b,33944.46,0.4355,52.5,3,6634.83,1.3,1
sim-005684,11,group_a,34908.52,0.0363,56.0,0,6084.04,4.4,0
sim-005685,11,group_a,42994.56,0.4199,60.3,3,11424.25,5.5,0
sim-005686,11,group_a,50687.86,0.1172,92.8,0,7136.27,6.0,0
sim-005687,11,group_a,62424.32,0.3765,40.8,0,17473.64,2.6,1
sim-005688,11,group_b,22447.88,0.1614,65.3,2,10860.3,1.5,0
sim-005689,11,group_b,47369.12,0.1874,79.8,0,8983.77,5.5,0
sim-005690,11,group_a,16204.82,0.2207,91.1,2,12295.85,3.6,0
sim-005691,11,group_a,36590.13,0.2771,34.0,2,10206.95,2.6,1
sim-005692,11,group_a,72594.41,0.1947,69.7,2,5651.65,5.8,0
sim-005693,11,group_b,21733.37,0.3828,63.5,0,9931.83,11.2,1
sim-005694,11,group_b,20137.12,0.2533,94.8,1,4574.88,7.7,0
sim-005695,11,group_a,43249.2,0.4878,79.2,3,4437.6,4.2,1
sim-005696,11,group_a,70595.4,0.4413,105.5,1,6076.22,6.0,0
sim-005697,11,group_b,45191.58,0.0486,52.7,0,7305.37,2.0,0
sim-005698,11,group_b,17713.11,0.4437,167.4,0,8658.58,6.3,1
sim-005699,11,group_a,19439.96,0.0242,112.3,1,2049.09,2.8,0
sim-005700,11,group_b,41070.83,0.3446,111.3,2,6602.51,5.3,0
sim-005701,11,group_a,24021.83,0.5736,9.6,2,3791.28,12.1,0
sim-005702,11,group_a,41748.06,0.9122,56.1,2,10994.93,3.9,0
sim-005703,11,group_b,42801.05,0.2269,40.1,0,6492.12,2.0,0
sim-005704,11,group_a,32090.07,0.2036,31.5,0,7276.6,1.4,0
sim-005705,11,group_a,84473.81,0.554,208.6,1,4786.85,0.6,1
sim-005706,11,group_b,50513.52,0.0661,120.4,0,10932.43,5.1,0
sim-005707,11,group_b,65569.65,0.2993,52.7,0,3948.62,7.3,0
sim-005708,11,group_a,58025.88,0.4282,39.8,2,6944.12,7.6,0
sim-005709,11,group_b,37010.95,0.4318,89.4,2,6216.63,3.4,1
sim-005710,11,group_b,36327.57,0.3975,60.7,2,19157.35,9.1,1
sim-005711,11,group_a,34787.02,0.3216,96.2,2,3122.65,1.4,0
sim-005712,11,group_b,52473.47,0.3229,50.8,0,17753.45,1.0,0
sim-005713,11,group_b,29996.82,0.2993,75.0,0,6903.82,8.7,0
sim-005714,11,group_a,81349.81,0.3617,96.9,0,7238.2,1.9,1
sim-005715,11,group_a,28817.41,0.3819,167.9,3,15034.63,3.5,1
sim-005716,11,group_b,43134.55,0.1719,7.0,0,12801.19,5.9,1
sim-005717,11,group_b,35802.97,0.1265,82.6,0,8995.74,3.0,0
sim-005718,11,group_a,32619.54,0.4227,46.5,0,10821.19,2.9,1
sim-005719,11,group_a,98163.1,0.31,11.8,1,3367.44,8.5,1
sim-005720,11,group_b,32780.76,0.3886,63.4,3,4661.88,4.8,0
sim-005721,11,group_a,34683.42,0.329,75.1,3,10639.68,8.7,0
sim-005722,11,group_a,29823.86,0.2743,89.5,1,4839.12,1.7,0
sim-005723,11,group_b,40104.23,0.1806,159.4,0,8326.33,3.7,0
sim-005724,11,group_b,37776.83,0.1845,79.3,1,6728.69,10.0,0
sim-005725,11,group_b,24634.76,0.5894,125.9,1,4210.38,7.2,0
sim-005726,11,group_b,32983.56,0.4238,98.6,2,13881.09,4.8,0
sim-005727,11,group_a,50922.92,0.5829,57.4,3,11773.5,11.6,0
sim-005728,11,group_b,60677.88,0.174,74.9,0,7591.64,10.8,0
sim-005729,11,group_a,39818.24,0.1825,129.2,1,18657.0,6.1,0
sim-005730,11,group_a,40407.79,0.2558,27.0,1,3857.42,7.2,0
sim-005731,11,group_b,33873.29,0.2029,73.4,0,5260.96,1.2,0
sim-005732,11,group_b,31919.57,0.2767,32.1,0,5633.42,3.2,1
sim-005733,11,group_b,26789.88,0.5749,43.7,2,7057.37,11.6,0
sim-005734,11,group_a,20500.55,0.22,133.5,0,7469.34,2.2,0
sim-005735,11,group_b,29347.79,0.2546,38.9,2,12653.17,2.4,1
sim-005736,11,group_b,57624.45,0.3927,25.9,0,25295.33,3.8,0
sim-005737,11,group_b,32982.91,0.3721,70.9,0,11161.5,1.3,0
sim-005738,11,group_b,34087.03,0.6052,89.3,2,8367.26,7.6,1
sim-005739,11,group_a,33809.47,0.401,21.8,1,17214.74,1.8,1
sim-005740,11,group_b,66488.03,0.195,168.5,3,8989.21,5.0,0
sim-005741,11,group_b,26690.94,0.2671,61.7,0,8466.15,8.7,0
sim-005742,11,group_b,44283.28,0.1886,94.6,1,9647.28,4.1,0
sim-005743,11,group_b,38301.5,0.3123,40.7,1,9718.25,9.8,0
sim-005744,11,group_b,40559.66,0.2971,93.3,1,13088.74,0.8,1
sim-005745,11,group_a,43679.19,0.1706,66.1,0,2838.11,7.2,0
sim-005746,11,group_a,40376.74,0.216,78.8,0,10729.2,8.0,1
sim-005747,11,group_b,54998.94,0.1202,102.0,0,9110.62,12.3,0
sim-005748,11,group_b,38937.46,0.2988,92.7,0,7382.33,0.2,0
sim-005749,11,group_b,82013.41,0.5505,35.5,0,13217.07,9.3,0
sim-005750,11,group_a,40162.2,0.2723,30.8,0,12243.52,3.3,0
sim-005751,11,group_a,19274.61,0.4606,99.7,1,6181.92,6.1,0
sim-005752,11,group_b,51538.81,0.5073,59.8,0,8461.46,4.0,0
sim-005753,11,group_b,46475.5,0.2656,75.9,0,11056.69,5.4,0
sim-005754,11,group_a,39961.39,0.2973,78.2,0,7589.27,17.4,0
sim-005755,11,group_b,35347.4,0.2719,115.1,1,5284.12,3.0,1
sim-005756,11,group_a,16217.72,0.0997,62.1,0,8737.13,7.9,1
sim-005757,11,group_a,17401.74,0.1927,80.8,0,16899.35,2.6,0
sim-005758,11,group_a,78744.06,0.368,71.0,1,7344.85,12.8,1
sim-005759,11,group_a,30825.23,0.169,41.6,2,10683.07,4.6,0
sim-005760,11,group_a,59133.96,0.3163,68.9,0,27119.84,14.2,1
sim-005761,11,group_b,20105.04,0.3088,43.7,1,2738.0,2.7,0
sim-005762,11,group_b,25395.3,0.3624,81.0,1,12526.97,8.0,1
sim-005763,11,group_b,52419.25,0.4392,80.0,1,5461.51,5.9,0
sim-005764,11,group_a,37757.88,0.2717,39.5,0,5906.41,6.9,0
sim-005765,11,group_a,49405.66,0.3676,15.1,4,7056.29,6.3,0
sim-005766,11,group_a,39193.82,0.1373,68.4,1,5604.69,3.0,0
sim-005767,11,group_b,36126.35,0.1213,76.2,2,11048.17,2.4,0
sim-005768,11,group_a,29625.23,0.2194,53.8,0,4374.61,8.5,1
sim-005769,11,group_b,23873.37,0.3695,135.0,3,12183.14,7.5,0
sim-005770,11,group_b,71049.67,0.3243,76.6,1,13917.79,2.6,0
sim-005771,11,group_b,76135.49,0.2071,47.5,1,3644.93,2.5,0
sim-005772,11,group_a,25482.44,0.3899,38.0,1,3841.11,17.3,0
sim-005773,11,group_a,24792.26,0.3354,40.1,2,6187.38,4.2,0
sim-005774,11,group_a,34061.92,0.4253,40.4,2,13892.97,1.0,1
sim-005775,11,group_a,45477.94,0.1354,29.8,0,5632.19,8.4,0
sim-005776,11,group_b,36520.77,0.1296,97.7,1,8924.34,0.7,0
sim-005777,11,group_a,48620.4,0.1379,108.0,1,3875.55,7.2,0
sim-005778,11,group_b,38611.89,0.1282,126.7,0,5391.04,5.2,0
sim-005779,11,group_a,37566.01,0.2251,27.3,2,4787.88,4.4,0
sim-005780,11,group_b,108607.21,0.1138,125.6,0,5445.64,2.6,0
sim-005781,11,group_b,31615.87,0.4672,61.3,1,7692.82,4.3,0
sim-005782,11,group_a,78494.02,0.243,81.8,4,8829.22,4.0,1
sim-005783,11,group_b,72379.8,0.5384,91.2,0,9483.18,3.6,1
sim-005784,11,group_a,48713.88,0.1826,66.5,0,4390.41,2.4,0
sim-005785,11,group_b,17553.78,0.5907,129.6,2,16333.81,14.2,0
sim-005786,11,group_b,39936.43,0.4286,161.9,5,7042.16,13.1,0
sim-005787,11,group_b,31755.72,0.1117,108.0,1,14668.74,5.6,0
sim-005788,11,group_b,39752.9,0.4052,106.6,2,12002.9,3.7,0
sim-005789,11,group_a,25224.07,0.5776,121.3,2,11093.47,1.8,0
sim-005790,11,group_b,54156.23,0.7348,64.6,3,16243.73,8.0,1
sim-005791,11,group_b,59616.86,0.1242,41.7,0,5593.34,23.7,0
sim-005792,11,group_a,64434.87,0.1162,15.7,0,10707.4,5.3,0
sim-005793,11,group_a,33573.25,0.3252,75.6,1,2295.07,3.5,0
sim-005794,11,group_b,25261.62,0.3953,54.8,2,9377.39,6.7,0
sim-005795,11,group_b,45693.27,0.4396,44.8,0,10408.35,4.5,0
sim-005796,11,group_a,82417.35,0.0759,21.5,1,5459.4,4.3,0
sim-005797,11,group_b,40584.59,0.1066,30.6,0,8649.67,1.4,0
sim-005798,11,group_b,47665.58,0.1355,125.7,1,3375.68,3.4,0
sim-005799,11,group_a,35715.22,0.06,114.3,0,4678.31,1.9,0
sim-005800,11,group_a,31905.78,0.0637,148.1,3,8041.36,7.9,0
sim-005801,11,group_b,51972.81,0.202,25.5,2,4282.32,2.2,0
sim-005802,11,group_b,37701.38,0.3143,53.2,1,21768.47,0.3,1
sim-005803,11,group_a,46699.07,0.2092,49.3,1,10699.34,6.9,0
sim-005804,11,group_a,48783.77,0.1927,89.5,0,7764.91,9.8,0
sim-005805,11,group_b,45613.41,0.0631,46.3,2,9114.45,6.5,0
sim-005806,11,group_b,49826.35,0.4972,42.6,1,9956.72,3.9,1
sim-005807,11,group_b,27549.44,0.5144,44.0,3,4548.66,11.0,1
sim-005808,11,group_a,26852.32,0.1467,66.3,1,10473.08,3.3,0
sim-005809,11,group_b,38719.51,0.4716,76.4,2,9915.32,6.4,0
sim-005810,11,group_a,39112.77,0.5829,58.7,1,6020.35,9.1,0
sim-005811,11,group_a,31654.15,0.427,51.6,0,10349.11,5.8,1
sim-005812,11,group_b,43617.78,0.2733,123.9,0,7168.33,7.9,0
sim-005813,11,group_b,57725.33,0.7121,35.2,5,10525.85,4.0,0
sim-005814,11,group_a,64909.87,0.409,50.3,2,14868.15,2.8,0
sim-005815,11,group_b,71335.54,0.5011,81.4,0,8027.43,4.4,1
sim-005816,11,group_a,22692.35,0.283,67.1,0,20710.11,3.7,0
sim-005817,11,group_a,24186.27,0.379,98.3,0,6574.65,2.6,0
sim-005818,11,group_a,34903.73,0.2664,37.8,0,4808.04,3.2,0
sim-005819,11,group_a,40770.76,0.2207,16.2,1,9084.64,4.4,0
sim-005820,11,group_b,35662.84,0.032,58.6,2,4849.2,9.1,1
sim-005821,11,group_b,31253.65,0.1545,111.7,0,10058.47,3.7,0
sim-005822,11,group_b,34687.84,0.1283,105.8,1,4560.76,4.9,0
sim-005823,11,group_a,48290.58,0.1719,83.7,0,11627.57,6.0,0
sim-005824,11,group_a,22551.54,0.4225,48.6,2,7242.36,7.5,0
sim-005825,11,group_a,105472.97,0.4445,57.3,0,19745.25,4.9,0
sim-005826,11,group_b,39767.98,0.1696,79.2,2,17897.33,19.4,0
sim-005827,11,group_a,61289.02,0.5127,73.8,3,13966.03,4.0,1
sim-005828,11,group_a,30896.49,0.5044,103.2,3,4930.81,3.6,1
sim-005829,11,group_b,50172.72,0.1684,17.0,0,5361.98,3.0,0
sim-005830,11,group_b,41111.3,0.4181,68.1,2,8638.28,8.1,0
sim-005831,11,group_a,56492.29,0.4035,97.1,3,10896.36,3.9,0
sim-005832,11,group_a,36263.55,0.1822,53.5,0,8098.14,1.1,1
sim-005833,11,group_b,75633.66,0.3661,47.5,0,7359.99,2.7,0
sim-005834,11,group_a,21064.33,0.478,45.2,4,10761.65,1.9,0
sim-005835,11,group_a,58731.82,0.2221,90.5,1,16728.57,2.5,1
sim-005836,11,group_b,41434.22,0.4839,57.9,2,20493.78,3.6,0
sim-005837,11,group_a,25701.45,0.5349,156.0,0,19504.33,6.2,0
sim-005838,11,group_a,89488.7,0.636,58.4,1,3356.28,5.1,0
sim-005839,11,group_a,85686.71,0.2388,16.4,1,1817.96,3.1,0
sim-005840,11,group_a,16497.67,0.0877,150.2,0,11227.67,7.0,0
sim-005841,11,group_a,42457.1,0.147,135.8,0,13786.17,3.7,0
sim-005842,11,group_a,53017.55,0.5069,27.6,1,13377.54,8.7,0
sim-005843,11,group_a,47454.0,0.3256,42.5,1,13200.39,3.6,1
sim-005844,11,group_a,74497.62,0.5483,111.0,3,13824.43,2.6,1
sim-005845,11,group_b,68268.64,0.4803,29.5,1,8191.0,2.1,0
sim-005846,11,group_b,44063.13,0.6725,54.7,3,9907.79,7.0,0
sim-005847,11,group_a,102578.49,0.3189,41.5,1,11511.45,4.5,0
sim-005848,11,group_a,58423.62,0.5644,108.0,4,11807.26,6.1,0
sim-005849,11,group_b,34009.87,0.1309,126.6,0,7094.86,13.3,0
sim-005850,11,group_b,31257.48,0.1292,121.4,0,4873.29,6.9,0
sim-005851,11,group_b,66449.89,0.4439,81.0,2,3776.23,6.2,1
sim-005852,11,group_a,28253.12,0.5529,91.5,1,6681.18,9.4,0
sim-005853,11,group_a,33186.88,0.5643,153.2,2,4391.66,3.2,1
sim-005854,11,group_a,35645.56,0.2648,59.9,1,8022.19,8.3,0
sim-005855,11,group_b,45769.56,0.4998,68.9,3,12311.6,3.7,0
sim-005856,11,group_b,36342.66,0.2388,26.0,1,9570.0,5.1,0
sim-005857,11,group_a,22671.69,0.3697,20.9,0,7932.61,12.6,0
sim-005858,11,group_a,64220.23,0.313,100.3,0,10748.92,4.1,0
sim-005859,11,group_a,33261.39,0.1589,197.4,1,5038.0,7.4,0
sim-005860,11,group_b,92076.3,0.2253,86.0,1,12153.89,6.3,0
sim-005861,11,group_a,44787.12,0.1459,52.5,0,9171.08,12.9,0
sim-005862,11,group_b,67119.32,0.144,141.5,1,6104.36,2.9,0
sim-005863,11,group_b,51377.82,0.0967,103.8,0,12309.94,1.2,0
sim-005864,11,group_b,68481.82,0.3961,84.6,1,1742.01,2.0,0
sim-005865,11,group_a,50088.28,0.5576,100.5,2,8251.54,5.9,1
sim-005866,11,group_b,43511.08,0.5271,78.5,8,6548.2,3.7,1
sim-005867,11,group_b,62389.88,0.1244,112.6,0,5634.11,9.8,0
sim-005868,11,group_a,111983.66,0.4197,33.7,2,6263.51,5.4,1
sim-005869,11,group_a,35195.91,0.4387,79.3,1,10603.9,2.8,0
sim-005870,11,group_b,55042.96,0.358,54.2,1,6804.01,4.3,0
sim-005871,11,group_a,39332.13,0.3871,17.6,0,15208.12,0.3,1
sim-005872,11,group_a,48754.11,0.3094,83.8,0,4156.94,6.0,0
sim-005873,11,group_a,40123.06,0.2693,93.8,1,8722.45,8.6,0
sim-005874,11,group_a,15926.63,0.3227,129.9,0,4859.28,11.3,1
sim-005875,11,group_a,36240.1,0.146,47.2,0,16698.45,2.4,0
sim-005876,11,group_b,59982.8,0.1404,68.9,1,10851.95,6.6,0
sim-005877,11,group_a,28584.31,0.5069,94.0,1,4824.5,11.9,1
sim-005878,11,group_b,58034.76,0.2721,52.6,0,11294.57,1.3,1
sim-005879,11,group_a,42578.97,0.4665,15.2,0,15010.18,5.9,1
sim-005880,11,group_a,36372.71,0.1769,29.7,0,7425.11,10.6,0
sim-005881,11,group_a,57667.12,0.5696,72.6,3,8040.19,19.4,1
sim-005882,11,group_b,52471.91,0.5367,75.2,0,9732.04,8.3,1
sim-005883,11,group_b,47034.18,0.3838,51.5,1,8065.02,4.6,0
sim-005884,11,group_a,60396.0,0.2568,46.2,2,14893.84,5.1,0
sim-005885,11,group_a,42928.93,0.0266,54.0,0,9196.86,5.9,0
sim-005886,11,group_a,19756.55,0.0726,45.4,0,10216.17,13.5,1
sim-005887,11,group_a,33630.52,0.4785,59.1,1,11070.49,5.5,0
sim-005888,11,group_b,18474.58,0.4158,156.5,1,9549.68,2.0,0
sim-005889,11,group_a,51952.92,0.3983,155.7,0,8467.18,2.6,1
sim-005890,11,group_b,57434.7,0.4825,73.2,3,6934.27,6.2,0
sim-005891,11,group_b,58542.89,0.1943,37.1,0,9651.81,3.8,1
sim-005892,11,group_a,48407.97,0.5037,71.6,3,9963.65,4.6,0
sim-005893,11,group_b,59191.22,0.3382,44.3,2,9958.36,8.0,0
sim-005894,11,group_a,20329.47,0.6063,61.2,1,3415.59,5.0,0
sim-005895,11,group_b,37677.63,0.3168,108.1,3,10690.34,6.3,1
sim-005896,11,group_a,21757.97,0.4001,49.8,3,9624.35,2.7,1
sim-005897,11,group_b,33911.23,0.211,89.9,0,11347.33,6.4,0
sim-005898,11,group_a,77716.72,0.1355,53.7,1,4328.77,5.2,0
sim-005899,11,group_a,62389.96,0.2358,108.7,0,7833.55,7.8,0
sim-005900,11,group_b,52060.4,0.1795,68.8,1,9841.22,10.2,1
sim-005901,11,group_a,36523.8,0.1304,108.8,0,8837.01,12.0,0
sim-005902,11,group_a,25969.82,0.4154,40.4,3,11689.16,3.9,0
sim-005903,11,group_b,42640.15,0.2486,95.9,1,7860.3,3.3,1
sim-005904,11,group_a,62848.59,0.5347,64.8,1,3934.82,2.1,1
sim-005905,11,group_b,46823.76,0.5471,74.9,0,2135.56,1.3,0
sim-005906,11,group_b,20252.02,0.0805,102.0,0,4888.5,4.5,0
sim-005907,11,group_b,41189.41,0.5426,57.3,1,5111.25,11.3,0
sim-005908,11,group_a,17648.43,0.5548,89.1,2,13856.59,5.6,0
sim-005909,11,group_a,55257.38,0.2611,44.9,1,14364.88,6.8,0
sim-005910,11,group_b,29464.36,0.3419,129.9,1,12988.74,13.7,0
sim-005911,11,group_a,23583.18,0.3832,133.6,2,7857.94,8.8,0
sim-005912,11,group_a,55577.34,0.3058,70.6,1,3629.89,13.1,1
sim-005913,11,group_a,49858.22,0.0328,147.1,0,6329.44,1.7,0
sim-005914,11,group_a,43460.49,0.3027,119.3,1,19116.44,5.5,1
sim-005915,11,group_b,98964.58,0.1012,33.6,2,4933.12,3.7,0
sim-005916,11,group_b,51467.2,0.5052,70.9,3,10708.67,0.7,1
sim-005917,11,group_b,30065.03,0.4183,83.7,0,8045.7,2.7,0
sim-005918,11,group_b,49024.02,0.5003,58.5,1,6818.1,2.7,0
sim-005919,11,group_a,34956.07,0.3453,92.2,3,7304.36,8.4,0
sim-005920,11,group_a,67106.67,0.4481,69.5,3,12879.88,1.4,0
sim-005921,11,group_a,44356.32,0.2648,58.7,1,3605.03,1.5,0
sim-005922,11,group_b,46238.49,0.2151,106.1,0,8957.46,4.0,1
sim-005923,11,group_a,21508.54,0.1799,182.2,3,2843.15,10.4,0
sim-005924,11,group_a,40447.81,0.1746,51.3,1,7014.29,6.8,0
sim-005925,11,group_a,38498.26,0.1282,113.1,2,11026.91,7.3,0
sim-005926,11,group_b,25637.99,0.5463,19.4,4,11727.19,3.8,0
sim-005927,11,group_b,35917.12,0.1962,47.4,0,9935.03,4.7,0
sim-005928,11,group_b,47335.51,0.2011,41.9,2,7379.4,3.5,1
sim-005929,11,group_a,39346.93,0.2767,25.2,1,10702.77,2.5,0
sim-005930,11,group_b,21783.72,0.1189,154.4,0,19795.43,11.7,0
sim-005931,11,group_a,35145.4,0.6887,103.6,3,10545.61,2.4,1
sim-005932,11,group_a,32384.32,0.3041,65.3,1,2563.25,4.7,0
sim-005933,11,group_a,42756.46,0.557,31.5,2,9649.84,5.0,1
sim-005934,11,group_a,40860.69,0.5042,39.4,2,14040.78,5.0,0
sim-005935,11,group_a,33160.76,0.202,109.4,4,8851.99,2.7,0
sim-005936,11,group_a,32621.32,0.1221,107.3,0,5679.88,5.4,0
sim-005937,11,group_a,40547.67,0.2696,24.4,1,15127.61,6.2,1
sim-005938,11,group_b,59068.33,0.4623,58.8,1,7658.17,12.0,1
sim-005939,11,group_b,44312.81,0.0592,36.8,0,4332.81,6.5,0
sim-005940,11,group_b,71660.08,0.2101,35.9,0,8088.93,5.4,0
sim-005941,11,group_b,63445.73,0.3549,54.1,2,12766.85,6.1,0
sim-005942,11,group_a,73910.24,0.49,60.8,1,8204.42,1.8,0
sim-005943,11,group_b,70040.13,0.1727,89.8,1,5926.82,4.5,0
sim-005944,11,group_a,75996.21,0.4432,82.7,0,10975.84,3.7,0
sim-005945,11,group_a,24286.6,0.2367,47.7,1,11278.89,9.2,1
sim-005946,11,group_a,51736.51,0.4208,81.4,1,5061.65,17.5,0
sim-005947,11,group_b,65755.24,0.0287,174.9,1,6786.13,2.6,0
sim-005948,11,group_a,70940.12,0.4564,37.2,3,5424.2,7.6,0
sim-005949,11,group_b,28518.21,0.2193,121.4,0,8922.82,16.4,0
sim-005950,11,group_a,51953.26,0.3951,44.6,1,18773.2,9.7,0
sim-005951,11,group_a,40683.8,0.4646,59.7,1,16712.71,2.8,0
sim-005952,11,group_a,85627.8,0.2186,46.3,0,8328.26,12.2,0
sim-005953,11,group_a,22011.88,0.2293,39.0,2,3701.71,1.5,0
sim-005954,11,group_a,28535.33,0.2293,24.1,1,8277.56,0.2,1
sim-005955,11,group_b,18426.29,0.3163,75.6,0,7229.15,2.2,0
sim-005956,11,group_a,41887.34,0.6472,43.2,3,4932.33,5.1,1
sim-005957,11,group_a,102008.65,0.2854,55.3,0,13261.56,6.2,0
sim-005958,11,group_b,38691.55,0.4428,65.1,1,13009.13,9.7,0
sim-005959,11,group_a,41127.57,0.3434,49.4,5,8314.81,17.0,1
sim-005960,11,group_a,49667.21,0.1373,17.6,0,7376.12,6.4,0
sim-005961,11,group_a,37539.84,0.0895,138.2,0,5056.95,19.9,0
sim-005962,11,group_a,45969.39,0.5716,42.6,3,9628.61,5.1,1
sim-005963,11,group_a,46477.75,0.7293,65.1,3,11535.8,6.7,1
sim-005964,11,group_b,27635.77,0.1136,42.9,1,10876.92,1.2,1
sim-005965,11,group_a,37892.19,0.202,19.3,0,8938.82,12.7,0
sim-005966,11,group_b,53831.38,0.2535,40.7,0,19658.55,8.4,0
sim-005967,11,group_a,58221.03,0.1939,78.8,2,9965.92,6.3,0
sim-005968,11,group_b,68007.32,0.5256,57.5,1,7042.83,6.6,0
sim-005969,11,group_b,45382.56,0.2774,46.0,2,6061.67,1.0,1
sim-005970,11,group_a,45772.1,0.2584,75.1,1,4734.84,5.8,0
sim-005971,11,group_a,54018.27,0.1383,58.4,0,23749.73,2.5,0
sim-005972,11,group_a,30705.48,0.0222,66.3,0,12194.43,8.6,0
sim-005973,11,group_b,30181.15,0.6303,32.4,1,15592.04,5.2,1
sim-005974,11,group_b,37405.94,0.1923,38.5,2,8804.08,2.8,0
sim-005975,11,group_a,23074.71,0.5963,66.6,0,9302.8,6.0,0
sim-005976,11,group_b,46765.37,0.1733,84.1,1,5221.31,1.3,0
sim-005977,11,group_a,61243.59,0.1259,56.4,0,7028.81,0.4,1
sim-005978,11,group_a,29254.29,0.4064,47.8,1,6945.25,7.2,0
sim-005979,11,group_b,47323.52,0.2788,81.1,0,4912.54,8.3,0
sim-005980,11,group_a,30265.54,0.3507,39.3,3,10453.93,12.3,0
sim-005981,11,group_a,25720.36,0.0684,181.6,0,50076.45,7.1,0
sim-005982,11,group_b,93464.38,0.3968,49.2,0,4266.3,6.8,0
sim-005983,11,group_a,25875.76,0.305,186.9,2,10633.31,6.5,1
sim-005984,11,group_b,23033.06,0.5238,33.1,1,6248.56,2.1,0
sim-005985,11,group_a,43138.9,0.6355,98.5,0,9331.33,4.4,0
sim-005986,11,group_a,44124.88,0.5895,56.3,1,18740.62,0.9,0
sim-005987,11,group_a,52168.68,0.4991,54.1,2,3443.52,8.4,1
sim-005988,11,group_b,91355.68,0.1388,104.5,2,4589.93,3.8,0
sim-005989,11,group_a,28441.52,0.0651,62.7,1,6939.46,9.3,0
sim-005990,11,group_a,30916.85,0.3245,104.9,1,8224.41,3.6,1
sim-005991,11,group_b,77474.05,0.2615,113.2,2,5852.92,2.5,0
sim-005992,11,group_b,58479.53,0.4033,156.9,2,7094.67,4.9,1
sim-005993,11,group_b,55162.25,0.3798,51.9,1,12813.36,3.1,1
sim-005994,11,group_a,30768.76,0.4799,55.9,1,4551.7,12.5,0
sim-005995,11,group_a,63251.43,0.5294,65.1,3,5962.38,6.4,0
sim-005996,11,group_b,55234.15,0.2754,120.3,1,5647.23,3.4,0
sim-005997,11,group_b,42685.12,0.3958,79.7,2,14605.13,7.3,0
sim-005998,11,group_b,30832.68,0.1539,54.9,0,6763.28,4.2,0
sim-005999,11,group_b,41225.49,0.1772,27.7,0,6116.15,5.3,1
sim-006000,12,group_a,79727.07,0.3039,56.0,0,7131.26,4.0,0
sim-006001,12,group_a,25198.34,0.514,35.4,0,8245.83,5.4,1
sim-006002,12,group_a,28512.12,0.1962,119.9,0,15380.0,4.8,0
sim-006003,12,group_a,30648.01,0.6457,67.3,1,10111.27,4.9,0
sim-006004,12,group_a,33572.25,0.3711,52.2,3,21270.9,1.3,0
sim-006005,12,group_a,39631.94,0.2551,20.0,2,6259.18,4.8,1
sim-006006,12,group_b,59670.91,0.2766,17.1,3,12612.78,4.7,0
sim-006007,12,group_b,48426.09,0.1505,53.7,0,16501.99,6.9,0
sim-006008,12,group_b,40927.33,0.2814,61.2,2,4334.98,11.1,0
sim-006009,12,group_b,44816.75,0.1453,106.6,1,4022.25,5.3,0
sim-006010,12,group_b,51848.24,0.5414,34.0,1,6551.14,2.0,0
sim-006011,12,group_b,19686.4,0.0752,46.3,1,20087.17,7.4,0
sim-006012,12,group_a,62571.51,0.5631,161.5,2,8865.39,7.0,0
sim-006013,12,group_b,28195.19,0.515,130.8,2,9424.89,9.2,0
sim-006014,12,group_a,33114.47,0.2474,55.9,0,7179.83,2.3,0
sim-006015,12,group_a,46026.97,0.4555,51.3,3,10309.94,5.9,0
sim-006016,12,group_a,38651.06,0.1476,92.0,1,8707.51,11.8,0
sim-006017,12,group_b,48947.85,0.1054,81.1,1,4091.08,2.2,0
sim-006018,12,group_b,42343.4,0.4399,40.1,2,2604.67,5.2,1
sim-006019,12,group_b,35329.74,0.2029,71.7,0,15289.93,3.7,1
sim-006020,12,group_b,75817.05,0.1036,60.5,0,2435.31,6.6,0
sim-006021,12,group_b,53711.77,0.359,39.0,1,6312.93,6.9,0
sim-006022,12,group_a,45292.16,0.5944,54.0,5,6052.25,5.3,0
sim-006023,12,group_b,53362.22,0.2995,68.8,1,7222.14,1.8,1
sim-006024,12,group_b,29666.14,0.1969,35.1,0,7828.59,7.0,0
sim-006025,12,group_b,99449.39,0.2836,103.3,1,16055.07,5.3,0
sim-006026,12,group_a,25265.43,0.28,75.6,3,9584.43,0.9,0
sim-006027,12,group_a,41836.77,0.1496,54.9,0,15628.22,8.2,0
sim-006028,12,group_b,35372.89,0.0834,111.0,1,6537.74,10.1,0
sim-006029,12,group_a,34812.99,0.3459,122.5,0,7426.14,13.7,0
sim-006030,12,group_a,32965.35,0.0203,116.5,1,4483.35,5.3,0
sim-006031,12,group_a,28850.48,0.2585,45.5,1,6539.67,1.8,1
sim-006032,12,group_a,65716.4,0.4454,29.9,3,10108.51,7.7,1
sim-006033,12,group_a,24053.24,0.255,104.6,2,2925.87,4.8,0
sim-006034,12,group_b,60300.57,0.3083,41.6,0,9551.31,4.4,1
sim-006035,12,group_b,52385.54,0.3939,32.4,0,4228.57,14.1,0
sim-006036,12,group_b,33996.94,0.0764,52.5,1,5626.52,9.4,0
sim-006037,12,group_a,49895.95,0.5102,81.5,1,13584.16,10.5,0
sim-006038,12,group_a,37334.85,0.2141,33.0,2,4894.5,2.1,0
sim-006039,12,group_a,25123.96,0.2694,63.6,1,5354.14,7.1,0
sim-006040,12,group_a,25235.77,0.3611,45.5,1,11849.73,14.0,0
sim-006041,12,group_a,52537.66,0.4087,71.0,1,8575.43,7.6,0
sim-006042,12,group_b,51405.45,0.5323,64.3,2,3561.53,5.3,0
sim-006043,12,group_b,44163.1,0.1906,39.4,0,6807.54,10.9,0
sim-006044,12,group_a,33845.56,0.1419,56.2,0,6614.47,14.2,1
sim-006045,12,group_a,36828.19,0.2953,15.8,0,8038.5,4.9,0
sim-006046,12,group_a,34796.35,0.5886,63.2,2,8605.8,2.0,1
sim-006047,12,group_a,19154.32,0.3596,74.4,0,5882.1,4.9,1
sim-006048,12,group_a,40934.41,0.0725,76.3,0,37026.44,9.1,0
sim-006049,12,group_a,49683.64,0.0627,159.4,1,6755.72,3.9,0
sim-006050,12,group_a,41043.83,0.5551,120.4,3,9874.55,0.7,0
sim-006051,12,group_a,83871.63,0.4119,56.4,4,3042.45,6.3,0
sim-006052,12,group_b,26162.54,0.5125,100.0,3,5930.81,18.2,0
sim-006053,12,group_a,30222.33,0.4797,60.2,1,8210.03,0.8,0
sim-006054,12,group_a,42187.02,0.2764,70.5,3,4285.23,3.3,0
sim-006055,12,group_a,44195.67,0.1948,115.7,1,6570.91,3.2,0
sim-006056,12,group_a,17952.64,0.226,35.9,1,8994.97,8.3,0
sim-006057,12,group_a,51386.62,0.4724,52.0,0,4041.08,2.8,0
sim-006058,12,group_b,44280.21,0.1271,66.4,0,5792.01,3.8,0
sim-006059,12,group_b,16380.63,0.4098,63.5,3,8174.05,2.4,1
sim-006060,12,group_b,37986.35,0.5472,42.9,0,11205.21,6.6,0
sim-006061,12,group_a,28407.62,0.2955,39.4,1,11150.22,9.3,0
sim-006062,12,group_a,32978.27,0.2322,48.3,1,8094.13,1.8,0
sim-006063,12,group_a,22742.66,0.1843,36.7,0,7455.74,2.5,0
sim-006064,12,group_a,47514.93,0.458,40.6,2,16272.07,7.1,0
sim-006065,12,group_b,83612.31,0.3364,80.3,0,19302.81,6.0,0
sim-006066,12,group_a,44592.01,0.0995,79.9,1,19394.05,3.1,1
sim-006067,12,group_a,16107.8,0.2688,46.9,3,9006.7,8.3,0
sim-006068,12,group_a,44978.97,0.3108,69.1,1,7174.85,4.4,0
sim-006069,12,group_a,36763.17,0.1292,73.2,0,8442.09,4.0,0
sim-006070,12,group_b,25123.9,0.183,160.3,0,4690.98,6.8,0
sim-006071,12,group_a,46282.63,0.1235,30.5,2,5919.88,9.0,1
sim-006072,12,group_a,57728.21,0.1163,27.3,0,6977.98,14.6,0
sim-006073,12,group_a,30128.68,0.3062,77.6,2,9620.09,1.7,0
sim-006074,12,group_b,20002.89,0.2699,106.4,2,11884.47,4.7,0
sim-006075,12,group_a,17138.76,0.0282,67.1,0,16597.73,13.2,0
sim-006076,12,group_b,30164.24,0.3415,121.6,0,18568.96,4.1,0
sim-006077,12,group_a,37372.43,0.3559,93.0,1,6746.8,3.5,0
sim-006078,12,group_a,32121.4,0.0814,88.1,0,8804.06,9.4,0
sim-006079,12,group_b,29942.12,0.3156,64.8,0,15303.44,7.7,0
sim-006080,12,group_a,50641.05,0.8018,25.4,2,8837.14,3.5,1
sim-006081,12,group_a,48454.81,0.5013,63.6,1,4679.3,12.7,0
sim-006082,12,group_a,43383.27,0.2706,100.2,0,13401.88,6.7,0
sim-006083,12,group_a,56214.21,0.1409,89.9,3,6210.7,8.2,0
sim-006084,12,group_a,30283.28,0.258,89.7,1,4040.66,6.4,0
sim-006085,12,group_b,25192.08,0.1191,84.9,2,5424.85,4.0,0
sim-006086,12,group_a,32036.14,0.5646,69.4,4,10360.91,2.3,0
sim-006087,12,group_a,31121.46,0.1711,53.0,0,9105.51,3.5,1
sim-006088,12,group_a,16855.94,0.3605,67.0,1,6353.52,2.6,1
sim-006089,12,group_b,31725.03,0.2176,149.9,2,27708.94,3.2,0
sim-006090,12,group_a,63451.89,0.3182,64.0,1,4528.61,1.7,0
sim-006091,12,group_a,55846.29,0.4521,81.8,1,6002.65,11.8,0
sim-006092,12,group_b,49740.62,0.3137,82.8,0,7034.36,8.6,0
sim-006093,12,group_b,42162.21,0.4108,36.6,1,4114.67,12.6,0
sim-006094,12,group_b,73316.24,0.2859,165.0,1,6727.51,0.5,0
sim-006095,12,group_a,25558.61,0.5206,38.8,1,3671.43,4.3,0
sim-006096,12,group_a,26602.82,0.2852,70.3,0,11113.45,3.1,0
sim-006097,12,group_a,63972.21,0.2138,73.5,0,9041.75,16.3,0
sim-006098,12,group_b,40359.98,0.25,16.9,0,8957.96,7.8,0
sim-006099,12,group_a,30094.72,0.5574,31.6,2,15407.65,6.5,0
sim-006100,12,group_a,50302.41,0.5658,51.0,1,7948.06,2.6,1
sim-006101,12,group_a,33184.69,0.3957,106.7,0,3573.31,7.6,0
sim-006102,12,group_b,28063.9,0.091,18.4,0,6640.52,8.8,0
sim-006103,12,group_b,27737.82,0.2517,81.8,0,11942.05,0.9,1
sim-006104,12,group_a,45663.32,0.6985,46.2,1,5404.45,10.8,1
sim-006105,12,group_b,43496.79,0.5589,88.9,3,8681.69,2.9,1
sim-006106,12,group_b,75435.53,0.1063,73.1,0,5495.05,3.7,0
sim-006107,12,group_a,35318.51,0.2843,46.1,1,5312.64,3.1,0
sim-006108,12,group_a,35066.35,0.3692,51.5,0,8322.91,6.4,0
sim-006109,12,group_b,73031.5,0.2892,43.7,2,13665.04,5.6,0
sim-006110,12,group_a,60353.35,0.5861,101.8,1,6094.34,5.1,0
sim-006111,12,group_a,42398.03,0.1695,35.1,0,15438.8,1.1,0
sim-006112,12,group_a,20710.06,0.2993,26.9,1,7525.6,2.5,0
sim-006113,12,group_b,28368.11,0.2084,87.3,1,6402.5,6.9,0
sim-006114,12,group_a,25623.88,0.2368,81.6,0,5165.76,6.6,0
sim-006115,12,group_b,40510.23,0.3763,48.4,1,8415.25,7.1,1
sim-006116,12,group_a,32224.96,0.5653,55.7,2,8266.9,1.2,1
sim-006117,12,group_a,78215.26,0.2881,148.6,1,6631.81,5.6,0
sim-006118,12,group_b,20619.58,0.4624,132.8,2,4886.36,11.0,0
sim-006119,12,group_a,24495.32,0.1192,53.4,1,2698.62,3.3,0
sim-006120,12,group_a,44211.67,0.065,159.6,0,6881.37,2.6,1
sim-006121,12,group_a,49662.39,0.1027,66.7,1,7987.41,0.8,1
sim-006122,12,group_b,13458.99,0.1477,82.3,1,16552.6,8.9,1
sim-006123,12,group_a,19247.33,0.2294,94.8,0,8184.58,3.9,0
sim-006124,12,group_a,35713.59,0.0728,112.3,0,13848.83,8.2,0
sim-006125,12,group_a,70512.01,0.4764,82.9,2,5910.35,0.9,0
sim-006126,12,group_a,88155.68,0.3196,46.8,0,5025.3,5.3,0
sim-006127,12,group_a,33520.45,0.1008,22.0,2,1703.36,10.3,0
sim-006128,12,group_a,37135.49,0.7104,117.8,2,6882.65,5.4,0
sim-006129,12,group_a,28071.68,0.4437,32.5,1,13576.62,6.5,0
sim-006130,12,group_a,52049.3,0.1671,38.4,0,2779.74,2.7,1
sim-006131,12,group_b,75809.77,0.5076,87.1,0,7701.27,2.8,0
sim-006132,12,group_b,67611.19,0.3307,55.3,0,11389.5,8.9,0
sim-006133,12,group_a,39411.77,0.0852,75.4,0,4439.24,5.7,0
sim-006134,12,group_a,28052.04,0.4323,76.5,3,10566.35,7.0,1
sim-006135,12,group_a,40032.33,0.5167,54.2,1,5576.47,13.2,1
sim-006136,12,group_b,71248.6,0.0702,41.2,0,18424.45,13.5,0
sim-006137,12,group_a,33717.86,0.205,106.0,1,4449.82,6.5,0
sim-006138,12,group_a,18611.22,0.2453,91.6,2,12875.15,1.5,1
sim-006139,12,group_a,34296.42,0.4207,60.7,1,2757.32,5.6,0
sim-006140,12,group_a,35483.01,0.0161,21.6,1,12595.3,3.8,1
sim-006141,12,group_a,18565.4,0.5272,53.8,2,7248.89,4.3,1
sim-006142,12,group_a,43978.48,0.0982,56.3,1,9940.17,5.2,0
sim-006143,12,group_b,49341.56,0.2165,125.3,0,3616.82,11.4,0
sim-006144,12,group_b,87129.86,0.5776,133.7,3,6424.8,5.7,1
sim-006145,12,group_b,22797.4,0.4198,72.9,2,11743.61,13.3,0
sim-006146,12,group_b,54220.75,0.1753,76.1,1,7708.16,2.0,0
sim-006147,12,group_a,59878.4,0.6732,33.8,2,5641.0,6.1,0
sim-006148,12,group_b,49624.54,0.6835,90.1,1,16490.55,5.7,1
sim-006149,12,group_b,26137.94,0.1981,20.3,1,8246.77,8.1,0
sim-006150,12,group_b,25507.58,0.2555,42.8,1,12266.74,4.0,1
sim-006151,12,group_b,41557.06,0.439,51.7,3,3773.79,3.9,0
sim-006152,12,group_a,41434.73,0.4124,75.2,2,7078.09,2.0,0
sim-006153,12,group_a,31540.82,0.2192,32.1,0,5340.99,11.5,0
sim-006154,12,group_a,68630.17,0.1437,67.9,1,6169.61,2.4,0
sim-006155,12,group_a,33714.54,0.1096,30.7,0,25630.04,8.3,0
sim-006156,12,group_a,18009.34,0.262,134.4,0,11889.79,4.9,1
sim-006157,12,group_a,36311.74,0.1411,46.1,0,7695.98,1.6,0
sim-006158,12,group_a,48811.19,0.0595,90.2,1,6818.67,3.6,0
sim-006159,12,group_b,46056.48,0.4931,57.5,0,3983.4,5.6,0
sim-006160,12,group_b,45907.03,0.113,53.1,1,4586.25,13.5,0
sim-006161,12,group_a,74717.93,0.2098,91.5,0,11222.25,7.6,0
sim-006162,12,group_a,24978.93,0.2241,45.8,1,7256.28,18.8,1
sim-006163,12,group_a,33391.03,0.3775,48.5,1,6384.32,12.3,0
sim-006164,12,group_b,76337.74,0.195,55.9,0,2428.68,12.5,0
sim-006165,12,group_b,17460.79,0.4736,70.7,0,7251.69,4.5,1
sim-006166,12,group_b,39005.13,0.3054,56.3,0,30120.41,2.0,1
sim-006167,12,group_a,66846.01,0.2819,47.0,0,11070.14,1.0,0
sim-006168,12,group_a,66428.86,0.4588,49.6,1,6387.77,9.2,0
sim-006169,12,group_b,52640.91,0.409,65.3,1,8831.46,3.4,0
sim-006170,12,group_b,53203.77,0.3806,55.0,5,5801.32,2.2,1
sim-006171,12,group_a,25764.95,0.3473,158.6,2,20401.34,3.6,0
sim-006172,12,group_a,71021.25,0.6779,63.9,3,12855.13,12.7,1
sim-006173,12,group_a,24100.17,0.1961,66.2,1,9253.25,12.3,0
sim-006174,12,group_a,24711.56,0.7504,64.2,2,5796.67,3.5,1
sim-006175,12,group_b,46953.22,0.0504,64.0,0,11550.07,4.9,0
sim-006176,12,group_b,32433.07,0.1565,40.3,0,10085.47,6.4,0
sim-006177,12,group_a,43512.9,0.1772,68.2,0,10614.23,1.8,0
sim-006178,12,group_a,47806.75,0.1979,84.6,1,10720.26,9.1,0
sim-006179,12,group_a,84187.87,0.4528,38.7,1,7739.47,4.7,0
sim-006180,12,group_a,47866.17,0.6033,66.6,0,3574.82,8.9,1
sim-006181,12,group_a,30767.54,0.6211,96.7,3,8664.05,3.9,1
sim-006182,12,group_b,53004.12,0.5287,45.0,1,6259.35,6.4,0
sim-006183,12,group_b,28132.01,0.4095,54.9,0,4116.9,11.5,1
sim-006184,12,group_a,58543.5,0.3034,86.4,2,3329.2,2.9,1
sim-006185,12,group_b,40992.47,0.4457,90.5,0,7234.25,7.3,0
sim-006186,12,group_b,47203.74,0.1018,60.1,0,4301.47,5.1,0
sim-006187,12,group_a,18885.04,0.522,100.2,4,3404.16,4.9,1
sim-006188,12,group_b,15501.42,0.1963,24.4,0,12655.04,2.5,0
sim-006189,12,group_b,21234.91,0.1941,38.1,1,14182.31,4.5,0
sim-006190,12,group_b,83052.13,0.2948,37.8,1,11936.89,13.0,0
sim-006191,12,group_a,24631.34,0.3618,27.6,1,14460.63,8.8,1
sim-006192,12,group_a,54261.49,0.126,50.4,2,4292.79,8.0,0
sim-006193,12,group_a,30466.98,0.6797,64.3,3,7403.87,6.6,1
sim-006194,12,group_a,36068.94,0.1366,76.8,0,8077.47,3.3,0
sim-006195,12,group_a,39152.42,0.4054,32.8,2,9642.95,3.7,0
sim-006196,12,group_b,79569.56,0.2942,52.2,0,8356.6,2.9,0
sim-006197,12,group_a,50995.48,0.2856,50.9,1,3544.47,3.4,0
sim-006198,12,group_a,46897.23,0.2383,126.9,2,5939.7,1.7,0
sim-006199,12,group_b,68776.22,0.3174,54.3,1,8442.3,9.1,1
sim-006200,12,group_a,30578.65,0.1056,101.7,3,6532.8,5.8,0
sim-006201,12,group_a,62486.39,0.1468,77.8,0,11304.92,3.5,0
sim-006202,12,group_a,58252.78,0.1196,112.8,1,10110.05,6.6,0
sim-006203,12,group_a,57974.45,0.2461,86.9,2,19323.04,5.5,0
sim-006204,12,group_a,37380.07,0.4754,68.8,3,10631.21,5.0,0
sim-006205,12,group_b,33200.75,0.3622,48.7,1,14639.01,17.8,1
sim-006206,12,group_a,27685.78,0.4308,67.3,2,5488.16,1.9,0
sim-006207,12,group_a,28423.84,0.5074,82.1,2,16941.48,5.0,0
sim-006208,12,group_a,27142.46,0.076,71.1,0,15403.5,6.4,0
sim-006209,12,group_b,46540.4,0.2962,62.7,4,7172.62,12.1,1
sim-006210,12,group_a,36246.52,0.1706,132.7,0,6581.88,4.2,0
sim-006211,12,group_b,47819.47,0.1986,29.9,0,6986.66,2.5,0
sim-006212,12,group_a,48967.42,0.2073,42.7,0,3711.15,6.0,0
sim-006213,12,group_b,25563.03,0.2713,72.6,2,5117.03,8.5,0
sim-006214,12,group_a,25242.82,0.261,35.1,1,10354.95,5.8,1
sim-006215,12,group_a,36241.59,0.4419,60.4,1,14899.82,4.7,0
sim-006216,12,group_a,28809.18,0.3351,100.6,0,12363.66,7.8,0
sim-006217,12,group_b,27562.93,0.2349,36.8,3,4939.58,12.6,0
sim-006218,12,group_a,81323.36,0.2193,53.8,0,14835.19,5.8,0
sim-006219,12,group_a,20952.03,0.3404,42.8,0,13275.48,5.8,1
sim-006220,12,group_a,93310.42,0.1986,37.8,2,9259.38,8.3,0
sim-006221,12,group_a,45040.98,0.4295,48.1,0,15305.98,15.8,0
sim-006222,12,group_a,60368.34,0.4034,71.2,0,26912.31,4.8,0
sim-006223,12,group_a,57451.69,0.5913,50.7,3,7319.08,9.8,1
sim-006224,12,group_a,51695.34,0.1657,74.2,1,6730.88,1.7,0
sim-006225,12,group_a,80175.19,0.1311,69.3,2,6155.9,7.0,0
sim-006226,12,group_a,25320.89,0.4066,91.4,1,6700.65,2.7,1
sim-006227,12,group_a,37358.7,0.0757,78.3,0,12398.95,1.9,0
sim-006228,12,group_a,27883.89,0.1755,40.4,2,3835.55,4.3,0
sim-006229,12,group_a,19567.92,0.4943,63.8,1,3818.08,10.2,0
sim-006230,12,group_b,30220.59,0.3441,44.8,2,9970.23,2.1,0
sim-006231,12,group_a,87594.2,0.042,116.6,2,7447.19,4.4,0
sim-006232,12,group_b,37091.53,0.1958,133.5,0,13941.75,5.3,0
sim-006233,12,group_a,91773.29,0.2687,44.7,1,4070.15,5.1,1
sim-006234,12,group_a,95802.82,0.3309,143.5,0,6483.21,1.3,0
sim-006235,12,group_a,140358.45,0.3517,93.9,2,7265.81,5.9,1
sim-006236,12,group_a,88814.67,0.4536,64.6,2,11601.55,1.6,1
sim-006237,12,group_b,107410.73,0.2045,175.2,0,7548.81,4.4,0
sim-006238,12,group_b,45732.77,0.2613,65.4,0,5293.8,5.7,0
sim-006239,12,group_a,43910.02,0.1595,25.8,1,9928.84,3.0,0
sim-006240,12,group_b,45153.93,0.2442,48.2,0,8127.92,5.4,0
sim-006241,12,group_a,39895.79,0.4442,50.7,1,6258.35,5.7,1
sim-006242,12,group_a,42482.97,0.3524,96.8,1,4311.73,5.5,1
sim-006243,12,group_b,54716.29,0.1333,17.6,1,12946.05,3.6,0
sim-006244,12,group_a,32805.67,0.2785,86.8,1,6905.54,5.6,1
sim-006245,12,group_a,22368.25,0.2569,85.8,2,8072.76,2.8,0
sim-006246,12,group_b,46477.33,0.5581,77.8,2,10785.41,2.1,0
sim-006247,12,group_b,29822.61,0.2537,75.1,1,4976.63,2.1,0
sim-006248,12,group_b,31147.99,0.5277,127.6,0,11117.36,14.9,0
sim-006249,12,group_a,37573.1,0.1965,119.2,1,11677.75,3.1,0
sim-006250,12,group_b,34122.08,0.4179,87.7,3,5662.74,1.5,1
sim-006251,12,group_a,63590.4,0.3685,77.8,2,6481.23,4.8,1
sim-006252,12,group_a,37196.45,0.0751,21.9,2,5334.1,5.6,0
sim-006253,12,group_a,64951.03,0.3123,41.2,2,7016.09,3.0,1
sim-006254,12,group_b,43500.46,0.2791,61.7,0,10710.32,4.8,0
sim-006255,12,group_b,38438.61,0.3341,31.5,1,4210.1,1.4,1
sim-006256,12,group_b,42635.93,0.3258,50.7,0,8102.03,1.3,1
sim-006257,12,group_a,23190.91,0.1162,98.7,1,9098.15,2.5,0
sim-006258,12,group_a,45981.41,0.1694,53.0,2,10296.99,11.3,0
sim-006259,12,group_a,56991.62,0.4751,72.4,1,4365.02,3.2,0
sim-006260,12,group_b,60485.39,0.1309,79.7,1,6077.18,6.3,0
sim-006261,12,group_a,22608.63,0.7038,83.9,1,7774.15,6.1,1
sim-006262,12,group_a,21078.91,0.3598,88.3,3,5419.06,3.5,0
sim-006263,12,group_b,31841.83,0.4635,88.4,2,3649.48,7.0,0
sim-006264,12,group_a,71364.67,0.3461,20.3,0,14435.16,12.3,1
sim-006265,12,group_b,43774.63,0.4476,103.6,1,6836.05,4.4,0
sim-006266,12,group_a,28814.33,0.3045,74.2,1,7066.35,4.7,0
sim-006267,12,group_b,21671.76,0.2588,57.0,0,8217.51,6.6,0
sim-006268,12,group_a,29933.23,0.1514,52.2,1,15235.19,7.7,0
sim-006269,12,group_a,29095.78,0.5421,15.8,1,12693.74,7.5,0
sim-006270,12,group_a,59098.42,0.156,34.9,2,9519.35,12.5,0
sim-006271,12,group_a,61039.02,0.1707,35.5,1,3277.71,3.5,0
sim-006272,12,group_b,25669.05,0.5201,35.8,1,18997.44,6.1,1
sim-006273,12,group_a,54738.89,0.5351,23.9,2,8079.36,2.8,1
sim-006274,12,group_a,52434.39,0.13,86.2,0,2993.13,4.4,0
sim-006275,12,group_b,24307.35,0.1406,64.4,1,12651.69,5.8,0
sim-006276,12,group_a,38514.73,0.348,66.0,2,4916.47,3.2,0
sim-006277,12,group_b,46034.41,0.0965,114.9,1,5603.3,6.7,0
sim-006278,12,group_b,42725.83,0.479,25.0,1,5344.43,8.3,0
sim-006279,12,group_a,19449.42,0.0755,110.9,1,2280.7,2.3,0
sim-006280,12,group_b,42154.5,0.5066,54.3,1,6698.03,7.0,0
sim-006281,12,group_a,52116.21,0.371,92.4,1,13167.32,2.6,1
sim-006282,12,group_a,77453.23,0.2707,17.7,0,7910.34,4.0,0
sim-006283,12,group_a,30124.91,0.367,108.6,0,6170.39,8.1,1
sim-006284,12,group_b,31726.57,0.1723,31.0,2,5816.34,5.7,0
sim-006285,12,group_a,36544.13,0.1259,58.3,2,6615.69,4.9,0
sim-006286,12,group_a,45085.26,0.3996,114.8,0,4374.03,1.5,1
sim-006287,12,group_b,41553.93,0.2057,79.2,1,10016.89,13.6,0
sim-006288,12,group_a,51421.38,0.2986,59.1,0,12176.45,4.1,0
sim-006289,12,group_b,24870.1,0.1455,91.8,1,12558.7,3.6,1
sim-006290,12,group_b,47130.64,0.3182,53.9,1,11407.02,2.7,0
sim-006291,12,group_b,29210.09,0.4174,102.5,1,10230.18,10.7,0
sim-006292,12,group_b,37563.94,0.3029,68.0,2,6914.98,7.9,0
sim-006293,12,group_b,81745.47,0.1175,19.3,0,10697.88,8.4,0
sim-006294,12,group_a,22175.38,0.1756,55.2,3,9379.68,1.9,0
sim-006295,12,group_b,35476.42,0.3107,72.4,0,3684.73,6.3,0
sim-006296,12,group_b,23356.92,0.2981,82.7,1,6146.69,4.3,0
sim-006297,12,group_b,42543.76,0.3189,96.7,2,9990.37,5.6,0
sim-006298,12,group_a,61960.84,0.2224,53.5,1,9364.88,6.0,0
sim-006299,12,group_b,42841.18,0.258,74.4,0,5888.22,4.3,0
sim-006300,12,group_a,37986.24,0.2522,45.1,0,7015.28,13.2,0
sim-006301,12,group_a,69698.14,0.4759,146.1,4,6798.86,10.6,1
sim-006302,12,group_a,45835.36,0.1725,89.7,4,8228.5,4.6,1
sim-006303,12,group_a,56286.94,0.6236,95.7,1,13240.26,8.7,0
sim-006304,12,group_b,53874.26,0.2559,120.3,1,18714.11,0.3,0
sim-006305,12,group_a,11920.07,0.0827,68.0,0,9944.34,2.4,0
sim-006306,12,group_b,38630.57,0.0511,117.4,0,2732.25,1.4,0
sim-006307,12,group_b,25367.11,0.6356,87.0,1,4909.86,6.9,1
sim-006308,12,group_a,28160.82,0.7818,88.3,3,7803.01,2.2,1
sim-006309,12,group_b,74111.51,0.0686,53.8,0,15368.05,1.2,0
sim-006310,12,group_a,34083.94,0.0906,103.2,0,16667.62,5.5,0
sim-006311,12,group_b,88333.85,0.3727,78.9,4,15137.54,8.1,0
sim-006312,12,group_b,22087.58,0.2087,56.7,0,6154.44,3.1,0
sim-006313,12,group_a,25307.56,0.4541,21.1,2,7159.41,5.3,1
sim-006314,12,group_b,54950.46,0.7222,71.3,2,13244.87,4.8,1
sim-006315,12,group_a,34565.94,0.5893,56.2,3,2544.25,7.0,1
sim-006316,12,group_a,45391.38,0.4717,58.4,2,5854.64,9.5,1
sim-006317,12,group_b,38056.65,0.1359,68.0,0,17539.02,3.5,1
sim-006318,12,group_a,37575.89,0.0883,95.2,0,9832.85,2.9,0
sim-006319,12,group_b,35109.28,0.2433,121.4,1,7722.91,7.9,1
sim-006320,12,group_a,43018.57,0.5317,105.9,4,9131.32,6.8,0
sim-006321,12,group_a,52233.96,0.2349,81.6,1,22614.49,4.5,0
sim-006322,12,group_b,78594.52,0.2434,83.5,0,9881.23,6.7,1
sim-006323,12,group_a,36641.79,0.175,63.1,1,13090.71,4.4,0
sim-006324,12,group_b,33815.41,0.3976,124.8,2,13959.76,2.6,0
sim-006325,12,group_a,32034.42,0.3526,41.6,0,31739.72,21.6,1
sim-006326,12,group_b,73962.18,0.4997,34.8,1,8059.11,2.6,1
sim-006327,12,group_a,53313.05,0.1031,54.5,3,10179.86,7.8,0
sim-006328,12,group_a,17969.05,0.5203,27.6,1,11680.63,3.3,1
sim-006329,12,group_a,17639.38,0.2108,76.9,1,5033.31,3.9,0
sim-006330,12,group_a,28152.06,0.4228,201.9,1,19882.57,3.6,0
sim-006331,12,group_b,43943.55,0.1303,140.9,1,7081.54,2.8,0
sim-006332,12,group_a,39337.85,0.4352,78.2,1,5172.17,2.3,0
sim-006333,12,group_a,49523.72,0.0962,32.2,0,9249.03,7.4,0
sim-006334,12,group_b,37060.75,0.2618,98.1,1,4211.72,4.2,1
sim-006335,12,group_a,71748.04,0.3369,120.5,1,6788.52,8.6,0
sim-006336,12,group_a,55176.19,0.2331,49.1,1,9883.62,5.3,0
sim-006337,12,group_a,41216.02,0.0636,73.3,1,3496.65,5.5,0
sim-006338,12,group_a,64540.14,0.5247,20.4,1,8991.59,8.7,0
sim-006339,12,group_b,19959.48,0.1632,81.9,1,4480.89,4.4,1
sim-006340,12,group_b,38494.42,0.3385,61.6,1,8690.54,2.6,0
sim-006341,12,group_b,42266.71,0.3614,40.2,0,8928.1,9.1,0
sim-006342,12,group_b,51372.35,0.3753,56.4,0,7970.14,2.7,0
sim-006343,12,group_a,19411.68,0.3433,47.1,1,7929.12,3.3,1
sim-006344,12,group_a,35761.57,0.2462,55.4,0,14890.9,4.6,0
sim-006345,12,group_b,47202.09,0.1649,62.3,0,3027.27,11.2,0
sim-006346,12,group_b,48747.45,0.539,42.3,2,7561.54,2.7,1
sim-006347,12,group_b,65655.36,0.1628,91.7,0,10726.43,4.3,0
sim-006348,12,group_a,54930.95,0.2398,91.4,2,19853.62,2.5,0
sim-006349,12,group_b,38888.14,0.2308,38.6,2,6077.26,1.4,0
sim-006350,12,group_b,52970.42,0.2301,164.0,0,8139.23,30.6,0
sim-006351,12,group_b,36659.48,0.2157,41.4,0,16601.64,7.4,0
sim-006352,12,group_b,42431.45,0.261,77.3,0,7370.53,4.6,0
sim-006353,12,group_a,55704.54,0.0813,31.3,2,13898.08,8.8,0
sim-006354,12,group_a,39142.87,0.4149,33.9,3,12461.99,9.9,0
sim-006355,12,group_a,46445.54,0.2128,100.6,1,15996.32,4.8,0
sim-006356,12,group_a,59739.56,0.2726,126.8,0,6006.16,6.7,0
sim-006357,12,group_b,53804.33,0.1099,132.1,2,6203.96,13.1,0
sim-006358,12,group_a,66973.89,0.1402,112.8,2,3381.16,5.4,0
sim-006359,12,group_a,106079.94,0.2539,46.9,0,6118.45,4.2,0
sim-006360,12,group_a,53596.0,0.046,106.5,1,9370.5,4.9,1
sim-006361,12,group_b,32868.08,0.4859,37.1,1,14689.46,10.2,0
sim-006362,12,group_a,49462.28,0.4944,67.4,1,9217.96,2.3,0
sim-006363,12,group_a,48576.92,0.33,91.0,0,10433.35,2.7,0
sim-006364,12,group_b,51620.52,0.4416,67.0,0,4919.84,4.3,0
sim-006365,12,group_a,74750.17,0.1558,94.7,1,2943.48,11.1,0
sim-006366,12,group_a,19666.52,0.1492,143.3,0,15334.88,3.2,1
sim-006367,12,group_a,75343.43,0.0985,47.3,0,11377.76,10.6,0
sim-006368,12,group_a,86783.79,0.0868,138.7,0,12659.95,2.5,0
sim-006369,12,group_b,50644.69,0.2586,94.3,1,3720.04,8.5,0
sim-006370,12,group_b,51159.15,0.1895,132.1,0,5690.97,2.2,0
sim-006371,12,group_a,36044.49,0.2213,111.9,4,5089.71,3.1,1
sim-006372,12,group_b,40000.85,0.2615,145.5,1,6729.07,3.4,0
sim-006373,12,group_b,53484.11,0.0981,122.4,0,11250.56,6.6,0
sim-006374,12,group_a,52056.87,0.3788,85.9,1,12654.26,11.6,0
sim-006375,12,group_a,53997.77,0.2012,95.7,0,10961.12,2.1,0
sim-006376,12,group_a,51906.58,0.1508,67.5,3,5801.84,10.4,0
sim-006377,12,group_b,58181.56,0.1996,88.5,0,7818.13,8.1,0
sim-006378,12,group_a,55514.11,0.3625,95.3,0,10075.04,3.1,1
sim-006379,12,group_a,25946.02,0.5372,84.5,1,4282.81,4.4,1
sim-006380,12,group_b,56588.02,0.3095,41.6,1,6521.79,3.6,0
sim-006381,12,group_b,87082.08,0.3339,66.3,0,7672.34,6.0,1
sim-006382,12,group_b,39451.08,0.0753,20.9,2,9229.18,7.8,0
sim-006383,12,group_b,74890.44,0.5671,21.8,1,9816.99,2.9,0
sim-006384,12,group_a,27139.24,0.3854,48.5,0,3612.36,1.5,1
sim-006385,12,group_b,39399.16,0.367,33.8,0,4245.71,2.3,1
sim-006386,12,group_a,30476.57,0.1787,124.4,1,4369.7,4.6,0
sim-006387,12,group_a,71201.77,0.1431,79.4,1,11638.72,1.7,1
sim-006388,12,group_b,79459.29,0.2462,167.6,3,5086.54,4.2,1
sim-006389,12,group_a,38266.79,0.1375,69.0,1,5885.18,1.2,0
sim-006390,12,group_a,65241.16,0.224,82.2,1,3411.58,4.2,0
sim-006391,12,group_b,79798.76,0.351,112.3,1,11434.76,12.9,0
sim-006392,12,group_a,39346.96,0.0462,120.4,1,7840.5,5.4,0
sim-006393,12,group_a,42129.17,0.2464,79.9,4,20718.53,5.8,0
sim-006394,12,group_b,54291.26,0.1089,31.5,0,1921.81,6.9,0
sim-006395,12,group_b,28004.88,0.2756,102.8,1,4122.96,4.5,1
sim-006396,12,group_b,41782.84,0.1185,30.9,0,9815.38,9.6,0
sim-006397,12,group_a,98122.36,0.6371,78.7,3,19725.65,8.3,0
sim-006398,12,group_a,32337.87,0.0175,33.5,0,4271.35,8.8,0
sim-006399,12,group_b,57102.72,0.3933,55.3,2,2910.16,2.5,0
sim-006400,12,group_a,49711.81,0.3413,57.2,0,7693.11,2.9,0
sim-006401,12,group_a,37242.96,0.2457,17.6,4,5623.46,11.3,0
sim-006402,12,group_a,43787.13,0.2544,168.0,3,9191.08,15.2,0
sim-006403,12,group_a,83291.38,0.4404,56.8,2,18991.45,4.6,1
sim-006404,12,group_a,50337.76,0.3696,27.5,0,6182.29,9.6,0
sim-006405,12,group_b,53751.34,0.0645,42.4,0,7100.07,2.4,1
sim-006406,12,group_b,78148.19,0.2137,80.4,0,6912.92,6.4,1
sim-006407,12,group_a,35328.58,0.4902,38.5,0,10652.14,2.1,0
sim-006408,12,group_b,25701.27,0.3432,66.2,2,7596.75,11.0,0
sim-006409,12,group_a,83843.39,0.1725,11.7,1,5024.1,7.0,0
sim-006410,12,group_a,42249.13,0.3359,176.8,1,13751.62,5.5,1
sim-006411,12,group_b,58064.65,0.2762,104.3,1,4106.33,5.3,0
sim-006412,12,group_a,28964.37,0.0677,36.3,0,6376.45,10.3,0
sim-006413,12,group_b,46966.09,0.2922,130.1,1,7029.04,4.0,0
sim-006414,12,group_a,25166.98,0.1505,61.8,2,3994.04,5.1,0
sim-006415,12,group_a,40977.19,0.5291,86.8,0,13987.38,4.0,0
sim-006416,12,group_a,30390.1,0.4939,77.0,2,5776.05,3.7,0
sim-006417,12,group_a,27594.87,0.1763,85.9,3,4853.57,3.3,0
sim-006418,12,group_b,35125.71,0.3507,60.7,1,17150.44,2.9,1
sim-006419,12,group_b,15226.25,0.4459,58.6,1,9035.56,11.4,1
sim-006420,12,group_a,24510.11,0.3127,73.3,0,5662.11,7.2,1
sim-006421,12,group_a,55415.46,0.4936,51.5,0,7544.58,2.9,1
sim-006422,12,group_b,46166.97,0.5621,105.2,2,8635.46,5.1,0
sim-006423,12,group_b,25408.56,0.3681,64.8,2,8453.16,6.9,1
sim-006424,12,group_a,50216.9,0.1701,137.1,1,9688.48,14.9,0
sim-006425,12,group_a,27588.4,0.1425,92.0,1,8454.55,7.9,0
sim-006426,12,group_a,54026.22,0.1584,60.5,0,18769.05,6.3,0
sim-006427,12,group_a,38003.43,0.0917,104.0,0,9826.34,2.1,0
sim-006428,12,group_a,34802.63,0.6733,31.2,1,9902.59,8.6,0
sim-006429,12,group_a,38397.72,0.291,45.6,1,4671.25,8.5,1
sim-006430,12,group_a,116891.56,0.5713,102.2,1,8025.69,3.2,1
sim-006431,12,group_a,29007.32,0.3241,57.8,0,3882.75,6.0,0
sim-006432,12,group_a,43877.4,0.1672,73.2,1,11551.02,3.5,0
sim-006433,12,group_b,55391.14,0.1749,58.3,0,9022.19,10.9,0
sim-006434,12,group_b,26629.81,0.0367,81.3,1,8825.83,9.8,0
sim-006435,12,group_a,20422.89,0.4163,74.1,2,12787.16,8.5,0
sim-006436,12,group_a,30993.69,0.4357,38.6,1,14932.05,0.6,0
sim-006437,12,group_a,54883.86,0.4913,135.4,0,3493.87,6.1,0
sim-006438,12,group_b,34556.76,0.334,109.5,0,6322.09,3.8,0
sim-006439,12,group_a,36204.38,0.2029,20.2,2,8483.71,4.5,0
sim-006440,12,group_a,58484.86,0.3555,24.4,1,4593.9,4.6,0
sim-006441,12,group_b,28433.86,0.3647,20.8,1,10259.79,6.3,0
sim-006442,12,group_b,38434.96,0.1289,43.4,1,11063.27,11.2,0
sim-006443,12,group_b,21124.46,0.2402,100.7,1,6691.93,7.1,0
sim-006444,12,group_a,45647.4,0.3543,65.0,2,11311.4,20.5,0
sim-006445,12,group_a,43931.77,0.6685,53.3,2,8025.24,7.0,1
sim-006446,12,group_b,55721.72,0.3112,23.6,0,4806.99,2.2,0
sim-006447,12,group_a,24661.35,0.254,77.0,0,7480.98,2.5,0
sim-006448,12,group_b,36805.67,0.4826,80.9,0,3687.4,1.2,0
sim-006449,12,group_b,23319.44,0.7017,60.7,1,8026.98,9.8,1
sim-006450,12,group_a,35977.0,0.4665,111.7,0,11197.04,4.2,0
sim-006451,12,group_a,74336.03,0.3329,112.1,0,11193.56,4.8,0
sim-006452,12,group_a,34866.57,0.5381,45.8,2,7139.97,3.8,0
sim-006453,12,group_a,22478.48,0.4523,56.7,4,7045.29,30.4,0
sim-006454,12,group_b,29984.95,0.1497,114.2,2,12516.85,1.3,1
sim-006455,12,group_b,20280.2,0.1958,59.0,1,5814.81,2.2,0
sim-006456,12,group_a,23150.59,0.3228,47.7,0,5026.53,8.8,0
sim-006457,12,group_b,52881.8,0.1169,76.2,0,18233.32,2.5,0
sim-006458,12,group_a,21732.43,0.3805,109.6,0,5860.08,4.4,0
sim-006459,12,group_b,45486.83,0.3883,77.2,1,4502.52,9.3,1
sim-006460,12,group_a,40328.43,0.3338,45.6,0,9961.89,1.1,0
sim-006461,12,group_b,31912.66,0.3845,51.7,1,4880.89,6.2,0
sim-006462,12,group_b,43891.98,0.4773,86.2,3,13795.53,19.5,0
sim-006463,12,group_a,26908.09,0.2536,59.5,0,6392.11,6.2,0
sim-006464,12,group_a,56792.22,0.4273,105.1,3,6605.18,8.5,1
sim-006465,12,group_b,29753.35,0.1691,57.9,2,10173.17,6.8,0
sim-006466,12,group_a,33918.84,0.3875,61.1,1,18390.29,15.6,1
sim-006467,12,group_b,32265.46,0.3367,65.9,2,9581.99,2.0,0
sim-006468,12,group_b,53293.99,0.5247,63.8,0,9355.44,1.3,0
sim-006469,12,group_b,50144.62,0.2765,32.3,2,8006.29,3.0,0
sim-006470,12,group_a,13265.02,0.1822,88.8,1,21203.92,6.1,0
sim-006471,12,group_b,44390.56,0.1113,126.7,0,10481.27,7.1,0
sim-006472,12,group_b,19173.24,0.3126,80.5,1,4904.44,1.5,0
sim-006473,12,group_a,34566.66,0.4642,85.6,1,4462.24,5.0,0
sim-006474,12,group_a,38122.77,0.5037,52.3,0,10596.83,8.6,1
sim-006475,12,group_a,34411.14,0.1123,78.7,1,9717.26,1.9,1
sim-006476,12,group_b,49234.21,0.3561,122.7,1,7106.04,20.9,0
sim-006477,12,group_a,53983.42,0.5959,66.4,0,3919.48,1.6,0
sim-006478,12,group_a,28829.21,0.3062,96.7,2,9426.63,5.5,1
sim-006479,12,group_a,28392.64,0.3622,91.9,2,5960.45,1.9,0
sim-006480,12,group_b,39296.58,0.3673,104.6,3,5326.19,14.9,0
sim-006481,12,group_a,20860.91,0.303,81.6,2,13540.37,5.0,0
sim-006482,12,group_b,32652.26,0.0426,81.1,1,6794.73,12.9,0
sim-006483,12,group_b,70276.5,0.5732,103.3,4,5674.46,6.9,0
sim-006484,12,group_b,21191.46,0.2432,97.7,0,7733.55,8.5,0
sim-006485,12,group_b,34584.15,0.1716,59.7,0,7157.84,8.7,0
sim-006486,12,group_a,31108.42,0.2702,74.7,2,11116.39,10.1,0
sim-006487,12,group_b,92615.57,0.2018,22.1,1,7553.29,3.1,0
sim-006488,12,group_a,31827.89,0.3711,59.4,2,6854.53,10.5,0
sim-006489,12,group_b,32613.43,0.3088,64.2,1,15708.1,4.1,0
sim-006490,12,group_a,25876.2,0.467,59.4,2,10178.57,3.5,0
sim-006491,12,group_b,40051.25,0.4808,62.7,2,12248.61,5.7,1
sim-006492,12,group_b,44688.44,0.2683,73.4,1,12215.98,2.9,0
sim-006493,12,group_a,27500.4,0.208,90.4,0,6788.37,6.9,0
sim-006494,12,group_b,60431.37,0.2701,79.0,1,7818.42,7.8,0
sim-006495,12,group_a,44705.27,0.2819,68.4,1,8260.43,10.8,0
sim-006496,12,group_a,57056.52,0.0603,50.8,1,19383.07,5.1,0
sim-006497,12,group_a,34758.63,0.0556,47.7,0,3384.38,5.6,0
sim-006498,12,group_a,44184.86,0.274,63.0,1,7521.85,9.2,0
sim-006499,12,group_b,36479.27,0.1489,26.9,0,8773.24,5.6,0
sim-006500,13,group_b,74475.56,0.1535,46.3,2,4226.68,1.9,0
sim-006501,13,group_a,42396.92,0.6227,139.4,1,3379.13,4.0,1
sim-006502,13,group_a,40525.09,0.0997,37.8,3,5998.65,6.0,0
sim-006503,13,group_b,33307.52,0.2662,31.7,1,9494.41,9.2,1
sim-006504,13,group_b,32509.75,0.0989,86.9,1,11731.97,9.3,0
sim-006505,13,group_a,44615.8,0.5323,96.2,0,14895.21,3.8,0
sim-006506,13,group_b,56966.96,0.4496,56.9,0,9656.41,8.6,0
sim-006507,13,group_a,30287.36,0.2589,58.1,0,6341.3,4.3,1
sim-006508,13,group_b,42580.99,0.452,11.3,0,8057.45,3.3,0
sim-006509,13,group_a,43623.5,0.1372,65.4,2,6275.91,2.9,0
sim-006510,13,group_b,46934.71,0.1341,98.9,0,9670.37,6.8,0
sim-006511,13,group_a,19709.41,0.4645,81.0,1,6735.06,7.7,0
sim-006512,13,group_a,27381.21,0.1703,61.7,0,7541.59,10.0,0
sim-006513,13,group_b,22750.57,0.009,43.8,1,10905.34,8.3,0
sim-006514,13,group_a,40937.9,0.1221,129.2,0,5418.12,2.1,0
sim-006515,13,group_a,27655.81,0.1047,37.3,1,13668.32,11.7,0
sim-006516,13,group_b,32780.16,0.5717,33.0,2,4354.93,7.3,1
sim-006517,13,group_b,24450.41,0.4695,81.0,1,9217.15,16.3,1
sim-006518,13,group_a,34085.95,0.2647,24.6,0,5413.25,10.7,0
sim-006519,13,group_a,25181.79,0.2092,68.6,1,15024.03,3.0,1
sim-006520,13,group_b,55510.17,0.153,44.1,1,7366.36,8.3,1
sim-006521,13,group_a,49378.76,0.2015,62.6,3,8280.06,2.6,0
sim-006522,13,group_a,43006.06,0.2127,81.1,0,7270.23,5.8,0
sim-006523,13,group_a,35567.39,0.1571,38.9,2,9888.91,1.6,0
sim-006524,13,group_a,17157.17,0.7873,70.4,3,7421.79,4.0,0
sim-006525,13,group_b,33308.01,0.2506,54.7,0,3799.4,7.4,0
sim-006526,13,group_a,29324.78,0.2319,44.5,2,7163.8,2.6,1
sim-006527,13,group_a,44795.15,0.2799,75.1,3,12824.09,2.5,0
sim-006528,13,group_a,52379.84,0.1571,73.5,1,8418.35,8.7,0
sim-006529,13,group_a,46274.47,0.4013,79.6,1,3203.69,4.0,0
sim-006530,13,group_a,68629.39,0.2281,17.2,1,8642.05,3.5,0
sim-006531,13,group_b,31802.75,0.1842,55.4,3,8068.93,2.0,1
sim-006532,13,group_b,31253.73,0.3189,63.7,1,11095.11,8.2,0
sim-006533,13,group_a,62436.72,0.0717,75.4,0,12354.9,2.7,0
sim-006534,13,group_a,43295.8,0.4239,54.1,2,5509.52,4.3,0
sim-006535,13,group_a,36397.69,0.5591,50.8,0,7239.18,11.5,1
sim-006536,13,group_a,87687.87,0.4111,52.4,1,5165.34,6.2,0
sim-006537,13,group_b,51464.46,0.2062,46.7,1,7613.01,9.2,0
sim-006538,13,group_a,37271.02,0.3034,33.3,0,6364.1,12.1,0
sim-006539,13,group_b,30269.72,0.217,77.3,0,7333.96,2.7,1
sim-006540,13,group_b,70483.6,0.1252,94.5,1,6656.58,2.8,0
sim-006541,13,group_a,44043.75,0.6784,30.9,0,10686.03,2.9,1
sim-006542,13,group_b,40794.28,0.6361,63.7,0,19802.21,8.5,1
sim-006543,13,group_a,53639.24,0.4564,114.5,1,6896.05,9.1,1
sim-006544,13,group_a,58433.05,0.3679,176.4,2,11075.42,2.4,0
sim-006545,13,group_b,50865.77,0.5061,33.6,2,6123.81,0.8,1
sim-006546,13,group_a,58528.54,0.112,37.7,0,1473.05,1.0,0
sim-006547,13,group_a,48804.47,0.2741,95.2,0,8816.95,12.8,0
sim-006548,13,group_b,50973.14,0.2285,166.9,2,8861.03,7.3,0
sim-006549,13,group_a,29694.35,0.514,46.1,0,19973.6,14.0,0
sim-006550,13,group_b,86365.94,0.2658,37.7,3,10748.86,1.1,0
sim-006551,13,group_a,24049.17,0.1688,66.3,0,6772.31,2.3,0
sim-006552,13,group_b,45978.93,0.2176,41.1,1,3393.3,7.6,0
sim-006553,13,group_a,23030.11,0.6,93.5,0,9221.07,12.5,0
sim-006554,13,group_a,38746.12,0.1569,71.1,1,12738.38,22.1,0
sim-006555,13,group_a,31762.98,0.1229,97.8,1,29406.91,4.6,0
sim-006556,13,group_b,42745.43,0.0747,110.8,0,8527.2,3.7,0
sim-006557,13,group_a,46608.5,0.5063,34.6,1,11867.14,6.8,0
sim-006558,13,group_b,27020.2,0.0804,82.3,2,8315.33,4.2,0
sim-006559,13,group_a,39880.63,0.3325,72.1,1,11260.78,4.5,0
sim-006560,13,group_a,72500.1,0.4283,40.2,4,9463.53,0.7,0
sim-006561,13,group_a,23268.33,0.2282,19.3,2,4199.14,5.3,0
sim-006562,13,group_a,28206.21,0.1868,75.6,1,8262.09,5.0,0
sim-006563,13,group_b,57960.5,0.1422,163.0,0,7114.27,9.5,0
sim-006564,13,group_a,41713.2,0.2985,43.9,0,8837.92,12.1,0
sim-006565,13,group_b,43022.78,0.2989,80.5,0,12460.68,5.6,0
sim-006566,13,group_a,62029.6,0.3473,75.7,2,12111.17,1.8,1
sim-006567,13,group_a,28925.86,0.265,54.9,1,6635.29,9.8,1
sim-006568,13,group_b,32463.74,0.0157,80.6,0,8858.88,2.4,1
sim-006569,13,group_b,30825.28,0.3256,41.9,0,5711.18,12.7,0
sim-006570,13,group_b,34882.99,0.5532,101.0,3,4417.35,2.3,1
sim-006571,13,group_a,70869.77,0.0582,188.8,1,5953.31,3.0,0
sim-006572,13,group_b,19762.6,0.3722,51.4,1,7231.44,9.0,0
sim-006573,13,group_b,24451.04,0.1424,105.7,2,9930.62,3.6,1
sim-006574,13,group_a,22752.11,0.4027,62.8,0,33723.52,5.0,0
sim-006575,13,group_b,72744.71,0.1002,73.2,2,9962.38,7.5,0
sim-006576,13,group_a,31193.09,0.0948,59.8,1,4668.59,10.0,0
sim-006577,13,group_b,35199.85,0.5179,55.8,1,8908.37,4.8,0
sim-006578,13,group_b,20493.31,0.6312,64.6,1,7362.56,6.4,0
sim-006579,13,group_b,36163.22,0.2553,43.6,4,15133.22,5.2,0
sim-006580,13,group_b,58101.06,0.5233,54.2,0,6000.15,9.6,0
sim-006581,13,group_b,44902.2,0.3028,140.5,0,9684.7,2.0,0
sim-006582,13,group_b,38588.02,0.5361,81.0,1,14015.66,7.1,1
sim-006583,13,group_a,20926.01,0.3683,43.0,0,7847.8,4.8,0
sim-006584,13,group_a,35180.95,0.2341,53.6,0,5914.18,4.1,1
sim-006585,13,group_a,42946.23,0.0692,50.3,0,12700.98,3.8,0
sim-006586,13,group_a,26620.41,0.2256,47.3,0,7212.38,3.8,1
sim-006587,13,group_b,53159.62,0.167,60.1,0,18298.85,4.0,0
sim-006588,13,group_b,58555.41,0.611,40.8,1,7610.48,1.5,1
sim-006589,13,group_a,32337.01,0.4507,93.5,2,7631.67,9.0,1
sim-006590,13,group_a,54767.35,0.3878,229.5,2,10952.86,3.2,0
sim-006591,13,group_b,38557.63,0.3947,25.9,2,9070.88,3.6,1
sim-006592,13,group_a,65368.64,0.6489,179.6,1,4562.04,2.8,0
sim-006593,13,group_b,94877.63,0.1463,63.6,0,5925.59,11.3,0
sim-006594,13,group_b,25505.78,0.2159,55.7,0,6017.26,3.3,0
sim-006595,13,group_a,55780.71,0.2157,41.3,0,4146.47,4.4,0
sim-006596,13,group_a,69848.59,0.0922,71.3,0,5489.68,2.3,0
sim-006597,13,group_a,26857.87,0.1744,56.0,1,9130.55,6.9,1
sim-006598,13,group_a,31711.96,0.2339,73.8,1,11251.23,6.8,0
sim-006599,13,group_a,31562.39,0.2187,118.4,1,7624.88,6.4,0
sim-006600,13,group_a,38186.29,0.0125,12.0,1,12506.07,4.2,0
sim-006601,13,group_a,34763.61,0.3804,71.6,0,5354.16,6.9,0
sim-006602,13,group_a,37150.05,0.2224,21.4,1,20436.35,5.2,1
sim-006603,13,group_a,57408.93,0.3465,23.1,1,15484.88,2.3,0
sim-006604,13,group_b,18210.6,0.3241,90.7,1,11657.31,8.7,0
sim-006605,13,group_a,26821.65,0.0268,37.4,0,9671.36,13.0,0
sim-006606,13,group_b,53496.41,0.4491,23.3,1,3466.86,6.2,1
sim-006607,13,group_a,50927.89,0.3259,180.7,1,16864.7,15.6,0
sim-006608,13,group_a,25884.83,0.2135,100.3,2,5596.94,5.0,0
sim-006609,13,group_a,51076.25,0.3069,70.5,1,7548.07,5.3,0
sim-006610,13,group_b,70494.09,0.2487,97.9,0,6344.54,2.8,0
sim-006611,13,group_a,39553.48,0.375,31.6,1,7399.54,3.9,0
sim-006612,13,group_a,26440.61,0.1347,42.8,0,8054.26,7.4,0
sim-006613,13,group_a,58307.2,0.3841,109.5,1,24304.18,3.7,0
sim-006614,13,group_b,83256.3,0.3936,76.2,0,7418.62,12.0,0
sim-006615,13,group_a,27828.64,0.4799,41.2,1,7511.31,8.3,1
sim-006616,13,group_a,41047.53,0.3853,68.3,0,10843.92,6.2,0
sim-006617,13,group_b,63822.77,0.1015,81.1,3,9252.41,5.1,0
sim-006618,13,group_a,42380.8,0.656,126.6,1,11464.59,5.8,0
sim-006619,13,group_a,19382.69,0.0326,26.4,1,17250.66,5.4,0
sim-006620,13,group_b,48641.65,0.1812,27.6,0,6743.27,3.6,0
sim-006621,13,group_a,26766.34,0.7282,56.8,1,15706.21,3.1,1
sim-006622,13,group_a,23677.88,0.4238,89.0,0,8174.86,18.8,0
sim-006623,13,group_a,19542.48,0.3336,46.2,1,6020.71,8.5,1
sim-006624,13,group_a,66567.45,0.1113,58.2,1,5421.47,13.6,1
sim-006625,13,group_b,28436.28,0.5268,23.2,0,10838.04,1.0,0
sim-006626,13,group_b,46443.94,0.2453,19.3,0,10010.19,0.3,0
sim-006627,13,group_b,51490.93,0.4869,23.6,0,7417.77,3.0,1
sim-006628,13,group_a,43215.91,0.4503,99.1,2,10219.95,7.7,0
sim-006629,13,group_b,45732.28,0.3676,21.1,1,6279.22,3.0,0
sim-006630,13,group_b,47384.01,0.678,70.0,1,18490.34,7.4,1
sim-006631,13,group_a,42787.49,0.4074,130.7,0,5844.87,6.0,0
sim-006632,13,group_b,29340.76,0.3176,32.1,0,8263.68,3.8,0
sim-006633,13,group_a,28262.14,0.3053,43.5,3,3231.44,8.0,0
sim-006634,13,group_b,38634.76,0.5364,18.6,2,16348.93,13.2,0
sim-006635,13,group_a,38292.57,0.3958,74.5,1,16648.25,10.7,0
sim-006636,13,group_a,48354.49,0.3189,39.8,1,7384.01,8.6,0
sim-006637,13,group_b,64131.63,0.359,45.7,1,7988.09,11.6,0
sim-006638,13,group_b,46650.56,0.2167,61.0,1,4214.88,2.3,1
sim-006639,13,group_a,28722.29,0.4063,83.4,1,6430.78,10.8,0
sim-006640,13,group_a,16153.86,0.2838,80.8,2,8087.92,4.5,1
sim-006641,13,group_b,29232.79,0.3244,85.2,1,7520.6,5.1,0
sim-006642,13,group_a,22955.53,0.3712,95.2,2,3097.68,3.6,1
sim-006643,13,group_a,29710.14,0.3681,76.1,2,8036.83,10.6,0
sim-006644,13,group_b,44701.23,0.3474,55.7,0,6258.34,3.6,1
sim-006645,13,group_a,41833.14,0.5075,38.5,1,4292.89,8.7,0
sim-006646,13,group_a,88118.22,0.3312,50.8,2,4510.8,9.0,1
sim-006647,13,group_a,49458.75,0.2324,29.2,0,4490.84,3.3,0
sim-006648,13,group_b,90025.68,0.2737,37.9,2,11048.82,9.4,0
sim-006649,13,group_a,54521.94,0.2154,118.7,2,20297.35,1.4,0
sim-006650,13,group_b,63703.63,0.3112,32.7,0,43853.53,11.2,1
sim-006651,13,group_b,34726.59,0.2103,95.8,0,6026.78,4.0,0
sim-006652,13,group_b,25711.82,0.5321,52.4,1,3622.29,2.6,0
sim-006653,13,group_a,33437.62,0.0344,77.6,1,5882.84,1.4,0
sim-006654,13,group_a,40175.59,0.1023,16.9,0,4564.18,8.9,0
sim-006655,13,group_a,31013.36,0.3178,56.0,2,2267.55,9.0,1
sim-006656,13,group_b,26516.44,0.208,76.5,2,10280.51,12.4,0
sim-006657,13,group_b,48101.65,0.3156,120.2,0,5802.49,5.7,1
sim-006658,13,group_b,26469.1,0.2619,58.0,2,7953.72,4.3,0
sim-006659,13,group_a,21203.75,0.1225,84.0,0,7600.68,1.4,0
sim-006660,13,group_a,25203.14,0.2305,62.4,0,5961.89,5.4,0
sim-006661,13,group_b,36591.48,0.1962,43.3,0,2220.33,2.1,0
sim-006662,13,group_a,26630.54,0.1631,60.6,1,4720.97,3.9,0
sim-006663,13,group_b,36687.9,0.2208,37.8,0,4058.67,11.5,0
sim-006664,13,group_a,51957.77,0.4179,57.9,0,4890.33,6.2,0
sim-006665,13,group_b,51393.45,0.1648,72.9,0,5783.2,2.9,0
sim-006666,13,group_b,30590.76,0.2971,83.0,1,9337.67,3.0,1
sim-006667,13,group_a,23349.82,0.2354,63.8,0,6944.15,4.3,0
sim-006668,13,group_a,31705.27,0.4061,65.7,1,5559.67,4.4,0
sim-006669,13,group_b,53176.45,0.3594,77.7,2,7669.79,1.3,0
sim-006670,13,group_a,58657.01,0.3712,72.6,1,7621.28,2.9,1
sim-006671,13,group_a,46826.93,0.3242,95.8,0,14294.61,13.6,0
sim-006672,13,group_a,66876.52,0.4251,61.9,3,32130.27,3.4,0
sim-006673,13,group_a,83471.86,0.4004,58.7,0,3284.92,4.4,0
sim-006674,13,group_b,32959.81,0.3953,26.2,0,10653.64,4.7,1
sim-006675,13,group_a,75384.47,0.5332,98.1,1,3372.77,2.5,1
sim-006676,13,group_a,36191.12,0.2375,68.3,0,10383.12,9.0,0
sim-006677,13,group_b,61965.71,0.4584,61.6,2,3141.06,3.8,0
sim-006678,13,group_a,54371.77,0.5378,124.5,2,6444.78,2.9,0
sim-006679,13,group_a,17599.67,0.176,115.3,0,4719.45,9.9,0
sim-006680,13,group_b,26908.15,0.44,74.6,1,7873.94,3.3,1
sim-006681,13,group_b,24174.63,0.0919,33.4,2,5251.95,7.6,0
sim-006682,13,group_b,19101.85,0.2087,76.3,1,7444.9,2.7,0
sim-006683,13,group_b,58414.08,0.414,40.2,1,6753.34,7.7,1
sim-006684,13,group_a,96267.32,0.2879,80.2,0,11706.96,5.6,0
sim-006685,13,group_a,36234.88,0.4815,114.7,0,7005.9,4.2,0
sim-006686,13,group_b,57800.1,0.4763,56.9,1,20045.45,2.0,1
sim-006687,13,group_b,75323.14,0.243,28.1,3,6245.63,10.8,0
sim-006688,13,group_a,44068.45,0.4333,115.3,1,9687.81,7.7,0
sim-006689,13,group_a,39949.38,0.6126,31.9,0,4026.15,9.6,0
sim-006690,13,group_a,36417.73,0.2258,63.9,0,7408.24,6.8,0
sim-006691,13,group_a,50603.43,0.2819,55.3,1,5690.23,21.8,0
sim-006692,13,group_b,58300.82,0.2725,76.7,0,11677.76,6.6,0
sim-006693,13,group_b,49018.75,0.44,152.7,1,9607.03,12.0,1
sim-006694,13,group_a,48316.79,0.6722,62.5,1,8116.77,4.6,1
sim-006695,13,group_a,39517.34,0.3417,102.6,2,5434.87,1.2,0
sim-006696,13,group_a,20680.76,0.5921,46.5,0,11439.04,4.7,1
sim-006697,13,group_a,58867.29,0.3313,78.6,0,9682.6,0.5,0
sim-006698,13,group_b,23540.03,0.2253,21.7,0,16266.66,0.9,0
sim-006699,13,group_a,52372.76,0.1229,87.6,3,1403.96,4.3,0
sim-006700,13,group_a,55459.56,0.429,65.3,1,10929.93,4.1,1
sim-006701,13,group_b,25009.69,0.4668,111.6,2,9965.89,0.6,0
sim-006702,13,group_b,31279.67,0.5668,49.1,0,7501.09,2.0,0
sim-006703,13,group_a,98421.97,0.3375,24.0,1,12968.42,10.0,0
sim-006704,13,group_a,39050.75,0.5035,49.4,4,11113.68,3.4,1
sim-006705,13,group_a,24185.54,0.2017,15.7,1,5859.15,5.6,0
sim-006706,13,group_a,56521.1,0.1876,51.8,1,4196.58,6.8,0
sim-006707,13,group_a,29186.93,0.1468,94.2,1,10065.08,4.4,0
sim-006708,13,group_b,18022.57,0.141,74.4,0,11614.76,10.4,0
sim-006709,13,group_a,50226.76,0.4018,50.6,0,4012.0,2.0,0
sim-006710,13,group_a,27474.69,0.0618,59.2,1,7409.9,7.3,0
sim-006711,13,group_b,46207.58,0.2866,81.2,0,4926.89,1.5,0
sim-006712,13,group_a,28700.51,0.4881,50.1,1,12608.38,7.7,1
sim-006713,13,group_b,54340.54,0.4066,81.6,1,11461.77,4.7,0
sim-006714,13,group_b,43611.2,0.3951,37.0,1,6912.79,4.6,0
sim-006715,13,group_b,13609.62,0.1454,78.9,4,6448.49,8.8,1
sim-006716,13,group_b,47403.21,0.4999,62.8,2,10209.18,4.3,0
sim-006717,13,group_b,35750.26,0.1592,37.8,1,8095.8,5.2,0
sim-006718,13,group_b,73205.18,0.2203,48.2,1,6439.56,9.6,0
sim-006719,13,group_a,47666.65,0.3684,46.4,0,2978.77,4.7,0
sim-006720,13,group_a,55469.37,0.0497,102.4,1,4957.25,6.7,1
sim-006721,13,group_a,29958.63,0.214,97.7,2,14452.73,10.2,1
sim-006722,13,group_a,28974.5,0.0053,44.4,1,18347.26,3.1,1
sim-006723,13,group_a,39943.74,0.307,53.0,2,6678.43,7.2,0
sim-006724,13,group_a,34701.61,0.5157,94.7,1,8949.96,7.2,0
sim-006725,13,group_a,70824.75,0.5961,57.7,1,7093.42,14.9,0
sim-006726,13,group_a,37858.32,0.1574,69.6,2,6061.14,3.8,0
sim-006727,13,group_a,24138.78,0.2301,56.9,2,5884.53,1.2,0
sim-006728,13,group_b,28521.57,0.1869,48.2,1,3474.23,6.6,0
sim-006729,13,group_a,60555.86,0.276,113.5,0,7973.2,21.0,1
sim-006730,13,group_b,37637.34,0.3456,19.1,1,9374.25,5.5,0
sim-006731,13,group_a,36801.76,0.1825,175.5,2,6708.05,6.5,0
sim-006732,13,group_b,63024.5,0.3306,55.1,1,13935.69,4.0,1
sim-006733,13,group_b,27496.1,0.0392,65.0,1,4914.31,3.0,0
sim-006734,13,group_a,15791.48,0.6561,60.3,1,5319.06,8.8,0
sim-006735,13,group_b,28220.28,0.1507,46.3,1,4223.15,8.2,0
sim-006736,13,group_a,44697.7,0.1892,64.2,1,17351.66,5.4,0
sim-006737,13,group_b,36359.3,0.6741,103.6,1,5331.97,3.5,0
sim-006738,13,group_b,20965.21,0.206,60.2,1,7626.63,16.2,0
sim-006739,13,group_a,61867.17,0.1773,62.2,0,5109.22,5.0,1
sim-006740,13,group_b,43246.38,0.4379,66.5,0,12072.6,8.0,1
sim-006741,13,group_a,47542.83,0.462,119.2,4,11493.4,5.4,1
sim-006742,13,group_a,48157.7,0.3227,54.7,0,8196.03,5.4,0
sim-006743,13,group_a,23403.01,0.3509,129.0,1,8086.23,4.2,0
sim-006744,13,group_a,45853.61,0.1971,58.4,1,9298.74,6.6,1
sim-006745,13,group_a,59108.53,0.2678,79.4,0,9197.56,3.8,0
sim-006746,13,group_b,65181.46,0.2792,115.7,1,12032.63,13.0,0
sim-006747,13,group_a,54662.36,0.4999,90.6,2,4701.26,5.9,0
sim-006748,13,group_a,50086.88,0.4483,24.3,1,12529.03,9.3,0
sim-006749,13,group_b,19463.24,0.0775,103.6,1,5106.39,2.8,0
sim-006750,13,group_a,40123.9,0.1863,68.5,0,8089.45,11.8,1
sim-006751,13,group_a,27017.46,0.2216,77.7,2,5337.38,4.2,0
sim-006752,13,group_b,69183.0,0.5133,125.7,0,7888.26,3.0,0
sim-006753,13,group_b,64910.16,0.4369,175.0,2,8983.84,3.4,0
sim-006754,13,group_a,27086.15,0.3772,49.5,0,11646.54,1.9,1
sim-006755,13,group_a,39604.15,0.2228,121.8,2,15489.59,6.3,0
sim-006756,13,group_b,44818.4,0.437,53.0,2,8953.97,1.7,1
sim-006757,13,group_b,58943.36,0.3022,35.1,3,4566.54,4.6,0
sim-006758,13,group_a,19975.07,0.3007,65.2,0,5656.69,3.5,0
sim-006759,13,group_a,15961.88,0.3583,37.3,2,5312.46,1.7,0
sim-006760,13,group_a,41028.51,0.1962,40.7,3,12714.2,8.7,1
sim-006761,13,group_b,13944.0,0.2439,55.2,1,2789.04,1.7,0
sim-006762,13,group_b,43157.02,0.2635,116.5,0,7671.21,4.3,0
sim-006763,13,group_b,51778.34,0.2537,84.6,0,7640.91,6.7,0
sim-006764,13,group_a,67856.71,0.4608,35.9,1,13224.76,2.7,0
sim-006765,13,group_b,31086.26,0.1658,154.3,2,6770.99,7.3,0
sim-006766,13,group_b,43204.34,0.4551,124.8,1,6234.88,1.5,0
sim-006767,13,group_a,53084.17,0.7227,26.0,3,11559.57,4.1,1
sim-006768,13,group_b,24641.75,0.2473,14.6,2,9800.04,13.2,1
sim-006769,13,group_a,59304.83,0.1223,89.1,0,16200.63,13.3,0
sim-006770,13,group_a,45307.31,0.1842,132.9,0,7040.38,2.2,0
sim-006771,13,group_b,31310.62,0.3581,77.9,2,6267.16,9.5,1
sim-006772,13,group_a,42846.53,0.214,72.8,0,5732.77,4.2,0
sim-006773,13,group_b,38081.33,0.1669,41.8,1,10661.12,4.6,0
sim-006774,13,group_a,56029.36,0.1334,90.1,0,16839.31,4.9,0
sim-006775,13,group_a,34703.88,0.655,61.0,2,3392.44,6.3,1
sim-006776,13,group_a,44417.02,0.3467,40.0,0,10304.24,2.8,0
sim-006777,13,group_a,31107.64,0.5143,40.9,2,7618.32,4.8,1
sim-006778,13,group_a,27230.86,0.5834,107.5,1,8287.71,5.8,0
sim-006779,13,group_b,43392.58,0.1404,29.3,1,15556.71,5.3,0
sim-006780,13,group_a,27704.71,0.094,39.1,0,12956.56,10.6,0
sim-006781,13,group_a,56514.0,0.3658,168.8,0,13686.4,3.7,0
sim-006782,13,group_b,51778.88,0.2622,31.3,1,9915.19,3.2,0
sim-006783,13,group_a,29279.76,0.2118,136.0,1,9211.84,1.2,0
sim-006784,13,group_b,44169.41,0.1606,30.1,2,11245.28,5.0,0
sim-006785,13,group_a,29223.43,0.3437,55.7,1,28207.36,21.8,0
sim-006786,13,group_a,20582.34,0.0896,29.4,2,8531.79,14.1,0
sim-006787,13,group_b,31418.92,0.3329,36.4,0,9288.81,4.8,0
sim-006788,13,group_b,39532.05,0.2047,53.5,2,5797.21,4.7,0
sim-006789,13,group_b,50261.35,0.3961,45.7,1,3435.79,4.9,0
sim-006790,13,group_a,42992.53,0.3927,82.1,2,14986.2,5.8,0
sim-006791,13,group_a,59114.02,0.2062,49.9,1,7285.93,2.3,0
sim-006792,13,group_b,26739.85,0.348,31.2,0,11155.37,7.2,0
sim-006793,13,group_b,34468.0,0.3339,70.7,2,9443.01,5.5,1
sim-006794,13,group_b,80550.05,0.3648,25.2,3,16790.69,9.8,0
sim-006795,13,group_a,17942.84,0.4926,54.6,0,6946.1,8.4,0
sim-006796,13,group_b,33395.59,0.335,96.9,0,4088.88,12.4,0
sim-006797,13,group_a,25744.4,0.2247,38.3,3,15896.68,3.3,0
sim-006798,13,group_a,37195.11,0.5603,64.2,1,9349.76,4.2,0
sim-006799,13,group_a,33642.05,0.384,77.1,3,8609.03,7.1,0
sim-006800,13,group_a,51995.13,0.3042,43.1,2,2782.6,1.9,1
sim-006801,13,group_b,44950.57,0.3154,83.9,0,10828.45,8.0,0
sim-006802,13,group_a,23333.39,0.4064,79.7,2,3345.03,2.4,0
sim-006803,13,group_a,31538.74,0.3564,23.7,1,12637.91,5.5,0
sim-006804,13,group_b,40374.39,0.3279,40.1,0,6911.39,15.4,1
sim-006805,13,group_b,55079.89,0.2323,29.8,1,10491.64,2.8,0
sim-006806,13,group_a,112177.94,0.546,90.4,0,8160.72,1.9,0
sim-006807,13,group_b,54240.02,0.3003,46.4,1,6834.35,2.2,0
sim-006808,13,group_a,26390.25,0.2531,103.9,2,5462.23,3.7,0
sim-006809,13,group_b,38815.89,0.3795,63.3,1,2892.8,8.7,0
sim-006810,13,group_a,43565.03,0.0816,41.7,2,7299.45,3.8,0
sim-006811,13,group_a,32462.99,0.2972,35.4,0,9232.0,5.2,0
sim-006812,13,group_a,49193.08,0.37,68.0,1,9862.6,3.8,1
sim-006813,13,group_a,15553.2,0.1021,72.3,0,11962.38,4.3,0
sim-006814,13,group_a,50935.88,0.4488,45.5,4,9851.45,1.0,1
sim-006815,13,group_a,33054.64,0.3249,106.2,1,21686.1,2.1,0
sim-006816,13,group_b,38558.19,0.1225,164.3,1,6256.71,5.7,0
sim-006817,13,group_a,74727.51,0.129,35.0,0,19525.31,10.0,0
sim-006818,13,group_a,23769.6,0.1365,58.6,0,8854.91,2.4,0
sim-006819,13,group_b,45276.44,0.4825,38.4,2,11108.8,5.2,0
sim-006820,13,group_b,56356.17,0.1351,88.9,0,13095.56,3.9,1
sim-006821,13,group_b,43370.78,0.3775,71.2,0,1483.9,6.8,0
sim-006822,13,group_a,20497.11,0.3524,36.7,0,18622.45,3.2,0
sim-006823,13,group_a,71194.2,0.1507,55.0,0,10531.75,0.8,1
sim-006824,13,group_a,36946.69,0.4608,75.8,1,5667.89,6.6,0
sim-006825,13,group_a,32352.06,0.2613,78.5,1,6410.02,6.5,0
sim-006826,13,group_a,35440.03,0.6003,77.2,3,12226.49,7.8,0
sim-006827,13,group_b,34389.22,0.307,44.2,1,6821.72,7.5,1
sim-006828,13,group_b,24492.56,0.3611,16.8,2,5804.23,6.6,0
sim-006829,13,group_b,43272.79,0.2708,82.8,0,7340.57,11.4,0
sim-006830,13,group_a,31418.81,0.5075,27.9,3,5154.28,3.8,0
sim-006831,13,group_b,53517.99,0.0609,47.9,1,4318.55,3.9,1
sim-006832,13,group_a,50180.92,0.2826,58.8,0,7834.68,2.5,0
sim-006833,13,group_b,79919.98,0.4884,93.1,1,2154.64,13.5,0
sim-006834,13,group_a,36942.36,0.1607,76.3,0,10056.34,8.2,0
sim-006835,13,group_a,28814.53,0.4215,89.7,2,4740.13,3.2,0
sim-006836,13,group_a,21779.15,0.5202,96.2,0,22130.5,4.0,1
sim-006837,13,group_b,101438.12,0.5471,53.9,0,10563.55,4.3,0
sim-006838,13,group_b,53320.99,0.0305,145.4,1,12438.71,4.4,0
sim-006839,13,group_b,30187.51,0.1766,31.1,0,3807.33,2.0,0
sim-006840,13,group_b,82217.64,0.1035,90.8,0,13191.91,8.6,0
sim-006841,13,group_b,71366.81,0.1298,62.6,3,3423.9,3.9,0
sim-006842,13,group_b,22890.18,0.2302,61.3,3,6844.99,1.9,1
sim-006843,13,group_a,29423.25,0.1322,65.4,2,3492.4,2.8,0
sim-006844,13,group_b,38193.61,0.3972,58.4,2,7128.28,4.5,0
sim-006845,13,group_a,25759.64,0.4772,63.8,0,9465.37,1.1,1
sim-006846,13,group_a,38771.34,0.4088,56.8,2,7014.59,0.9,1
sim-006847,13,group_a,54449.23,0.2497,34.8,0,5494.98,4.1,0
sim-006848,13,group_a,22679.81,0.2941,70.3,1,11332.09,7.1,0
sim-006849,13,group_b,45663.76,0.4754,54.2,4,8045.6,4.4,1
sim-006850,13,group_b,65957.72,0.3137,99.3,1,7520.36,5.0,1
sim-006851,13,group_a,47767.1,0.2493,114.6,0,9433.14,3.5,1
sim-006852,13,group_b,39114.21,0.1669,87.4,2,4611.1,2.3,1
sim-006853,13,group_a,30497.42,0.3346,105.6,1,12344.66,6.7,0
sim-006854,13,group_a,57236.87,0.2852,104.3,3,12411.24,5.5,1
sim-006855,13,group_a,24629.34,0.1718,63.6,0,6627.45,4.0,0
sim-006856,13,group_a,44710.9,0.2164,67.0,0,9351.6,0.6,1
sim-006857,13,group_a,40811.39,0.6573,38.9,1,8806.89,7.3,1
sim-006858,13,group_a,64780.29,0.2802,65.6,1,13784.91,3.9,0
sim-006859,13,group_a,31610.53,0.3644,123.7,1,28817.68,3.2,0
sim-006860,13,group_a,32759.59,0.1334,106.6,0,16141.88,6.6,0
sim-006861,13,group_b,23966.61,0.1535,88.7,1,4445.47,5.2,1
sim-006862,13,group_a,48516.51,0.3807,69.7,0,12524.43,7.9,0
sim-006863,13,group_a,33792.61,0.1944,80.8,1,32209.62,5.4,0
sim-006864,13,group_a,28111.36,0.2711,32.6,0,4917.39,10.0,0
sim-006865,13,group_a,29258.84,0.0091,139.6,1,16614.95,7.2,0
sim-006866,13,group_a,50593.8,0.4607,100.0,1,11351.32,6.6,1
sim-006867,13,group_a,25406.41,0.1802,46.5,1,9051.24,0.3,0
sim-006868,13,group_b,26371.79,0.407,41.7,2,9312.04,1.6,0
sim-006869,13,group_a,58833.8,0.0761,45.8,0,6824.93,4.3,0
sim-006870,13,group_b,37655.31,0.2212,71.2,1,3860.82,8.2,0
sim-006871,13,group_a,60312.03,0.1709,75.4,0,13442.8,7.2,0
sim-006872,13,group_a,34719.98,0.1981,21.4,3,3440.44,2.5,0
sim-006873,13,group_a,40357.28,0.2788,28.3,2,7302.69,21.3,0
sim-006874,13,group_a,43115.84,0.1606,65.8,3,8217.26,4.1,1
sim-006875,13,group_a,72305.84,0.0904,64.9,0,6848.19,2.7,0
sim-006876,13,group_a,69875.24,0.538,87.5,1,8987.48,7.7,0
sim-006877,13,group_a,65536.31,0.1829,105.4,2,21349.8,5.8,0
sim-006878,13,group_b,31004.76,0.4167,37.1,0,9083.56,3.4,1
sim-006879,13,group_a,26676.32,0.2505,65.0,0,9333.7,10.2,0
sim-006880,13,group_a,55577.43,0.3226,40.5,0,13376.19,1.9,0
sim-006881,13,group_b,71986.87,0.147,94.7,1,10483.92,4.9,0
sim-006882,13,group_a,65800.58,0.7365,46.2,1,8649.58,4.2,1
sim-006883,13,group_b,40598.27,0.1942,62.6,1,6870.8,1.1,1
sim-006884,13,group_b,54812.83,0.2728,35.8,1,8563.05,3.2,0
sim-006885,13,group_b,55219.02,0.3728,64.2,1,10688.4,5.1,1
sim-006886,13,group_a,42982.83,0.3129,53.6,1,10663.1,2.0,1
sim-006887,13,group_a,43774.07,0.3962,131.4,0,4993.94,3.1,0
sim-006888,13,group_b,42076.39,0.0318,30.6,2,4007.42,9.5,0
sim-006889,13,group_b,28998.5,0.3805,49.5,1,10552.82,2.6,0
sim-006890,13,group_b,30268.35,0.4088,52.7,0,5459.31,5.0,1
sim-006891,13,group_a,30072.73,0.2747,48.2,1,8546.78,3.3,1
sim-006892,13,group_a,20626.27,0.3219,45.6,1,7189.82,3.5,1
sim-006893,13,group_a,42873.16,0.2146,62.0,1,6386.31,6.1,0
sim-006894,13,group_a,39694.15,0.1316,61.7,0,10650.35,6.5,0
sim-006895,13,group_a,55604.81,0.387,35.0,2,8489.09,8.5,0
sim-006896,13,group_b,68562.52,0.4775,93.1,1,14997.46,2.6,0
sim-006897,13,group_a,70417.96,0.2134,86.6,1,12022.97,12.4,0
sim-006898,13,group_b,73258.93,0.3494,105.7,0,5219.65,4.5,0
sim-006899,13,group_b,29378.72,0.2133,59.0,1,6529.05,6.3,0
sim-006900,13,group_a,22127.51,0.2997,13.6,1,7157.03,3.8,0
sim-006901,13,group_a,59689.55,0.48,91.4,0,5868.01,0.7,0
sim-006902,13,group_b,72149.53,0.1663,71.3,0,14570.92,6.2,0
sim-006903,13,group_a,77615.07,0.2228,70.6,0,6365.59,8.9,0
sim-006904,13,group_a,49498.54,0.5082,128.0,1,8031.7,0.9,1
sim-006905,13,group_b,17455.05,0.2114,75.6,0,9797.12,5.2,0
sim-006906,13,group_b,47077.76,0.1876,38.4,2,4597.3,4.0,0
sim-006907,13,group_b,50984.92,0.1762,66.6,0,8202.64,4.1,0
sim-006908,13,group_b,68314.1,0.5781,66.0,2,18249.0,4.2,1
sim-006909,13,group_a,73603.22,0.3203,153.6,2,8359.52,5.0,0
sim-006910,13,group_b,59162.67,0.2193,84.6,0,6888.44,2.1,0
sim-006911,13,group_b,31550.44,0.0877,59.5,0,12216.23,5.1,1
sim-006912,13,group_b,26206.71,0.2684,127.2,0,12063.05,2.9,0
sim-006913,13,group_b,50527.03,0.4632,166.5,1,2540.32,1.4,1
sim-006914,13,group_b,28945.95,0.1249,53.6,0,7560.71,6.4,0
sim-006915,13,group_b,75023.57,0.433,30.4,0,9783.48,5.4,1
sim-006916,13,group_a,19733.74,0.3746,49.0,2,12374.23,14.2,1
sim-006917,13,group_b,51230.6,0.0756,37.7,0,14516.55,12.4,0
sim-006918,13,group_a,46175.5,0.1688,62.9,1,7095.14,6.3,1
sim-006919,13,group_b,37017.94,0.5285,69.2,1,8244.06,1.4,0
sim-006920,13,group_b,27376.8,0.2537,44.5,2,5814.26,3.8,0
sim-006921,13,group_b,16984.46,0.0982,94.2,1,14906.8,4.4,1
sim-006922,13,group_a,32299.27,0.1116,117.9,0,2779.49,5.5,0
sim-006923,13,group_a,32538.17,0.4791,136.8,2,4012.4,11.6,1
sim-006924,13,group_a,64403.9,0.7118,37.8,2,17934.58,1.6,0
sim-006925,13,group_a,29062.4,0.1801,114.3,2,7907.09,2.2,0
sim-006926,13,group_a,48833.1,0.0667,83.1,3,6500.02,9.1,0
sim-006927,13,group_b,23464.86,0.3406,58.6,1,13375.38,9.9,0
sim-006928,13,group_a,49399.93,0.1399,59.8,0,3480.9,3.2,0
sim-006929,13,group_b,15774.75,0.3665,44.6,2,9091.24,3.1,0
sim-006930,13,group_a,97345.75,0.2836,24.7,0,11637.14,5.1,1
sim-006931,13,group_b,38053.63,0.0857,158.0,0,8386.21,1.5,0
sim-006932,13,group_a,12485.33,0.2259,129.4,1,1498.3,1.6,0
sim-006933,13,group_b,29868.07,0.2268,73.4,1,6698.22,4.0,0
sim-006934,13,group_b,27951.38,0.2593,53.2,0,4952.64,3.4,0
sim-006935,13,group_b,30655.16,0.2215,38.7,4,20086.01,14.0,0
sim-006936,13,group_b,34642.99,0.3206,84.3,3,13981.56,1.9,0
sim-006937,13,group_a,30567.75,0.3636,105.4,1,7011.87,5.7,0
sim-006938,13,group_a,28655.68,0.4916,101.6,2,3287.36,5.1,1
sim-006939,13,group_a,24818.71,0.3777,186.4,2,8097.44,7.4,0
sim-006940,13,group_b,57019.67,0.4537,22.7,3,4494.23,6.9,1
sim-006941,13,group_a,66868.08,0.2028,56.9,0,10449.15,5.9,0
sim-006942,13,group_a,36282.07,0.088,14.9,3,9489.34,4.9,0
sim-006943,13,group_b,40078.39,0.6381,43.8,3,6675.17,2.7,1
sim-006944,13,group_a,25158.25,0.2527,83.3,0,9706.85,4.9,0
sim-006945,13,group_b,41598.89,0.1175,64.5,0,29395.37,10.8,0
sim-006946,13,group_b,44470.65,0.1413,55.9,3,3549.16,5.3,0
sim-006947,13,group_b,36822.07,0.1256,132.5,2,4556.8,6.2,0
sim-006948,13,group_b,47684.01,0.2979,29.3,1,9221.05,3.8,0
sim-006949,13,group_b,45966.02,0.2373,50.7,1,5340.91,4.3,0
sim-006950,13,group_b,25932.74,0.4521,65.6,1,9856.06,1.3,0
sim-006951,13,group_b,66641.31,0.4883,30.9,4,4234.62,7.6,0
sim-006952,13,group_a,37004.27,0.3682,75.5,1,8329.59,0.7,1
sim-006953,13,group_b,81612.69,0.4988,47.6,1,8023.61,4.3,1
sim-006954,13,group_b,48174.09,0.3978,60.9,2,11201.6,9.1,0
sim-006955,13,group_a,92391.65,0.2693,49.8,2,7334.22,3.3,0
sim-006956,13,group_a,66145.56,0.1564,81.6,1,13438.67,4.9,1
sim-006957,13,group_a,44418.87,0.2859,52.0,1,4912.81,10.6,0
sim-006958,13,group_a,29800.94,0.351,21.9,0,9540.99,4.5,0
sim-006959,13,group_b,30071.76,0.4004,42.1,2,3343.78,6.1,1
sim-006960,13,group_a,50507.36,0.1168,102.0,0,2609.72,9.7,0
sim-006961,13,group_a,42877.95,0.2127,50.0,0,4073.37,8.7,0
sim-006962,13,group_a,31527.3,0.2323,85.5,1,22504.71,0.4,1
sim-006963,13,group_a,57290.22,0.3333,94.6,1,16874.9,3.5,1
sim-006964,13,group_a,41039.24,0.2234,152.0,2,9729.01,3.7,0
sim-006965,13,group_a,57433.56,0.5334,49.2,1,5342.29,2.0,0
sim-006966,13,group_a,26803.9,0.2936,63.3,0,12656.38,17.2,0
sim-006967,13,group_a,61437.65,0.4082,44.7,2,3602.89,6.4,0
sim-006968,13,group_b,49832.27,0.5371,119.2,3,2955.91,6.7,1
sim-006969,13,group_a,66768.0,0.6318,43.8,1,7534.55,7.1,1
sim-006970,13,group_b,60871.53,0.4956,152.2,1,7890.64,3.7,1
sim-006971,13,group_a,38961.12,0.182,88.7,1,10223.56,15.7,0
sim-006972,13,group_a,37667.11,0.407,89.4,2,5811.99,2.5,0
sim-006973,13,group_b,85380.5,0.015,63.2,0,5954.65,9.6,0
sim-006974,13,group_a,35737.69,0.2342,50.7,1,19793.82,1.1,0
sim-006975,13,group_a,55289.71,0.1757,23.1,2,7432.45,3.2,1
sim-006976,13,group_b,34400.19,0.3319,111.9,3,6144.86,3.0,0
sim-006977,13,group_a,18471.96,0.0703,50.2,1,9802.18,3.3,0
sim-006978,13,group_b,24113.27,0.1522,77.0,2,6319.47,9.9,0
sim-006979,13,group_b,47881.61,0.2055,42.1,0,19792.31,5.5,1
sim-006980,13,group_b,54202.12,0.1412,52.7,1,9573.25,2.8,1
sim-006981,13,group_b,47947.87,0.2888,61.3,1,6753.96,2.4,0
sim-006982,13,group_a,65336.02,0.2269,94.8,2,5388.87,3.5,1
sim-006983,13,group_b,47587.68,0.2983,72.7,1,3007.31,7.9,1
sim-006984,13,group_a,29155.57,0.2183,22.5,1,9072.94,6.5,0
sim-006985,13,group_b,51823.91,0.3737,156.3,1,5357.67,2.9,1
sim-006986,13,group_b,43357.52,0.1277,69.9,1,3306.72,6.4,0
sim-006987,13,group_a,31706.14,0.3859,71.1,0,4424.12,4.9,0
sim-006988,13,group_a,49239.83,0.2053,71.9,0,15348.81,4.3,0
sim-006989,13,group_a,41745.02,0.5402,63.0,2,7258.41,11.7,1
sim-006990,13,group_a,31316.48,0.1388,148.8,1,8933.81,9.1,0
sim-006991,13,group_a,37470.02,0.21,19.9,1,9021.94,4.8,0
sim-006992,13,group_b,73108.37,0.2758,115.1,1,20749.54,9.4,0
sim-006993,13,group_a,72111.79,0.6779,53.9,1,5719.87,4.4,1
sim-006994,13,group_b,43696.38,0.3424,29.3,1,7608.48,5.0,0
sim-006995,13,group_b,41359.28,0.6032,103.4,0,13172.4,9.5,1
sim-006996,13,group_b,22117.42,0.4273,64.4,4,8097.16,3.6,1
sim-006997,13,group_a,83127.71,0.3198,147.7,0,9503.23,6.8,0
sim-006998,13,group_b,62396.45,0.187,49.6,0,7463.37,6.9,0
sim-006999,13,group_b,55371.46,0.2476,73.7,1,5422.34,2.1,1
sim-007000,14,group_b,15718.81,0.3462,58.2,2,14204.15,5.5,1
sim-007001,14,group_b,41572.22,0.2925,84.6,1,7097.19,4.2,0
sim-007002,14,group_b,38739.15,0.2881,65.7,2,10189.29,6.5,0
sim-007003,14,group_a,54436.08,0.4515,56.7,0,9349.76,5.1,0
sim-007004,14,group_b,33811.87,0.291,73.0,2,1286.84,28.6,0
sim-007005,14,group_a,37074.39,0.1543,39.0,0,7715.06,3.1,0
sim-007006,14,group_b,53005.63,0.1951,92.0,1,8341.49,14.5,0
sim-007007,14,group_a,29528.08,0.3426,66.8,0,2549.46,2.2,1
sim-007008,14,group_a,32109.33,0.0723,130.3,1,4174.54,11.0,0
sim-007009,14,group_a,44320.26,0.4373,90.4,0,7146.82,7.3,0
sim-007010,14,group_a,71694.12,0.0678,88.6,1,6322.66,2.6,0
sim-007011,14,group_b,57386.09,0.42,94.9,1,12727.83,6.0,0
sim-007012,14,group_a,64194.3,0.1364,126.3,0,17312.98,4.3,1
sim-007013,14,group_b,41965.08,0.532,70.9,1,5958.67,6.0,0
sim-007014,14,group_a,76567.87,0.4094,23.4,2,5196.13,16.7,1
sim-007015,14,group_b,19667.12,0.1639,87.7,0,7839.55,3.3,0
sim-007016,14,group_a,95543.84,0.5246,70.4,1,13669.63,9.7,0
sim-007017,14,group_a,100885.23,0.4885,52.0,1,8047.15,9.4,0
sim-007018,14,group_a,49502.52,0.7577,36.4,1,13762.11,4.6,1
sim-007019,14,group_a,57962.43,0.1973,38.9,0,13871.94,12.8,0
sim-007020,14,group_b,40216.8,0.2542,78.2,3,10886.13,17.8,0
sim-007021,14,group_b,37420.77,0.3465,54.9,1,7874.07,4.1,0
sim-007022,14,group_a,31616.5,0.0727,70.1,0,4718.1,5.5,0
sim-007023,14,group_a,40031.22,0.3871,38.2,1,8849.24,3.6,1
sim-007024,14,group_a,51611.1,0.2476,122.3,0,5997.0,3.2,1
sim-007025,14,group_a,48744.67,0.5664,38.1,0,19247.77,11.3,0
sim-007026,14,group_b,94124.47,0.3375,81.4,2,14037.04,10.1,1
sim-007027,14,group_a,42621.55,0.1131,77.6,0,7520.74,12.7,1
sim-007028,14,group_b,21866.08,0.4222,82.1,5,7691.95,1.3,0
sim-007029,14,group_b,81520.55,0.0606,25.1,0,3941.55,3.6,0
sim-007030,14,group_a,24469.9,0.2748,118.5,0,6375.09,2.5,0
sim-007031,14,group_a,32307.54,0.1581,65.5,2,22643.83,7.9,0
sim-007032,14,group_a,45804.25,0.3293,43.6,1,9858.93,4.9,0
sim-007033,14,group_a,48689.25,0.1727,104.3,3,7679.95,5.6,0
sim-007034,14,group_a,22268.22,0.6315,76.7,0,9997.56,1.0,1
sim-007035,14,group_b,29866.17,0.0819,69.6,3,7046.42,5.9,0
sim-007036,14,group_a,21940.1,0.2858,101.0,2,7943.16,10.1,0
sim-007037,14,group_b,53056.86,0.2985,19.1,3,8032.96,15.3,0
sim-007038,14,group_b,67172.52,0.3704,39.5,2,19330.6,6.9,0
sim-007039,14,group_b,24460.82,0.2466,120.4,1,2653.23,12.3,1
sim-007040,14,group_b,62079.88,0.4124,40.9,2,5643.16,5.2,1
sim-007041,14,group_a,60411.04,0.2448,81.5,1,2568.65,5.0,0
sim-007042,14,group_a,30982.89,0.4019,85.8,0,6463.37,3.4,1
sim-007043,14,group_a,17770.89,0.6751,75.7,5,7654.16,13.8,0
sim-007044,14,group_b,26057.8,0.4916,83.9,1,10987.79,8.1,0
sim-007045,14,group_b,31824.5,0.2329,50.4,0,4513.02,7.4,0
sim-007046,14,group_a,78080.98,0.1265,66.9,0,5238.36,3.0,0
sim-007047,14,group_a,38883.02,0.8534,59.0,1,11258.84,1.8,1
sim-007048,14,group_a,26772.55,0.4198,57.3,2,10323.85,4.3,0
sim-007049,14,group_a,43481.74,0.1815,42.7,0,6947.27,4.2,0
sim-007050,14,group_b,23717.16,0.4622,77.3,1,2491.63,10.9,0
sim-007051,14,group_a,50717.32,0.7215,105.3,1,7953.4,0.4,0
sim-007052,14,group_a,27102.5,0.3831,39.7,3,8954.52,11.7,0
sim-007053,14,group_a,28806.03,0.2361,76.9,0,8556.06,5.3,0
sim-007054,14,group_a,47844.27,0.2156,12.8,2,3551.63,3.1,1
sim-007055,14,group_a,85229.1,0.5994,56.1,3,4546.94,4.9,1
sim-007056,14,group_b,102854.51,0.13,87.8,3,12471.48,0.6,1
sim-007057,14,group_a,26403.62,0.1959,39.7,2,17674.02,1.8,0
sim-007058,14,group_b,31806.48,0.4867,20.1,0,12229.79,9.9,1
sim-007059,14,group_a,50742.73,0.3713,83.2,1,6297.78,0.9,0
sim-007060,14,group_a,66762.15,0.45,52.9,4,6831.85,5.7,1
sim-007061,14,group_a,16466.53,0.3185,34.3,0,4921.88,3.1,0
sim-007062,14,group_a,42390.58,0.543,34.0,0,10221.92,2.6,0
sim-007063,14,group_a,33302.91,0.2458,68.2,2,14730.05,8.4,0
sim-007064,14,group_a,18213.37,0.312,61.5,1,11917.33,4.3,0
sim-007065,14,group_b,23304.22,0.3696,40.7,0,11075.81,4.5,0
sim-007066,14,group_b,32193.98,0.2796,57.6,2,5608.15,8.6,0
sim-007067,14,group_b,41885.81,0.3593,91.4,0,6967.19,2.9,0
sim-007068,14,group_a,62405.16,0.4652,84.5,1,6313.37,11.1,0
sim-007069,14,group_b,47421.27,0.2221,25.0,0,12153.56,5.1,0
sim-007070,14,group_b,60837.8,0.6852,172.2,2,8207.57,14.2,0
sim-007071,14,group_a,41325.05,0.492,85.2,2,13160.56,5.4,1
sim-007072,14,group_a,30391.64,0.3061,33.6,0,9892.48,4.6,1
sim-007073,14,group_a,37828.76,0.619,119.1,4,5261.25,26.1,0
sim-007074,14,group_b,54727.26,0.7427,68.5,3,3819.9,10.2,0
sim-007075,14,group_a,63049.54,0.1512,48.0,1,21662.26,3.9,0
sim-007076,14,group_a,38403.07,0.5947,6.1,3,6555.35,5.1,1
sim-007077,14,group_b,27660.8,0.062,113.2,0,8574.26,6.1,0
sim-007078,14,group_a,47050.48,0.2599,120.4,1,19379.5,1.3,0
sim-007079,14,group_b,49948.71,0.3153,96.6,2,10440.77,4.2,1
sim-007080,14,group_b,68579.03,0.5453,48.7,2,4829.28,6.1,1
sim-007081,14,group_b,30727.69,0.0829,41.5,0,8342.62,6.5,0
sim-007082,14,group_b,30869.54,0.2948,174.0,4,16943.66,3.8,1
sim-007083,14,group_a,56139.07,0.5711,74.5,0,9658.15,8.1,0
sim-007084,14,group_b,34436.69,0.3242,41.5,1,43712.36,14.6,0
sim-007085,14,group_b,33830.99,0.0754,61.8,1,2951.66,6.9,0
sim-007086,14,group_b,69198.8,0.2496,56.6,0,6673.31,11.0,0
sim-007087,14,group_a,22975.36,0.5381,59.3,2,4104.37,6.0,0
sim-007088,14,group_a,96916.52,0.2919,25.4,2,11628.31,8.0,0
sim-007089,14,group_a,31593.07,0.279,47.8,1,4259.28,2.2,1
sim-007090,14,group_a,58807.57,0.5107,80.0,2,5474.38,4.0,1
sim-007091,14,group_a,39038.52,0.4946,29.4,1,5977.23,5.3,0
sim-007092,14,group_b,45796.92,0.1772,52.3,1,8860.47,8.5,0
sim-007093,14,group_b,36593.64,0.2046,126.1,2,7373.97,2.9,1
sim-007094,14,group_b,58557.37,0.1375,78.1,2,13190.62,4.3,0
sim-007095,14,group_a,35317.15,0.4001,62.6,3,4748.08,8.7,0
sim-007096,14,group_a,32124.12,0.2061,44.5,2,9898.19,2.4,0
sim-007097,14,group_a,87518.33,0.0394,52.1,0,7279.52,5.4,0
sim-007098,14,group_a,41371.22,0.0433,77.1,0,3081.92,3.8,0
sim-007099,14,group_a,30767.3,0.5203,36.0,1,14111.21,11.2,1
sim-007100,14,group_a,21852.7,0.3102,117.7,0,5606.46,2.9,0
sim-007101,14,group_a,89459.63,0.175,91.6,0,8726.03,3.7,0
sim-007102,14,group_a,32409.0,0.2815,66.9,0,5116.13,10.8,0
sim-007103,14,group_a,97146.17,0.4382,96.5,0,33104.45,3.5,0
sim-007104,14,group_a,48316.04,0.2454,145.7,2,18197.2,6.4,0
sim-007105,14,group_a,43391.19,0.4619,25.2,2,6355.0,4.1,1
sim-007106,14,group_b,43885.29,0.403,51.4,2,9289.7,3.8,1
sim-007107,14,group_a,103642.15,0.365,44.0,0,9358.07,8.6,0
sim-007108,14,group_a,16273.09,0.2718,28.8,1,4011.13,0.9,1
sim-007109,14,group_a,44713.17,0.1878,29.1,0,11138.61,17.2,0
sim-007110,14,group_b,36556.51,0.2075,92.3,1,8270.43,3.1,0
sim-007111,14,group_b,37365.41,0.3591,69.0,0,13886.82,2.4,0
sim-007112,14,group_b,43508.47,0.7056,13.8,1,7495.11,9.2,1
sim-007113,14,group_a,36540.38,0.4437,140.6,2,4561.63,1.7,0
sim-007114,14,group_b,44223.65,0.3075,72.0,1,5528.86,9.3,0
sim-007115,14,group_b,40461.15,0.4501,85.3,2,4410.31,5.1,0
sim-007116,14,group_a,23536.45,0.3919,160.3,3,8720.57,10.7,0
sim-007117,14,group_b,47962.45,0.1276,101.4,0,11613.6,1.4,0
sim-007118,14,group_a,55201.36,0.1723,37.5,0,3979.92,1.7,0
sim-007119,14,group_b,32543.48,0.0478,77.3,3,9816.87,9.3,0
sim-007120,14,group_a,89546.77,0.4769,78.9,0,11639.88,5.5,0
sim-007121,14,group_a,71606.43,0.227,70.5,3,10150.16,7.7,1
sim-007122,14,group_b,58247.7,0.2705,53.3,1,4107.92,9.8,0
sim-007123,14,group_b,57951.67,0.2095,160.1,0,18939.65,8.4,0
sim-007124,14,group_a,41383.63,0.2533,46.4,0,9651.83,4.7,0
sim-007125,14,group_b,65997.77,0.3257,42.8,1,3639.05,2.9,0
sim-007126,14,group_a,79040.6,0.3114,38.7,0,6080.2,1.1,1
sim-007127,14,group_a,57375.35,0.2537,103.4,0,5988.61,4.2,0
sim-007128,14,group_b,32160.07,0.3208,94.6,0,7189.51,4.0,0
sim-007129,14,group_a,40188.4,0.1551,57.3,1,16848.18,9.0,0
sim-007130,14,group_a,51997.01,0.0619,60.2,0,9163.82,1.4,0
sim-007131,14,group_b,58096.04,0.2709,93.9,1,7535.9,9.0,0
sim-007132,14,group_a,39555.48,0.2205,8.6,1,17802.22,7.2,0
sim-007133,14,group_a,32207.04,0.1752,30.8,0,10343.81,3.9,0
sim-007134,14,group_a,79488.44,0.1836,73.9,0,23303.68,6.8,0
sim-007135,14,group_b,26046.16,0.1547,87.6,2,8559.65,7.2,0
sim-007136,14,group_a,27519.24,0.3008,84.9,1,18165.53,2.6,0
sim-007137,14,group_a,23402.69,0.4009,111.2,1,2869.35,2.0,0
sim-007138,14,group_b,27493.6,0.4993,136.1,1,11778.65,2.1,0
sim-007139,14,group_a,69001.59,0.439,69.9,0,7423.4,9.0,0
sim-007140,14,group_a,69978.95,0.256,143.7,2,9326.94,4.3,1
sim-007141,14,group_b,39612.53,0.2002,130.0,1,10063.19,6.8,0
sim-007142,14,group_b,50334.8,0.1364,42.5,0,11289.75,0.8,0
sim-007143,14,group_a,40683.91,0.2828,43.8,0,18429.83,3.3,0
sim-007144,14,group_b,24769.53,0.3193,59.7,0,10778.03,1.8,1
sim-007145,14,group_b,103736.05,0.4205,20.5,0,8155.73,4.3,0
sim-007146,14,group_a,72794.14,0.242,57.7,2,10463.4,7.4,1
sim-007147,14,group_b,47422.69,0.4703,41.1,3,5205.68,0.3,1
sim-007148,14,group_b,28524.72,0.1457,56.9,1,21237.41,3.0,0
sim-007149,14,group_b,37180.05,0.4168,175.5,0,5867.99,6.6,1
sim-007150,14,group_a,30551.87,0.2304,47.2,3,12131.22,5.1,0
sim-007151,14,group_b,42573.38,0.3808,46.3,0,15248.47,5.3,1
sim-007152,14,group_b,46544.67,0.1073,45.2,2,10962.44,5.5,0
sim-007153,14,group_a,35409.21,0.5322,101.0,0,5971.14,7.2,1
sim-007154,14,group_b,22184.44,0.6017,27.4,1,5721.7,7.4,1
sim-007155,14,group_b,100053.95,0.3963,64.6,2,14476.55,3.8,0
sim-007156,14,group_b,45150.71,0.4102,92.2,1,9948.74,8.1,0
sim-007157,14,group_b,49502.01,0.0988,94.0,1,6523.81,2.0,1
sim-007158,14,group_a,34220.77,0.4581,58.6,0,5440.27,4.7,1
sim-007159,14,group_a,21204.22,0.0985,20.6,2,5874.13,2.3,0
sim-007160,14,group_b,39458.86,0.1677,78.7,0,8939.7,3.6,0
sim-007161,14,group_a,35676.47,0.3529,36.9,1,27184.5,3.6,1
sim-007162,14,group_a,55050.4,0.4097,91.7,0,4423.17,2.9,0
sim-007163,14,group_b,59787.54,0.501,64.7,1,2531.83,4.6,0
sim-007164,14,group_b,56348.58,0.2195,75.8,0,8253.05,8.8,1
sim-007165,14,group_a,61887.55,0.1105,115.7,2,5941.24,18.2,0
sim-007166,14,group_b,87163.39,0.2294,57.0,4,6776.06,1.7,1
sim-007167,14,group_a,48133.7,0.3205,143.3,0,4601.61,7.9,0
sim-007168,14,group_a,64839.52,0.1283,63.7,1,15394.25,2.3,0
sim-007169,14,group_a,50282.96,0.4701,38.5,1,6379.37,9.3,1
sim-007170,14,group_a,18397.78,0.1615,54.3,0,10338.04,2.5,1
sim-007171,14,group_a,38296.03,0.3823,29.1,0,17754.33,3.1,0
sim-007172,14,group_b,28383.44,0.6212,43.2,5,7236.81,2.5,1
sim-007173,14,group_b,45035.3,0.3874,70.3,0,5380.72,10.0,0
sim-007174,14,group_a,29312.69,0.4435,69.9,1,7578.55,5.5,0
sim-007175,14,group_a,52700.8,0.154,49.8,1,7710.4,4.2,0
sim-007176,14,group_a,61699.54,0.2883,88.6,2,10554.35,1.8,0
sim-007177,14,group_b,67744.56,0.2529,135.3,2,8119.01,4.7,1
sim-007178,14,group_b,80667.4,0.6547,30.5,1,8496.45,5.2,0
sim-007179,14,group_a,20212.77,0.3688,109.4,3,6434.22,1.8,0
sim-007180,14,group_a,24696.58,0.2392,27.6,0,8976.97,3.7,1
sim-007181,14,group_a,139760.06,0.091,72.2,0,9559.03,0.5,0
sim-007182,14,group_b,62442.41,0.4787,37.4,0,10679.69,7.0,0
sim-007183,14,group_a,44903.37,0.2338,97.8,5,3524.3,3.8,0
sim-007184,14,group_a,41417.37,0.364,86.4,0,4480.81,2.2,0
sim-007185,14,group_a,39899.49,0.6043,77.6,3,3991.11,5.6,0
sim-007186,14,group_a,18139.12,0.254,88.2,1,13056.99,5.0,0
sim-007187,14,group_a,29543.58,0.3492,18.1,2,4538.24,4.4,0
sim-007188,14,group_a,38988.58,0.4315,39.8,1,6529.76,5.9,0
sim-007189,14,group_b,30252.64,0.0899,35.9,0,8030.31,22.2,0
sim-007190,14,group_a,31960.08,0.0928,112.9,1,3918.36,7.8,1
sim-007191,14,group_a,119690.82,0.1557,48.0,0,6298.04,8.3,0
sim-007192,14,group_a,36765.15,0.3185,95.6,2,28685.04,2.4,1
sim-007193,14,group_a,45927.09,0.2154,93.9,2,8318.48,8.7,1
sim-007194,14,group_b,45245.81,0.0775,67.7,0,19826.26,3.3,0
sim-007195,14,group_b,52342.97,0.3946,16.3,1,6326.83,3.8,0
sim-007196,14,group_a,33441.11,0.3149,29.5,2,11137.11,2.1,1
sim-007197,14,group_b,68991.05,0.4054,51.4,0,6429.72,14.4,0
sim-007198,14,group_b,49231.85,0.3801,47.9,1,9175.38,10.3,0
sim-007199,14,group_b,23798.81,0.1202,91.0,0,12068.79,1.6,0
sim-007200,14,group_a,39059.77,0.1835,63.7,2,6464.24,6.9,1
sim-007201,14,group_a,38013.54,0.2925,58.4,0,10537.54,7.8,0
sim-007202,14,group_a,37285.9,0.3288,62.9,2,6903.81,3.4,0
sim-007203,14,group_b,50610.01,0.3159,83.0,1,9216.28,2.3,0
sim-007204,14,group_b,53347.62,0.1092,55.7,1,13453.37,4.3,0
sim-007205,14,group_a,50766.62,0.3469,107.7,1,16307.1,2.8,1
sim-007206,14,group_a,47114.89,0.1425,53.5,0,13692.0,0.4,0
sim-007207,14,group_a,42360.34,0.3726,159.2,0,7967.52,3.9,0
sim-007208,14,group_a,16555.82,0.276,51.0,2,15431.5,5.0,0
sim-007209,14,group_b,56653.83,0.1262,54.3,0,12812.94,13.5,0
sim-007210,14,group_a,50166.8,0.1378,37.1,1,6343.4,7.9,0
sim-007211,14,group_b,27021.83,0.3994,66.9,0,4797.99,3.7,0
sim-007212,14,group_b,45974.61,0.462,56.7,2,3459.7,8.2,1
sim-007213,14,group_b,53644.5,0.2604,45.8,0,19551.08,1.6,1
sim-007214,14,group_b,66831.1,0.3162,37.6,1,3728.89,7.6,0
sim-007215,14,group_a,50631.37,0.1752,21.2,1,7252.37,7.8,0
sim-007216,14,group_b,46773.53,0.3455,101.4,1,9842.66,7.4,0
sim-007217,14,group_b,60818.2,0.7369,44.1,1,4451.35,1.0,1
sim-007218,14,group_a,35927.32,0.3684,54.5,2,18707.47,3.7,1
sim-007219,14,group_a,48583.6,0.486,65.1,1,26802.88,4.1,1
sim-007220,14,group_a,31480.78,0.1152,28.1,2,8673.79,10.2,1
sim-007221,14,group_a,65141.99,0.2991,104.6,1,7323.11,1.4,1
sim-007222,14,group_a,20783.64,0.1342,18.2,0,5653.87,3.6,0
sim-007223,14,group_a,57585.7,0.086,124.4,1,9823.15,5.0,0
sim-007224,14,group_b,41168.87,0.1745,103.7,1,2845.71,1.8,0
sim-007225,14,group_a,61295.56,0.529,91.4,2,8429.72,1.0,1
sim-007226,14,group_a,29441.82,0.2247,97.2,0,11676.41,2.5,0
sim-007227,14,group_a,42437.73,0.1972,60.7,0,5965.61,7.1,0
sim-007228,14,group_a,41917.75,0.2521,130.5,2,9174.5,7.2,0
sim-007229,14,group_b,49032.13,0.2907,116.6,1,10385.36,7.4,0
sim-007230,14,group_a,26318.41,0.22,90.6,1,9581.76,3.9,0
sim-007231,14,group_a,53381.01,0.2847,13.5,2,6605.06,3.3,0
sim-007232,14,group_a,18820.92,0.5542,70.2,4,11353.3,15.8,1
sim-007233,14,group_a,30868.96,0.4017,101.9,2,5352.93,4.4,1
sim-007234,14,group_b,21197.82,0.3488,66.9,1,4864.07,4.0,1
sim-007235,14,group_b,57864.08,0.7704,80.2,4,5818.87,9.7,1
sim-007236,14,group_a,48341.95,0.2665,91.9,1,9233.91,2.0,0
sim-007237,14,group_b,49490.51,0.373,30.5,3,3280.81,6.1,1
sim-007238,14,group_a,75867.19,0.4759,113.3,0,4506.14,12.1,0
sim-007239,14,group_b,35785.73,0.5411,131.8,0,4631.38,2.6,1
sim-007240,14,group_a,52787.3,0.4321,105.5,2,8705.68,5.9,0
sim-007241,14,group_a,42012.79,0.3248,98.9,2,5372.38,7.4,0
sim-007242,14,group_b,39410.26,0.3792,74.7,0,4658.95,7.0,0
sim-007243,14,group_b,70741.16,0.3389,65.7,4,4214.99,5.6,0
sim-007244,14,group_a,97967.33,0.1126,40.0,0,5020.57,2.5,0
sim-007245,14,group_b,34090.84,0.2572,222.0,2,6078.33,1.6,0
sim-007246,14,group_b,57997.91,0.5486,81.7,1,4485.78,5.0,0
sim-007247,14,group_a,46724.74,0.5101,46.6,2,8850.77,4.2,0
sim-007248,14,group_b,46960.74,0.3524,66.0,0,7374.53,9.0,0
sim-007249,14,group_b,45334.09,0.521,97.8,3,14676.38,8.8,1
sim-007250,14,group_a,35529.1,0.2722,57.4,0,18920.3,3.0,0
sim-007251,14,group_a,9066.2,0.1823,83.1,1,7423.97,1.5,0
sim-007252,14,group_b,77856.29,0.2381,55.7,0,10306.8,12.6,0
sim-007253,14,group_b,30522.28,0.4795,97.8,1,11109.07,0.9,1
sim-007254,14,group_a,36921.38,0.2584,73.4,1,8481.05,6.9,0
sim-007255,14,group_a,37252.6,0.4159,96.1,0,5524.97,1.6,0
sim-007256,14,group_a,29401.55,0.2461,45.1,0,9677.83,1.0,1
sim-007257,14,group_b,45202.19,0.067,130.5,0,4279.49,2.9,0
sim-007258,14,group_b,40110.31,0.0799,50.2,2,9835.86,11.8,0
sim-007259,14,group_a,30244.05,0.0332,80.0,1,7507.63,1.7,0
sim-007260,14,group_b,43508.29,0.3974,32.4,2,8834.88,9.8,0
sim-007261,14,group_b,40300.55,0.155,41.0,1,8526.35,14.7,1
sim-007262,14,group_a,60336.48,0.1532,43.2,0,16118.6,6.5,0
sim-007263,14,group_a,23272.77,0.65,81.5,2,5544.37,0.2,1
sim-007264,14,group_a,29136.19,0.2653,64.6,0,12283.04,6.3,0
sim-007265,14,group_a,55416.08,0.1872,53.5,2,8449.99,2.7,0
sim-007266,14,group_a,31235.42,0.1686,47.3,1,16682.82,1.4,0
sim-007267,14,group_b,27961.14,0.4815,156.7,1,4224.67,3.6,1
sim-007268,14,group_b,31890.96,0.2008,133.1,2,7677.6,4.4,0
sim-007269,14,group_a,39166.96,0.3334,59.0,1,9681.11,8.7,1
sim-007270,14,group_b,39229.52,0.321,70.0,2,8041.66,11.2,0
sim-007271,14,group_b,37414.64,0.4559,35.8,1,3740.04,3.7,0
sim-007272,14,group_a,26529.24,0.2946,83.0,3,5860.79,8.7,0
sim-007273,14,group_a,56541.31,0.2709,110.1,2,5318.46,3.0,0
sim-007274,14,group_b,71325.72,0.2239,98.6,0,20394.93,2.3,0
sim-007275,14,group_b,18317.64,0.113,25.1,2,8531.64,7.1,0
sim-007276,14,group_a,21279.79,0.3396,56.0,1,4867.68,6.1,0
sim-007277,14,group_b,62267.81,0.2053,87.4,0,11794.45,4.9,0
sim-007278,14,group_b,79008.8,0.6591,86.1,3,6568.65,5.5,0
sim-007279,14,group_b,16709.7,0.3501,21.3,2,15465.16,3.1,0
sim-007280,14,group_b,57554.25,0.5919,33.6,1,5427.75,6.0,0
sim-007281,14,group_a,81300.67,0.2688,44.4,1,4754.66,1.9,0
sim-007282,14,group_a,28446.68,0.2948,92.8,0,6181.45,2.7,0
sim-007283,14,group_a,79337.05,0.2213,61.5,1,10381.82,3.0,0
sim-007284,14,group_b,37920.32,0.6597,43.8,3,10367.29,6.3,0
sim-007285,14,group_b,46636.91,0.3229,99.4,1,15925.56,7.2,0
sim-007286,14,group_b,30209.81,0.1514,87.2,0,21850.88,6.2,1
sim-007287,14,group_a,62220.01,0.3666,89.3,1,11056.08,3.8,1
sim-007288,14,group_a,58015.75,0.3214,51.6,2,5748.19,10.9,0
sim-007289,14,group_a,84320.3,0.1397,16.5,0,12780.34,1.5,0
sim-007290,14,group_a,74836.06,0.4993,67.0,3,8369.64,6.9,1
sim-007291,14,group_a,40707.07,0.2146,40.7,1,8232.25,4.7,0
sim-007292,14,group_b,150771.24,0.4057,118.7,0,7726.12,4.0,0
sim-007293,14,group_a,72065.66,0.3251,79.3,0,4880.73,5.7,0
sim-007294,14,group_b,51277.98,0.1716,34.4,1,5408.19,12.0,0
sim-007295,14,group_b,26881.54,0.3723,35.8,0,4414.69,2.4,0
sim-007296,14,group_b,21490.93,0.5757,46.7,2,3351.14,3.6,1
sim-007297,14,group_a,22272.06,0.524,161.8,1,9133.32,0.7,0
sim-007298,14,group_b,27607.99,0.4245,94.7,1,16894.65,4.3,0
sim-007299,14,group_b,72872.54,0.1695,131.1,0,9937.87,11.2,0
sim-007300,14,group_a,50140.15,0.4219,22.5,1,11340.65,15.0,1
sim-007301,14,group_b,31583.28,0.5716,48.7,0,22359.89,6.6,1
sim-007302,14,group_b,38597.2,0.2155,128.4,1,4833.77,13.1,0
sim-007303,14,group_a,36671.18,0.2278,150.2,1,17804.38,4.0,1
sim-007304,14,group_a,57183.53,0.4838,100.6,2,15039.09,5.0,1
sim-007305,14,group_a,28251.59,0.2656,119.4,2,8096.31,8.2,0
sim-007306,14,group_a,47328.52,0.2524,63.8,0,4631.92,4.5,1
sim-007307,14,group_b,46352.76,0.3989,42.3,0,10385.08,5.0,0
sim-007308,14,group_a,28608.97,0.3824,29.6,0,27501.21,3.4,0
sim-007309,14,group_a,79615.38,0.1562,115.5,1,13272.98,9.2,0
sim-007310,14,group_a,36093.21,0.3065,73.8,3,5415.83,2.2,1
sim-007311,14,group_a,26931.31,0.2515,188.4,2,11644.11,11.9,0
sim-007312,14,group_a,58466.52,0.2189,25.4,1,7156.52,8.3,0
sim-007313,14,group_b,41809.89,0.2843,67.9,0,10980.5,4.4,0
sim-007314,14,group_a,48510.71,0.3736,65.6,2,4914.89,1.5,1
sim-007315,14,group_a,24845.56,0.1954,143.5,0,10703.25,1.9,0
sim-007316,14,group_b,57481.29,0.1818,48.2,1,6382.39,0.8,0
sim-007317,14,group_b,101764.84,0.0703,64.9,0,2986.73,4.5,1
sim-007318,14,group_a,24043.26,0.5767,104.7,0,8211.24,10.2,0
sim-007319,14,group_a,47418.5,0.5761,103.0,0,5502.43,11.9,0
sim-007320,14,group_a,29382.95,0.3527,19.8,1,4592.34,4.0,0
sim-007321,14,group_a,126454.08,0.7501,68.8,1,3895.14,8.5,1
sim-007322,14,group_a,68778.44,0.338,50.1,1,6081.48,2.9,0
sim-007323,14,group_b,46004.07,0.049,57.9,0,6665.12,4.9,0
sim-007324,14,group_b,24398.96,0.3765,15.6,1,8768.13,9.7,0
sim-007325,14,group_a,27007.14,0.2838,105.9,1,5803.49,8.0,0
sim-007326,14,group_b,55906.46,0.1932,88.5,1,5211.1,2.0,0
sim-007327,14,group_a,23057.66,0.4827,74.5,2,6286.24,4.2,1
sim-007328,14,group_a,23363.55,0.1612,66.1,0,8260.44,13.2,0
sim-007329,14,group_a,41015.66,0.3466,39.7,1,7604.62,2.2,0
sim-007330,14,group_a,43218.98,0.1166,112.1,0,8414.49,10.4,0
sim-007331,14,group_b,47935.57,0.2639,48.5,0,4775.55,10.9,0
sim-007332,14,group_a,33975.65,0.5187,67.5,0,4116.09,5.5,0
sim-007333,14,group_b,60141.87,0.4669,53.7,2,10552.28,3.3,0
sim-007334,14,group_a,28453.82,0.2856,39.5,1,9558.1,7.2,1
sim-007335,14,group_b,53166.86,0.1163,31.2,0,3000.79,7.4,0
sim-007336,14,group_b,44709.03,0.6614,149.3,3,8588.55,0.8,0
sim-007337,14,group_a,52589.55,0.1801,45.5,1,7152.08,9.8,0
sim-007338,14,group_a,67133.55,0.262,16.4,2,4213.08,4.4,0
sim-007339,14,group_b,33750.83,0.2385,86.4,2,18859.43,9.5,1
sim-007340,14,group_a,30956.78,0.2001,148.7,0,3439.93,4.8,0
sim-007341,14,group_a,20108.03,0.2592,152.3,2,12461.28,2.8,0
sim-007342,14,group_b,17501.1,0.254,60.1,1,4918.2,4.3,0
sim-007343,14,group_a,37952.51,0.5192,95.4,0,4389.78,9.4,1
sim-007344,14,group_a,39059.46,0.3307,48.6,0,8203.43,5.0,0
sim-007345,14,group_a,25896.03,0.3176,198.2,1,4677.67,5.0,1
sim-007346,14,group_a,28343.08,0.3628,50.8,4,14592.35,4.3,0
sim-007347,14,group_a,77485.85,0.3754,39.6,1,13848.36,3.2,1
sim-007348,14,group_a,59033.05,0.5041,107.4,0,6595.53,5.0,0
sim-007349,14,group_a,24055.65,0.0817,116.2,2,8977.49,4.3,0
sim-007350,14,group_a,33935.39,0.1308,60.3,0,11236.97,9.4,0
sim-007351,14,group_a,48461.32,0.0244,96.0,1,4454.99,5.9,0
sim-007352,14,group_b,31410.28,0.0859,65.9,1,16018.84,7.5,1
sim-007353,14,group_a,29095.77,0.4182,12.6,0,5738.37,4.4,0
sim-007354,14,group_a,35452.06,0.1604,45.8,0,7480.22,8.1,0
sim-007355,14,group_a,64606.97,0.1565,28.0,1,7132.15,6.3,0
sim-007356,14,group_b,67116.73,0.2289,71.8,1,5812.65,8.2,0
sim-007357,14,group_a,30004.79,0.4199,79.5,1,5928.27,8.7,1
sim-007358,14,group_a,49584.4,0.2713,63.4,0,9564.11,4.2,1
sim-007359,14,group_b,40753.91,0.2754,17.0,0,10253.41,1.4,0
sim-007360,14,group_a,26756.72,0.3178,57.6,0,4458.86,5.9,1
sim-007361,14,group_b,36070.43,0.5169,97.2,2,7445.65,4.3,0
sim-007362,14,group_b,24029.12,0.3915,133.1,1,4777.36,2.3,1
sim-007363,14,group_b,66601.55,0.1344,68.5,1,4765.0,13.8,0
sim-007364,14,group_a,78436.0,0.4292,21.0,2,18283.56,6.8,1
sim-007365,14,group_a,34391.31,0.3731,52.0,2,6955.81,3.9,1
sim-007366,14,group_a,31113.18,0.5042,86.8,2,4288.46,3.5,1
sim-007367,14,group_b,63635.68,0.2614,41.4,0,9662.95,5.1,1
sim-007368,14,group_b,68103.41,0.1908,138.3,2,6313.1,5.7,0
sim-007369,14,group_b,25589.75,0.3985,62.3,1,8175.45,3.2,1
sim-007370,14,group_a,38400.33,0.2739,129.9,1,4747.1,7.4,1
sim-007371,14,group_b,39864.68,0.2658,47.4,2,7849.25,3.5,0
sim-007372,14,group_a,29562.86,0.3403,35.2,0,12071.75,6.1,1
sim-007373,14,group_b,48055.52,0.5802,49.8,2,12264.19,2.5,0
sim-007374,14,group_a,30455.53,0.4353,93.7,1,14778.01,8.2,1
sim-007375,14,group_a,32568.16,0.5268,82.2,3,6654.56,3.6,1
sim-007376,14,group_a,39160.98,0.2735,107.3,1,5767.13,5.2,0
sim-007377,14,group_b,21863.94,0.3941,114.4,1,7905.23,4.0,0
sim-007378,14,group_a,17227.97,0.1736,58.2,0,7527.99,5.4,0
sim-007379,14,group_a,60094.55,0.3561,121.4,2,6831.15,7.7,0
sim-007380,14,group_a,29943.4,0.123,25.4,1,4736.2,1.4,0
sim-007381,14,group_a,100171.89,0.3362,124.4,1,21165.42,5.7,0
sim-007382,14,group_b,93542.57,0.0483,77.2,2,9020.02,13.0,0
sim-007383,14,group_a,33033.55,0.0651,144.0,0,3375.02,1.0,1
sim-007384,14,group_a,109141.69,0.2688,66.6,0,7948.65,1.3,0
sim-007385,14,group_b,60583.71,0.18,82.0,0,12512.63,10.3,1
sim-007386,14,group_a,31162.42,0.3358,98.9,0,28274.4,6.3,0
sim-007387,14,group_a,13816.62,0.3909,72.6,3,8675.65,13.1,0
sim-007388,14,group_a,54558.3,0.1573,49.2,1,12010.67,1.5,0
sim-007389,14,group_a,41404.48,0.2905,124.7,2,9895.36,8.1,1
sim-007390,14,group_a,48980.22,0.259,60.7,2,5981.16,0.7,0
sim-007391,14,group_a,37119.17,0.4702,92.0,2,9655.92,12.9,0
sim-007392,14,group_a,25275.23,0.512,37.9,0,7249.93,2.7,0
sim-007393,14,group_b,34154.47,0.2301,69.7,1,5487.43,12.1,1
sim-007394,14,group_b,54983.46,0.5324,116.5,4,8878.35,6.5,1
sim-007395,14,group_b,35212.71,0.3013,96.7,0,9029.69,1.3,0
sim-007396,14,group_a,35123.46,0.2016,78.7,2,11655.79,3.9,0
sim-007397,14,group_a,21587.23,0.1356,27.8,0,12731.65,3.2,0
sim-007398,14,group_b,42459.43,0.2862,84.8,4,3276.46,3.0,0
sim-007399,14,group_b,25616.41,0.3007,44.2,2,5104.38,2.0,0
sim-007400,14,group_a,60100.95,0.6826,72.8,0,16378.88,3.6,1
sim-007401,14,group_a,30021.76,0.5359,106.9,0,5862.66,4.5,1
sim-007402,14,group_a,36091.2,0.4494,27.1,0,4694.01,0.9,0
sim-007403,14,group_a,101404.54,0.4389,11.5,0,3247.98,3.5,0
sim-007404,14,group_a,35926.8,0.432,86.9,4,14576.29,2.5,1
sim-007405,14,group_a,33960.68,0.1157,92.3,2,7134.81,3.3,0
sim-007406,14,group_b,52258.68,0.3699,39.2,0,4440.41,1.7,0
sim-007407,14,group_a,19306.36,0.4063,71.5,1,5315.92,2.8,0
sim-007408,14,group_b,69102.07,0.495,64.9,3,5074.52,9.8,0
sim-007409,14,group_a,62035.05,0.2665,31.7,2,21187.45,13.1,0
sim-007410,14,group_b,50933.17,0.1147,50.2,0,11287.31,3.1,1
sim-007411,14,group_b,9893.36,0.5127,55.2,0,10149.23,7.2,0
sim-007412,14,group_a,36645.54,0.283,110.4,2,10355.22,1.8,0
sim-007413,14,group_b,23942.16,0.0231,93.3,1,15911.36,9.5,0
sim-007414,14,group_b,65520.93,0.2376,90.8,1,24637.58,7.9,0
sim-007415,14,group_b,63581.36,0.4264,89.6,6,8795.5,0.5,1
sim-007416,14,group_a,48096.47,0.6386,108.0,3,6895.51,3.3,1
sim-007417,14,group_b,24653.97,0.3919,36.3,1,20485.91,7.0,0
sim-007418,14,group_a,76542.66,0.3668,46.0,1,5990.03,2.7,1
sim-007419,14,group_a,36601.71,0.381,111.1,2,13737.26,0.8,1
sim-007420,14,group_a,87225.84,0.2627,64.5,1,4686.57,4.7,0
sim-007421,14,group_a,45682.13,0.3513,70.1,1,9413.36,2.5,1
sim-007422,14,group_a,50557.14,0.2644,35.6,2,7969.31,8.3,0
sim-007423,14,group_a,33680.43,0.453,38.4,3,7131.63,8.4,1
sim-007424,14,group_b,73785.78,0.1106,117.4,3,9076.77,3.5,0
sim-007425,14,group_a,52761.77,0.3697,130.7,1,6463.87,2.4,0
sim-007426,14,group_b,74907.89,0.3776,61.0,0,3154.11,9.3,0
sim-007427,14,group_a,44027.39,0.248,233.4,1,12290.44,7.6,0
sim-007428,14,group_b,40064.41,0.2069,64.2,1,6881.94,3.8,1
sim-007429,14,group_b,52467.79,0.6476,121.3,3,7640.92,4.1,1
sim-007430,14,group_b,74896.84,0.3287,78.4,1,18221.06,5.9,1
sim-007431,14,group_b,62631.8,0.2323,57.6,3,7191.2,1.6,0
sim-007432,14,group_b,43306.33,0.0399,90.1,0,9716.45,2.8,0
sim-007433,14,group_a,18731.62,0.4793,34.8,3,5343.37,13.6,1
sim-007434,14,group_a,57432.3,0.3377,130.5,1,24758.57,6.7,0
sim-007435,14,group_a,22331.29,0.3745,53.6,3,5837.7,3.1,0
sim-007436,14,group_a,41469.04,0.1525,68.7,1,4669.05,6.9,0
sim-007437,14,group_a,38924.46,0.5253,48.9,1,2138.87,3.9,1
sim-007438,14,group_a,22528.52,0.4198,75.3,2,11091.93,18.1,0
sim-007439,14,group_b,47784.25,0.5076,55.9,1,10225.46,8.3,0
sim-007440,14,group_b,100993.7,0.0777,62.0,1,7177.56,6.0,0
sim-007441,14,group_b,35835.91,0.1374,54.9,0,7162.35,8.3,0
sim-007442,14,group_b,56368.71,0.0524,21.2,2,6558.25,4.3,0
sim-007443,14,group_a,109906.99,0.3269,80.1,0,18686.84,3.5,1
sim-007444,14,group_a,58706.02,0.3277,47.8,2,5678.15,3.7,0
sim-007445,14,group_b,31168.58,0.2308,101.8,1,7184.02,5.6,1
sim-007446,14,group_b,45141.0,0.5308,45.7,1,3024.92,4.8,0
sim-007447,14,group_a,50007.47,0.5267,58.0,0,10507.42,2.0,1
sim-007448,14,group_a,74622.81,0.4097,86.6,0,7893.06,4.4,0
sim-007449,14,group_a,68043.41,0.1568,84.7,2,10654.7,1.8,0
sim-007450,14,group_a,12767.38,0.5908,6.4,1,10062.79,3.9,1
sim-007451,14,group_a,28520.95,0.136,41.7,0,9248.73,0.6,0
sim-007452,14,group_a,39679.45,0.1765,61.3,1,5653.24,8.9,0
sim-007453,14,group_b,26677.6,0.3447,22.2,1,5779.62,4.8,0
sim-007454,14,group_b,8638.3,0.1376,28.3,1,10733.66,1.4,1
sim-007455,14,group_a,30128.9,0.4501,85.0,3,6140.23,3.0,0
sim-007456,14,group_b,40801.88,0.3644,76.4,1,10844.13,4.7,0
sim-007457,14,group_b,32773.66,0.265,125.1,1,8702.67,1.5,0
sim-007458,14,group_a,26883.93,0.3322,101.9,3,11489.75,13.2,0
sim-007459,14,group_b,41581.69,0.4131,42.7,1,4617.19,6.0,0
sim-007460,14,group_a,47197.54,0.3915,118.4,1,6421.75,4.5,0
sim-007461,14,group_a,33563.32,0.3939,103.1,2,8106.35,0.8,0
sim-007462,14,group_a,72702.6,0.2677,57.0,1,5458.11,3.0,1
sim-007463,14,group_b,41866.45,0.1598,65.6,1,6578.99,5.5,0
sim-007464,14,group_b,28338.15,0.4023,73.7,2,6277.49,8.1,1
sim-007465,14,group_a,25481.15,0.1771,65.2,2,9423.57,5.6,0
sim-007466,14,group_a,37367.35,0.4095,80.8,1,9157.06,2.6,0
sim-007467,14,group_a,65227.52,0.2838,23.5,0,8299.2,10.7,0
sim-007468,14,group_b,28913.12,0.0777,48.5,0,4715.11,6.8,0
sim-007469,14,group_b,52484.3,0.0812,29.7,2,5795.55,3.7,0
sim-007470,14,group_a,42519.32,0.2697,44.6,4,5512.25,3.6,1
sim-007471,14,group_b,94386.93,0.0421,78.8,1,16926.17,11.6,0
sim-007472,14,group_a,48141.78,0.2912,77.2,1,3948.89,2.9,0
sim-007473,14,group_a,30477.53,0.1554,76.9,2,4626.42,3.7,0
sim-007474,14,group_a,55674.37,0.4162,126.6,2,7902.25,2.5,0
sim-007475,14,group_a,56466.86,0.5136,72.5,2,4798.27,9.4,1
sim-007476,14,group_a,34587.77,0.348,60.1,0,5804.9,10.9,0
sim-007477,14,group_a,25062.35,0.3999,65.9,2,5535.92,4.9,0
sim-007478,14,group_a,51181.57,0.1636,16.6,2,3101.14,3.2,1
sim-007479,14,group_b,41968.57,0.6099,81.6,1,8098.07,6.9,0
sim-007480,14,group_a,21612.97,0.0853,44.3,0,3683.6,4.3,1
sim-007481,14,group_b,45474.13,0.5058,109.2,1,22734.96,3.4,1
sim-007482,14,group_a,31271.52,0.3567,30.0,1,6160.73,4.8,0
sim-007483,14,group_b,21621.58,0.4777,85.1,0,6650.3,1.2,1
sim-007484,14,group_a,35246.13,0.2358,89.8,1,5125.73,12.8,0
sim-007485,14,group_b,70040.29,0.1669,148.9,3,8172.8,4.5,0
sim-007486,14,group_a,67872.47,0.5163,76.3,3,9297.5,10.4,0
sim-007487,14,group_a,60817.68,0.1386,118.2,2,3284.44,12.9,0
sim-007488,14,group_a,45755.98,0.4215,41.5,1,9347.44,6.9,1
sim-007489,14,group_a,52482.49,0.2997,83.8,1,9335.47,3.5,1
sim-007490,14,group_b,42592.38,0.2749,84.0,1,3755.18,1.3,0
sim-007491,14,group_b,25690.55,0.2668,163.9,1,9817.93,7.2,0
sim-007492,14,group_b,27936.5,0.1233,99.6,0,4239.63,7.7,0
sim-007493,14,group_a,31665.53,0.548,126.2,2,6195.68,6.5,1
sim-007494,14,group_b,73612.55,0.5165,51.9,1,6052.18,8.9,0
sim-007495,14,group_b,64229.0,0.2584,72.1,1,4155.0,9.0,0
sim-007496,14,group_a,25963.62,0.444,61.8,3,4537.36,6.3,0
sim-007497,14,group_a,41790.5,0.1082,149.9,2,23891.69,5.9,0
sim-007498,14,group_b,34506.57,0.1527,28.7,0,3281.62,8.4,0
sim-007499,14,group_a,38286.7,0.7189,93.0,1,12439.24,5.7,0
sim-007500,15,group_a,33019.78,0.265,170.6,0,7389.16,2.1,0
sim-007501,15,group_b,74636.91,0.456,43.9,1,17677.96,2.6,0
sim-007502,15,group_a,41030.02,0.2411,121.9,2,14299.7,4.1,0
sim-007503,15,group_a,45287.48,0.1774,73.3,0,4250.4,9.1,0
sim-007504,15,group_a,45441.84,0.425,55.7,0,5649.48,3.7,0
sim-007505,15,group_b,26858.47,0.0873,74.2,2,12534.63,5.1,0
sim-007506,15,group_b,43286.35,0.6314,24.5,3,7949.67,9.6,1
sim-007507,15,group_b,64613.14,0.5352,112.1,1,4885.2,6.9,0
sim-007508,15,group_b,76767.01,0.3971,119.3,0,5389.09,9.4,0
sim-007509,15,group_b,25537.87,0.3535,97.5,1,23855.56,5.6,1
sim-007510,15,group_b,21855.05,0.1146,95.8,0,7826.87,3.1,0
sim-007511,15,group_a,42450.61,0.1791,55.4,1,7966.65,4.5,0
sim-007512,15,group_a,65897.7,0.6315,33.0,7,11294.6,8.7,1
sim-007513,15,group_b,48099.67,0.5144,81.6,0,4216.2,3.5,0
sim-007514,15,group_b,55034.98,0.3257,38.1,0,17397.35,6.5,0
sim-007515,15,group_a,23358.01,0.2535,32.4,2,2713.09,1.6,0
sim-007516,15,group_b,32525.03,0.4622,8.5,2,15917.09,4.1,1
sim-007517,15,group_b,16442.63,0.1757,77.4,1,10456.71,6.6,0
sim-007518,15,group_a,38954.71,0.4498,90.4,1,12077.34,9.5,0
sim-007519,15,group_a,16664.36,0.2522,73.7,2,6062.99,6.7,0
sim-007520,15,group_a,72382.36,0.2116,129.8,1,5708.06,5.8,0
sim-007521,15,group_a,79461.27,0.2983,98.9,0,18142.67,2.3,0
sim-007522,15,group_a,43873.7,0.3362,33.4,2,32324.33,17.5,0
sim-007523,15,group_a,21910.46,0.2478,19.3,3,8901.21,11.6,0
sim-007524,15,group_a,48426.35,0.2818,36.4,1,15465.67,6.4,0
sim-007525,15,group_a,90294.85,0.1862,139.8,2,9298.65,7.0,0
sim-007526,15,group_b,50504.06,0.4184,79.4,2,5901.43,7.4,0
sim-007527,15,group_b,68029.27,0.4787,76.5,0,20297.97,1.3,1
sim-007528,15,group_a,33732.96,0.1979,23.3,1,7141.39,5.1,0
sim-007529,15,group_a,28683.91,0.0783,89.4,1,11371.21,21.3,0
sim-007530,15,group_a,40144.39,0.3769,54.2,3,8791.2,6.0,0
sim-007531,15,group_a,18412.48,0.2903,46.8,0,10418.9,3.9,0
sim-007532,15,group_a,107035.65,0.202,41.3,2,6547.22,8.5,0
sim-007533,15,group_a,43855.39,0.0962,45.9,1,9180.6,6.5,0
sim-007534,15,group_a,59518.63,0.2202,66.2,0,5065.99,5.5,1
sim-007535,15,group_b,34069.79,0.353,42.2,0,19706.6,10.1,1
sim-007536,15,group_a,21631.45,0.3379,78.5,0,9551.61,14.1,0
sim-007537,15,group_b,75270.4,0.2591,40.3,3,7891.46,5.4,0
sim-007538,15,group_a,25793.5,0.2926,106.4,2,10969.37,5.7,0
sim-007539,15,group_a,47882.83,0.2465,126.8,4,11457.43,6.7,1
sim-007540,15,group_b,49816.21,0.2113,61.0,1,5914.47,12.3,0
sim-007541,15,group_a,42661.82,0.3112,87.0,0,4457.62,1.5,0
sim-007542,15,group_b,29746.73,0.0412,16.0,0,6384.95,6.7,0
sim-007543,15,group_b,38838.0,0.2139,35.7,1,12468.06,2.6,0
sim-007544,15,group_a,27749.65,0.204,34.6,2,7110.45,7.0,0
sim-007545,15,group_a,58096.15,0.237,35.6,0,4544.66,11.7,1
sim-007546,15,group_a,52577.82,0.4926,33.5,3,8780.29,2.4,1
sim-007547,15,group_a,40987.03,0.3454,91.7,2,18758.55,7.5,0
sim-007548,15,group_a,32574.74,0.4959,18.8,1,7825.04,10.8,0
sim-007549,15,group_a,100215.04,0.4677,186.7,1,3518.49,6.7,0
sim-007550,15,group_b,23935.86,0.1011,79.7,0,5246.41,4.1,0
sim-007551,15,group_b,21617.59,0.2733,96.4,1,6179.67,8.4,0
sim-007552,15,group_a,39956.93,0.2288,37.6,2,8083.53,1.1,0
sim-007553,15,group_a,37109.2,0.5876,57.4,0,10487.43,2.0,1
sim-007554,15,group_b,65577.28,0.2174,99.4,1,11910.26,4.8,1
sim-007555,15,group_b,54250.58,0.3843,108.1,2,7607.21,5.5,0
sim-007556,15,group_a,41873.18,0.4416,78.2,5,5084.24,10.8,1
sim-007557,15,group_a,51028.62,0.2602,48.0,1,3470.04,4.1,1
sim-007558,15,group_b,50640.64,0.5504,113.8,0,9002.36,4.9,1
sim-007559,15,group_b,100056.85,0.2905,42.2,2,3426.46,8.8,0
sim-007560,15,group_b,46000.73,0.1724,48.8,1,19000.66,13.8,0
sim-007561,15,group_a,31068.43,0.2743,32.8,0,14050.15,3.5,0
sim-007562,15,group_a,44952.9,0.338,85.5,2,16530.83,5.3,0
sim-007563,15,group_a,13768.72,0.2443,52.5,1,7163.21,4.6,1
sim-007564,15,group_a,40793.91,0.3413,68.9,1,8299.82,6.5,1
sim-007565,15,group_b,65450.71,0.3779,42.5,1,4370.59,9.4,0
sim-007566,15,group_a,53258.75,0.2277,70.2,1,12230.05,6.6,0
sim-007567,15,group_b,46882.21,0.1609,104.9,1,3624.11,6.7,0
sim-007568,15,group_b,54321.78,0.5795,49.8,3,7134.68,8.6,0
sim-007569,15,group_b,65733.75,0.2074,79.7,2,4983.67,5.7,0
sim-007570,15,group_b,75252.02,0.2842,67.0,2,16738.93,2.3,0
sim-007571,15,group_b,49907.74,0.1874,87.8,0,9798.72,9.4,0
sim-007572,15,group_a,36215.16,0.3862,92.0,1,9186.97,2.7,0
sim-007573,15,group_a,15651.48,0.1729,30.1,0,6843.14,9.9,0
sim-007574,15,group_a,62369.57,0.5095,101.4,1,11504.2,20.8,1
sim-007575,15,group_b,51348.19,0.2084,66.4,1,17214.11,1.4,0
sim-007576,15,group_b,44095.68,0.1741,94.3,0,17526.22,1.4,0
sim-007577,15,group_a,30977.56,0.5195,14.8,0,29350.68,12.0,0
sim-007578,15,group_a,62029.41,0.2295,87.3,3,4840.34,3.9,0
sim-007579,15,group_a,37121.84,0.5613,45.5,1,5950.53,4.0,1
sim-007580,15,group_a,40763.51,0.4002,74.8,1,11849.18,3.2,0
sim-007581,15,group_b,40395.95,0.505,83.3,2,8136.03,2.3,0
sim-007582,15,group_a,49957.99,0.4022,159.1,0,9433.65,8.7,0
sim-007583,15,group_b,25529.11,0.5474,71.9,3,3813.1,1.4,0
sim-007584,15,group_a,52379.56,0.4536,68.5,1,12130.66,3.9,0
sim-007585,15,group_a,30553.27,0.7113,36.2,4,6331.97,12.5,1
sim-007586,15,group_a,31006.82,0.1079,62.2,1,9968.3,3.1,1
sim-007587,15,group_b,59982.06,0.5627,38.8,2,7355.38,8.7,1
sim-007588,15,group_b,27230.37,0.3375,92.5,0,4670.48,3.8,0
sim-007589,15,group_a,59936.79,0.1739,85.4,0,18904.23,7.2,0
sim-007590,15,group_a,43155.88,0.2908,99.5,2,10952.03,8.0,0
sim-007591,15,group_b,20696.58,0.1726,55.5,0,8025.7,7.8,0
sim-007592,15,group_b,73356.02,0.4693,28.7,4,4909.5,4.2,0
sim-007593,15,group_b,47113.11,0.2834,56.4,1,11746.94,5.9,0
sim-007594,15,group_b,48802.31,0.3223,71.2,5,10232.28,3.7,0
sim-007595,15,group_b,63135.71,0.1596,141.9,4,5130.19,3.8,0
sim-007596,15,group_a,77627.17,0.1788,147.2,1,10184.35,10.9,0
sim-007597,15,group_b,45000.61,0.2083,44.8,0,7658.15,4.9,0
sim-007598,15,group_a,53597.66,0.1086,65.2,2,9991.4,2.4,0
sim-007599,15,group_b,48334.37,0.1325,31.0,0,10531.76,2.6,1
sim-007600,15,group_b,35810.47,0.2122,25.6,0,5807.35,17.2,0
sim-007601,15,group_b,21267.95,0.2151,106.9,0,10167.13,11.0,0
sim-007602,15,group_a,45264.0,0.2027,25.5,1,16751.62,14.1,0
sim-007603,15,group_a,73802.94,0.6856,104.9,2,11423.65,6.5,0
sim-007604,15,group_b,52838.74,0.6168,104.0,2,8146.68,4.3,0
sim-007605,15,group_b,26414.87,0.3576,43.9,0,8341.02,3.8,0
sim-007606,15,group_b,65575.61,0.2572,40.0,1,17500.1,3.5,0
sim-007607,15,group_a,36316.33,0.2232,58.0,2,17055.75,5.2,0
sim-007608,15,group_a,17177.39,0.4654,68.6,2,4753.06,3.2,0
sim-007609,15,group_b,63419.05,0.0687,68.5,0,10430.55,12.7,0
sim-007610,15,group_b,27804.14,0.2216,51.8,1,7115.02,2.8,0
sim-007611,15,group_b,87369.88,0.5912,21.2,4,4346.3,7.2,1
sim-007612,15,group_b,66974.34,0.303,73.0,2,12269.48,6.0,0
sim-007613,15,group_a,37583.65,0.2916,118.1,2,10704.92,4.9,0
sim-007614,15,group_a,50157.89,0.1057,62.8,0,6028.7,10.2,0
sim-007615,15,group_b,114467.45,0.1741,53.4,0,7126.67,5.9,0
sim-007616,15,group_a,62944.14,0.3469,133.2,0,14560.28,3.1,0
sim-007617,15,group_b,45708.7,0.3175,43.0,0,6616.28,6.6,0
sim-007618,15,group_b,139169.05,0.3163,68.0,1,6006.69,17.6,0
sim-007619,15,group_b,43450.78,0.5354,119.4,2,4601.4,3.6,0
sim-007620,15,group_a,52805.06,0.4281,75.1,2,10765.72,5.8,0
sim-007621,15,group_b,27911.4,0.4562,126.0,0,3923.92,2.6,1
sim-007622,15,group_a,20468.0,0.1782,54.6,0,3921.98,11.8,0
sim-007623,15,group_a,36648.33,0.3165,118.1,0,7196.43,9.0,1
sim-007624,15,group_a,42029.68,0.4385,78.8,2,5925.0,14.5,0
sim-007625,15,group_a,47490.77,0.4052,94.2,0,4097.19,4.1,0
sim-007626,15,group_b,22781.32,0.5093,50.8,1,4665.01,21.0,0
sim-007627,15,group_b,54583.3,0.4195,74.8,1,3517.24,7.9,1
sim-007628,15,group_a,29179.98,0.2751,61.3,1,8746.25,6.1,0
sim-007629,15,group_b,53405.47,0.3652,61.0,1,4202.16,7.1,0
sim-007630,15,group_a,61246.94,0.3854,82.3,5,4345.17,5.2,0
sim-007631,15,group_b,35027.41,0.2982,59.4,1,7491.0,10.3,0
sim-007632,15,group_b,27589.65,0.2093,39.5,2,7210.5,4.3,0
sim-007633,15,group_a,79089.29,0.1084,24.3,1,8503.29,3.7,0
sim-007634,15,group_a,59672.29,0.3399,49.6,1,21304.74,8.7,0
sim-007635,15,group_a,44083.02,0.1009,87.4,2,5848.18,4.3,0
sim-007636,15,group_a,76629.67,0.7783,85.5,2,1825.62,16.6,1
sim-007637,15,group_b,42828.97,0.2046,100.7,2,12483.6,5.6,0
sim-007638,15,group_a,31868.93,0.5699,35.3,4,4240.6,5.7,1
sim-007639,15,group_a,27154.15,0.3547,57.2,1,11538.36,6.4,0
sim-007640,15,group_a,39526.41,0.1509,35.2,0,5072.41,3.0,1
sim-007641,15,group_b,57189.33,0.423,53.9,0,8192.0,7.1,0
sim-007642,15,group_a,74139.14,0.2352,58.7,3,6717.3,7.1,0
sim-007643,15,group_b,41767.52,0.1436,97.1,0,6342.55,8.2,0
sim-007644,15,group_b,68838.09,0.1986,84.6,0,3292.55,4.5,0
sim-007645,15,group_a,37797.82,0.2392,59.0,1,6060.76,5.3,0
sim-007646,15,group_a,29784.07,0.1647,26.6,1,4504.86,2.7,0
sim-007647,15,group_a,23893.18,0.3307,44.6,3,9493.71,0.3,1
sim-007648,15,group_a,33435.69,0.2834,57.9,0,22373.7,8.1,0
sim-007649,15,group_b,24274.07,0.0235,142.1,2,7746.46,9.5,0
sim-007650,15,group_b,96181.75,0.0569,10.2,0,18851.87,2.1,0
sim-007651,15,group_a,49737.0,0.2836,80.2,2,3279.1,1.3,1
sim-007652,15,group_a,39729.2,0.0405,41.9,1,8840.5,7.6,0
sim-007653,15,group_a,85241.25,0.6317,39.2,1,6583.87,4.0,1
sim-007654,15,group_a,23933.82,0.2826,63.4,1,5569.12,6.1,1
sim-007655,15,group_b,39042.26,0.1336,48.1,1,2885.57,10.4,0
sim-007656,15,group_b,95785.15,0.3132,41.1,2,10022.94,1.3,1
sim-007657,15,group_b,38929.32,0.0441,48.1,0,12244.51,4.8,0
sim-007658,15,group_a,115573.48,0.1267,57.9,1,8398.56,5.9,0
sim-007659,15,group_a,57523.8,0.4384,111.0,2,3645.16,7.2,0
sim-007660,15,group_a,71574.12,0.0682,97.7,0,4969.48,3.7,0
sim-007661,15,group_b,72450.28,0.1503,86.9,1,6359.5,1.6,0
sim-007662,15,group_b,41384.97,0.4894,100.2,2,14206.96,4.1,1
sim-007663,15,group_b,33689.82,0.5982,85.8,3,4246.26,13.6,1
sim-007664,15,group_a,39399.76,0.2644,108.2,1,11200.51,10.5,0
sim-007665,15,group_a,27323.12,0.2366,42.7,2,15189.07,5.6,0
sim-007666,15,group_b,40227.08,0.3282,33.2,2,7666.09,4.3,1
sim-007667,15,group_a,41280.66,0.3014,73.1,2,9105.93,10.9,0
sim-007668,15,group_b,84076.19,0.3798,94.3,4,7219.89,7.5,0
sim-007669,15,group_a,53059.85,0.3609,67.9,2,4123.66,6.7,0
sim-007670,15,group_b,111557.94,0.4901,44.1,0,8253.57,11.6,0
sim-007671,15,group_a,16697.12,0.404,87.4,1,5118.45,10.9,0
sim-007672,15,group_b,24806.02,0.2108,73.6,2,12774.25,5.7,1
sim-007673,15,group_a,35623.29,0.1535,51.2,0,12672.42,6.3,0
sim-007674,15,group_a,77408.18,0.256,52.1,0,8170.73,6.8,0
sim-007675,15,group_a,39496.9,0.4449,22.9,1,6370.05,3.9,1
sim-007676,15,group_a,22326.12,0.1645,32.6,1,10662.02,8.1,0
sim-007677,15,group_b,37311.16,0.2715,31.1,2,5629.76,1.6,0
sim-007678,15,group_b,25009.44,0.1496,28.6,1,2154.93,1.8,0
sim-007679,15,group_b,23032.86,0.2564,92.2,0,4879.3,8.7,1
sim-007680,15,group_b,95751.13,0.161,18.8,0,6417.15,1.8,0
sim-007681,15,group_b,35679.24,0.1555,16.6,0,4507.44,19.9,0
sim-007682,15,group_a,44476.85,0.343,166.4,1,15231.88,4.6,0
sim-007683,15,group_b,39773.59,0.116,54.7,1,3717.21,5.3,0
sim-007684,15,group_a,37211.45,0.5344,35.1,1,9532.69,1.4,1
sim-007685,15,group_b,29054.32,0.119,172.5,2,8111.66,1.7,1
sim-007686,15,group_a,36298.56,0.5292,41.8,3,4518.85,14.4,0
sim-007687,15,group_b,47650.05,0.3299,95.1,4,7934.07,1.4,1
sim-007688,15,group_a,75043.77,0.3378,55.9,4,4576.19,2.1,0
sim-007689,15,group_a,61569.57,0.0543,27.3,1,8260.26,6.9,0
sim-007690,15,group_a,24784.95,0.4266,14.1,1,8126.9,5.3,1
sim-007691,15,group_a,62641.52,0.3386,58.9,1,3172.17,5.4,0
sim-007692,15,group_a,50497.75,0.2935,40.7,6,3094.13,9.9,0
sim-007693,15,group_a,31812.58,0.3713,59.0,1,16589.36,5.4,0
sim-007694,15,group_a,44644.25,0.2642,96.3,1,9670.58,6.1,0
sim-007695,15,group_b,52594.17,0.258,75.9,0,5842.0,2.7,0
sim-007696,15,group_a,42182.56,0.1885,116.5,1,6708.27,12.2,0
sim-007697,15,group_b,50599.76,0.1325,27.4,1,6314.93,0.7,0
sim-007698,15,group_a,28783.59,0.0897,56.5,1,12815.67,8.3,0
sim-007699,15,group_a,95510.31,0.3316,24.6,2,6399.47,12.4,0
sim-007700,15,group_a,18392.54,0.2012,145.2,1,3836.83,4.0,0
sim-007701,15,group_a,52717.22,0.6465,24.8,2,6221.58,6.3,0
sim-007702,15,group_a,48244.67,0.4797,43.5,1,5282.33,2.1,0
sim-007703,15,group_b,54178.33,0.1107,62.3,0,7198.35,6.9,0
sim-007704,15,group_a,30714.33,0.2375,14.0,0,15743.31,6.2,0
sim-007705,15,group_a,67579.69,0.2034,105.3,0,3921.54,1.0,0
sim-007706,15,group_a,39523.4,0.4176,155.0,2,4532.39,7.5,0
sim-007707,15,group_a,25129.3,0.5571,55.4,3,10905.41,5.9,0
sim-007708,15,group_a,26112.77,0.3043,71.6,2,5085.42,6.9,1
sim-007709,15,group_b,43580.98,0.6839,56.2,3,13659.11,5.5,1
sim-007710,15,group_a,21151.39,0.4408,90.1,1,12968.68,8.7,0
sim-007711,15,group_b,88098.65,0.2155,69.7,1,11255.59,3.4,1
sim-007712,15,group_a,64250.64,0.3118,145.8,0,14534.95,4.2,0
sim-007713,15,group_a,89078.62,0.1681,63.9,1,12534.69,5.6,0
sim-007714,15,group_a,85220.55,0.1847,99.1,1,5816.7,12.2,0
sim-007715,15,group_a,35674.78,0.399,66.2,1,26425.26,4.3,0
sim-007716,15,group_a,28706.58,0.291,32.8,2,4093.06,2.7,0
sim-007717,15,group_b,13431.2,0.4848,102.9,1,7934.25,2.0,0
sim-007718,15,group_b,34869.98,0.5161,29.0,0,6931.48,4.8,1
sim-007719,15,group_a,86818.43,0.2225,86.1,0,17703.15,4.6,1
sim-007720,15,group_a,29211.06,0.1782,62.1,1,10998.33,7.0,1
sim-007721,15,group_b,37866.92,0.162,61.2,0,11489.12,2.8,0
sim-007722,15,group_a,32763.83,0.3887,99.5,0,10973.64,4.8,1
sim-007723,15,group_a,48411.76,0.1047,112.0,2,5494.16,8.5,1
sim-007724,15,group_b,70980.15,0.1111,86.3,0,5473.83,14.5,0
sim-007725,15,group_a,21666.69,0.2099,124.3,0,20899.83,1.5,0
sim-007726,15,group_a,23480.7,0.2723,54.3,0,16945.59,5.1,0
sim-007727,15,group_a,77217.42,0.255,55.7,2,7532.22,6.0,0
sim-007728,15,group_b,56268.38,0.0726,24.9,1,5577.88,2.8,0
sim-007729,15,group_a,37088.42,0.1897,55.9,1,9185.97,2.5,0
sim-007730,15,group_b,84708.8,0.3692,49.6,1,15601.01,4.5,1
sim-007731,15,group_a,23311.17,0.3636,63.7,0,10025.24,10.6,0
sim-007732,15,group_a,61151.5,0.3066,69.3,2,6331.09,7.3,0
sim-007733,15,group_a,40188.65,0.1171,67.6,0,8140.46,2.8,0
sim-007734,15,group_b,53356.36,0.2887,48.5,1,8449.04,7.8,0
sim-007735,15,group_a,15174.87,0.3462,67.0,1,18185.81,0.7,1
sim-007736,15,group_b,37067.82,0.0999,68.3,0,4999.26,2.8,0
sim-007737,15,group_a,56356.6,0.4996,103.5,3,8660.55,1.5,0
sim-007738,15,group_a,40271.58,0.0433,30.1,1,11968.87,6.2,0
sim-007739,15,group_a,70068.25,0.5241,52.3,2,4833.11,3.8,0
sim-007740,15,group_a,69089.5,0.1429,41.8,0,6213.41,6.4,1
sim-007741,15,group_a,27650.62,0.2166,105.7,1,12503.58,14.9,0
sim-007742,15,group_b,58458.77,0.1135,22.4,1,9595.54,0.5,0
sim-007743,15,group_b,27257.44,0.1817,110.3,2,11267.45,6.4,1
sim-007744,15,group_b,42306.1,0.1326,36.5,0,15279.03,4.0,0
sim-007745,15,group_b,54479.18,0.5475,112.9,1,7689.39,3.8,0
sim-007746,15,group_a,29120.02,0.124,42.8,1,20200.85,3.8,0
sim-007747,15,group_b,57555.73,0.0932,85.6,0,17729.87,5.0,0
sim-007748,15,group_a,33448.11,0.1952,41.1,1,7714.22,0.5,0
sim-007749,15,group_b,32406.26,0.2133,74.0,1,11263.03,4.7,0
sim-007750,15,group_b,55647.55,0.1215,71.9,0,9347.5,5.9,0
sim-007751,15,group_a,29111.58,0.2991,45.2,0,3712.1,5.9,1
sim-007752,15,group_b,28496.29,0.264,62.2,1,17842.93,1.0,0
sim-007753,15,group_b,64041.43,0.0581,49.4,2,4999.37,2.1,0
sim-007754,15,group_a,43286.41,0.6377,39.5,0,12583.56,11.6,0
sim-007755,15,group_b,22455.03,0.5847,194.4,5,7883.24,7.9,0
sim-007756,15,group_a,59241.01,0.4799,13.9,3,4468.68,7.8,1
sim-007757,15,group_a,34864.61,0.1554,76.8,0,13913.57,1.1,0
sim-007758,15,group_a,22942.23,0.0942,52.5,0,11288.23,6.2,0
sim-007759,15,group_a,14428.02,0.4086,51.6,1,5670.97,4.0,0
sim-007760,15,group_a,60441.67,0.2925,53.8,0,4374.04,6.5,0
sim-007761,15,group_b,28820.28,0.313,70.2,0,8579.86,3.3,0
sim-007762,15,group_a,24528.36,0.4355,153.4,0,9146.66,9.8,0
sim-007763,15,group_a,54097.82,0.2017,76.1,0,11577.21,5.7,0
sim-007764,15,group_b,58013.58,0.5373,48.4,1,2654.93,1.2,0
sim-007765,15,group_a,29715.28,0.2658,49.5,0,15822.79,1.6,0
sim-007766,15,group_b,60676.34,0.5368,25.9,1,7304.85,2.9,0
sim-007767,15,group_a,98032.57,0.2668,43.3,2,10900.7,21.7,0
sim-007768,15,group_b,72809.27,0.3493,76.5,1,7622.43,7.8,0
sim-007769,15,group_b,68203.01,0.5308,85.8,1,12119.51,6.5,1
sim-007770,15,group_a,47189.86,0.4917,174.0,2,4180.06,17.1,1
sim-007771,15,group_a,34325.31,0.23,80.2,2,4221.71,6.9,1
sim-007772,15,group_a,40397.69,0.5831,52.1,2,10736.13,6.1,0
sim-007773,15,group_b,49767.2,0.1269,65.8,2,15477.82,4.5,1
sim-007774,15,group_b,24387.96,0.2459,107.5,1,9986.16,1.9,0
sim-007775,15,group_a,29937.27,0.1779,93.9,2,4980.17,5.8,0
sim-007776,15,group_a,22705.1,0.321,52.8,1,15221.26,2.5,1
sim-007777,15,group_b,45650.89,0.497,52.8,3,8408.83,4.0,0
sim-007778,15,group_a,42825.23,0.6084,114.9,2,6857.47,6.9,0
sim-007779,15,group_b,31440.82,0.3954,56.6,0,10165.18,1.8,0
sim-007780,15,group_b,58373.05,0.3897,42.4,2,8047.93,5.4,0
sim-007781,15,group_a,26669.29,0.1286,87.1,0,5021.73,2.7,1
sim-007782,15,group_a,30954.37,0.548,104.1,1,9858.68,13.0,0
sim-007783,15,group_a,57401.24,0.1431,44.8,0,5130.46,9.0,1
sim-007784,15,group_a,61089.95,0.2961,108.7,1,12000.7,3.1,0
sim-007785,15,group_b,29607.86,0.0435,137.9,0,7909.04,7.8,0
sim-007786,15,group_b,45590.65,0.5259,92.1,0,8005.86,11.9,0
sim-007787,15,group_b,29819.0,0.0344,22.9,1,12369.93,8.3,0
sim-007788,15,group_a,38067.55,0.3099,62.8,3,4692.86,6.7,0
sim-007789,15,group_a,43932.59,0.4302,123.0,1,7267.96,5.2,0
sim-007790,15,group_b,52331.5,0.3402,105.5,1,12532.57,3.2,0
sim-007791,15,group_a,47257.88,0.6939,10.6,4,6993.54,4.8,1
sim-007792,15,group_a,46384.85,0.4071,15.1,1,1247.66,1.5,0
sim-007793,15,group_a,26292.28,0.071,74.8,0,8811.51,0.9,0
sim-007794,15,group_b,48682.56,0.6364,78.8,1,11507.53,6.1,0
sim-007795,15,group_b,52127.48,0.371,105.4,0,10414.89,7.1,0
sim-007796,15,group_a,55235.02,0.0716,40.2,0,10398.69,2.1,0
sim-007797,15,group_b,30570.83,0.378,88.0,4,6604.05,3.7,0
sim-007798,15,group_a,60751.43,0.4654,97.6,0,5441.55,3.3,1
sim-007799,15,group_a,23783.83,0.1083,59.4,0,10673.52,9.4,0
sim-007800,15,group_a,34511.79,0.768,57.9,4,8195.86,7.1,1
sim-007801,15,group_b,36837.88,0.1823,118.7,1,6832.98,13.1,0
sim-007802,15,group_a,24337.85,0.2973,58.6,0,6521.81,2.4,1
sim-007803,15,group_a,36603.58,0.2485,48.2,4,8590.25,8.5,1
sim-007804,15,group_a,45388.86,0.2002,30.6,2,9212.12,3.4,1
sim-007805,15,group_b,19209.8,0.1042,73.4,1,5971.53,14.9,0
sim-007806,15,group_b,35039.49,0.0261,54.5,0,8151.3,12.6,1
sim-007807,15,group_a,19844.29,0.1761,55.2,1,3806.36,3.6,0
sim-007808,15,group_b,97484.27,0.4447,69.0,3,10880.8,5.7,0
sim-007809,15,group_a,45217.81,0.5277,111.4,0,9313.29,5.6,0
sim-007810,15,group_a,43601.56,0.078,103.1,0,8857.23,5.1,0
sim-007811,15,group_b,45591.24,0.0451,94.7,0,6966.29,10.1,0
sim-007812,15,group_b,53311.04,0.0423,49.7,0,17177.32,8.1,0
sim-007813,15,group_a,62369.09,0.2121,84.8,0,6280.62,10.5,1
sim-007814,15,group_a,21446.3,0.3631,27.0,1,3828.05,7.6,0
sim-007815,15,group_a,71702.05,0.1421,75.6,1,6487.81,6.2,0
sim-007816,15,group_a,69790.04,0.4224,46.3,2,4370.33,12.3,1
sim-007817,15,group_b,40220.59,0.3395,72.2,1,1826.49,2.4,0
sim-007818,15,group_b,39345.38,0.1912,54.2,2,20152.22,4.9,1
sim-007819,15,group_a,11235.58,0.5263,65.2,1,5931.57,6.1,0
sim-007820,15,group_b,24526.85,0.4778,19.4,1,14105.72,15.2,0
sim-007821,15,group_a,51426.9,0.1946,184.3,1,9686.94,2.9,0
sim-007822,15,group_a,68477.42,0.4773,72.8,0,14528.39,2.4,1
sim-007823,15,group_a,56168.51,0.2647,110.2,1,5175.54,3.8,0
sim-007824,15,group_b,40062.65,0.2692,80.2,1,23054.47,3.7,1
sim-007825,15,group_a,92861.7,0.3989,19.3,1,4785.24,8.3,0
sim-007826,15,group_b,63080.93,0.3256,74.4,2,8850.98,0.5,1
sim-007827,15,group_a,35052.17,0.1792,23.1,0,6506.54,15.6,1
sim-007828,15,group_b,103413.05,0.3761,49.0,1,14345.76,2.1,0
sim-007829,15,group_a,26097.89,0.2403,65.8,1,10544.1,19.0,0
sim-007830,15,group_b,22288.52,0.3424,56.6,1,3025.34,6.4,0
sim-007831,15,group_b,34652.87,0.3888,31.0,1,7107.49,2.4,0
sim-007832,15,group_a,30072.64,0.0755,31.0,0,15844.65,2.6,0
sim-007833,15,group_b,35480.15,0.449,101.3,0,5536.51,21.1,1
sim-007834,15,group_b,57826.25,0.311,111.6,1,6822.21,4.9,0
sim-007835,15,group_a,40771.09,0.2126,87.9,1,7958.2,4.8,0
sim-007836,15,group_a,41213.26,0.0265,115.8,0,6540.92,8.1,0
sim-007837,15,group_b,42391.46,0.0393,184.2,0,14989.36,6.5,0
sim-007838,15,group_b,15659.35,0.6063,76.3,2,5861.08,4.9,0
sim-007839,15,group_a,21885.74,0.1373,102.9,0,8328.89,5.4,0
sim-007840,15,group_b,35177.76,0.3462,61.5,0,12044.2,8.3,0
sim-007841,15,group_a,29026.66,0.4442,40.0,1,9400.84,7.4,0
sim-007842,15,group_a,37520.74,0.6174,24.4,0,12423.73,13.2,1
sim-007843,15,group_b,74587.93,0.6031,137.2,1,6704.88,5.4,0
sim-007844,15,group_a,40083.95,0.5275,41.6,2,6382.43,8.6,1
sim-007845,15,group_a,23734.6,0.1737,10.3,1,8763.17,10.7,0
sim-007846,15,group_a,29640.53,0.1067,48.5,1,7660.69,5.7,0
sim-007847,15,group_a,84833.17,0.1741,64.1,0,8407.82,5.2,0
sim-007848,15,group_a,78719.6,0.0781,183.3,1,8297.89,9.8,1
sim-007849,15,group_b,53117.86,0.051,75.3,0,9562.38,3.2,0
sim-007850,15,group_a,21455.95,0.5218,53.8,3,8840.05,7.9,1
sim-007851,15,group_b,47044.92,0.1259,104.7,3,10788.67,8.1,0
sim-007852,15,group_b,48589.02,0.1136,66.0,1,6833.5,11.4,0
sim-007853,15,group_a,41803.15,0.5157,60.7,0,11569.83,8.4,0
sim-007854,15,group_a,32552.04,0.247,87.6,0,6796.32,10.4,0
sim-007855,15,group_b,35514.45,0.4795,56.1,2,24953.09,9.6,1
sim-007856,15,group_a,31612.87,0.4244,142.6,1,14882.1,2.9,0
sim-007857,15,group_a,25567.29,0.3691,138.3,1,19910.23,8.2,0
sim-007858,15,group_b,73402.62,0.1982,108.5,0,8020.06,12.0,0
sim-007859,15,group_b,59908.39,0.2716,43.7,1,5215.65,6.2,0
sim-007860,15,group_b,36692.57,0.4098,59.2,1,2124.52,8.5,0
sim-007861,15,group_a,47950.04,0.3469,97.4,2,4823.67,4.7,0
sim-007862,15,group_a,48711.69,0.1116,58.5,0,8510.68,13.9,0
sim-007863,15,group_a,110637.14,0.3964,55.3,1,16644.77,2.2,1
sim-007864,15,group_b,59663.69,0.3102,78.0,0,6064.22,10.5,0
sim-007865,15,group_a,58723.97,0.8237,42.0,2,6555.28,1.7,1
sim-007866,15,group_a,42022.15,0.227,62.3,2,11448.8,12.0,0
sim-007867,15,group_a,34459.57,0.1675,50.3,1,2944.16,4.5,0
sim-007868,15,group_b,73919.97,0.1377,34.6,0,11925.44,0.9,0
sim-007869,15,group_b,54391.02,0.4636,83.3,2,14571.2,4.3,0
sim-007870,15,group_a,29190.32,0.4747,37.4,2,18799.09,6.9,0
sim-007871,15,group_a,50042.3,0.5702,29.4,0,9006.05,7.4,0
sim-007872,15,group_a,58788.54,0.1975,25.3,1,8238.78,6.7,0
sim-007873,15,group_a,17149.96,0.5366,85.3,3,10237.57,1.4,0
sim-007874,15,group_a,28073.95,0.19,36.4,0,12703.62,5.0,1
sim-007875,15,group_a,48163.72,0.3371,41.8,2,13578.57,1.9,1
sim-007876,15,group_b,18429.84,0.1332,106.0,1,8442.56,3.3,1
sim-007877,15,group_b,19697.06,0.3626,23.0,1,6287.25,9.6,0
sim-007878,15,group_b,36916.21,0.3125,55.0,0,5335.82,4.9,1
sim-007879,15,group_b,50840.5,0.8422,182.9,5,9947.21,5.3,0
sim-007880,15,group_a,51837.5,0.2965,43.8,2,10004.75,2.1,0
sim-007881,15,group_a,80387.0,0.1413,100.5,0,5804.8,3.6,0
sim-007882,15,group_a,42811.02,0.3616,52.5,1,7830.11,5.2,0
sim-007883,15,group_b,35365.28,0.3237,42.3,3,26628.81,6.0,0
sim-007884,15,group_a,23882.68,0.4195,57.8,0,16495.95,4.3,0
sim-007885,15,group_a,35187.86,0.4898,67.1,3,22365.6,8.2,0
sim-007886,15,group_a,55668.09,0.165,26.0,1,12183.75,1.1,0
sim-007887,15,group_a,56734.82,0.0479,43.0,0,17620.28,7.1,0
sim-007888,15,group_b,46218.71,0.2859,101.3,1,5826.53,12.4,0
sim-007889,15,group_b,52041.06,0.5526,54.2,0,14392.66,12.8,0
sim-007890,15,group_a,70691.53,0.2436,110.8,2,10259.04,6.4,0
sim-007891,15,group_b,42685.48,0.1777,135.6,1,14026.62,4.5,0
sim-007892,15,group_a,73443.66,0.1733,112.1,0,8554.31,2.5,0
sim-007893,15,group_a,30479.46,0.5332,117.3,2,4684.76,1.9,0
sim-007894,15,group_a,40103.45,0.3132,66.7,4,6236.0,3.5,1
sim-007895,15,group_b,33794.39,0.3756,36.9,1,17921.99,5.1,0
sim-007896,15,group_b,57695.6,0.3383,105.4,1,5142.6,2.5,1
sim-007897,15,group_a,27008.76,0.2031,123.1,1,9636.45,4.6,1
sim-007898,15,group_b,36129.27,0.1379,80.7,1,7241.85,6.4,0
sim-007899,15,group_a,18938.19,0.2387,49.5,4,14165.35,10.8,1
sim-007900,15,group_a,53084.38,0.1663,49.6,0,3904.16,6.4,1
sim-007901,15,group_b,69818.33,0.2671,119.8,0,6019.42,7.2,0
sim-007902,15,group_b,60627.1,0.4039,32.7,0,3831.57,5.2,0
sim-007903,15,group_b,58180.39,0.3598,19.2,0,6081.07,3.2,0
sim-007904,15,group_b,58838.29,0.2884,84.0,2,12168.83,14.9,0
sim-007905,15,group_a,55485.19,0.2085,63.4,3,3400.12,9.0,0
sim-007906,15,group_b,53532.6,0.184,102.7,0,5037.37,5.3,0
sim-007907,15,group_b,55003.04,0.2437,69.8,1,5430.75,3.1,0
sim-007908,15,group_a,31401.58,0.4606,85.0,0,6948.52,9.3,0
sim-007909,15,group_a,38021.94,0.397,103.8,1,6342.09,18.0,0
sim-007910,15,group_b,42595.43,0.4996,97.3,2,8633.56,5.1,0
sim-007911,15,group_a,35918.36,0.1897,73.2,2,11816.32,6.5,0
sim-007912,15,group_a,21421.49,0.5919,142.6,2,3266.89,8.2,0
sim-007913,15,group_b,24619.55,0.3219,125.5,2,9906.7,11.0,0
sim-007914,15,group_b,45551.1,0.532,114.0,1,7196.66,7.5,0
sim-007915,15,group_b,60501.65,0.2529,61.2,0,9355.48,3.2,0
sim-007916,15,group_b,41519.71,0.3714,57.3,2,6699.66,4.2,0
sim-007917,15,group_a,132088.2,0.5922,32.5,0,14171.41,10.1,0
sim-007918,15,group_b,28104.92,0.3174,45.3,0,7083.69,9.8,0
sim-007919,15,group_a,49855.08,0.5685,86.3,1,16437.96,3.4,0
sim-007920,15,group_b,71132.89,0.4604,64.3,4,17482.36,7.7,0
sim-007921,15,group_a,64704.39,0.1575,144.7,1,7181.71,1.5,0
sim-007922,15,group_b,54454.9,0.0444,132.8,0,10184.89,3.5,0
sim-007923,15,group_a,64828.89,0.4415,37.9,2,9061.29,4.1,0
sim-007924,15,group_b,42330.61,0.2589,25.9,0,9181.36,3.7,0
sim-007925,15,group_a,83150.74,0.3009,43.2,2,2896.69,3.5,0
sim-007926,15,group_a,70892.99,0.2337,150.2,1,1857.97,7.1,0
sim-007927,15,group_a,28913.51,0.1255,183.8,1,8674.34,2.6,1
sim-007928,15,group_a,47337.52,0.509,97.1,4,13564.77,4.4,0
sim-007929,15,group_b,21593.24,0.136,101.3,0,9964.72,16.2,0
sim-007930,15,group_a,78366.46,0.2085,32.1,2,10837.97,3.0,1
sim-007931,15,group_a,45441.32,0.2664,69.7,0,9383.0,3.9,0
sim-007932,15,group_a,72873.81,0.4364,149.5,1,8403.11,4.7,0
sim-007933,15,group_a,39500.55,0.3766,45.4,1,13436.21,7.9,0
sim-007934,15,group_b,18965.33,0.2439,92.2,1,6514.7,4.5,1
sim-007935,15,group_a,125203.33,0.4635,101.3,1,12635.42,6.4,0
sim-007936,15,group_a,43697.98,0.1075,43.7,2,7213.37,5.9,0
sim-007937,15,group_a,27171.19,0.5076,87.4,2,7962.64,4.2,0
sim-007938,15,group_a,66917.79,0.2092,23.5,2,15867.18,6.5,0
sim-007939,15,group_b,97251.93,0.2967,54.2,0,8832.52,1.5,0
sim-007940,15,group_a,37986.11,0.1415,4.5,0,10305.55,4.8,0
sim-007941,15,group_a,39668.72,0.0883,58.2,0,12972.6,9.1,0
sim-007942,15,group_b,45705.75,0.0699,57.8,1,2375.39,2.9,1
sim-007943,15,group_a,25936.13,0.3179,58.1,0,9908.02,5.5,0
sim-007944,15,group_b,30943.54,0.169,122.5,2,8602.86,2.6,1
sim-007945,15,group_a,87413.84,0.315,51.9,0,3903.95,3.7,0
sim-007946,15,group_b,39123.29,0.1704,228.6,0,6676.12,7.0,0
sim-007947,15,group_a,29092.22,0.3351,56.1,0,9573.55,6.8,1
sim-007948,15,group_a,34205.52,0.3518,32.8,0,4962.96,3.3,0
sim-007949,15,group_b,64898.9,0.5108,48.1,1,9206.02,2.3,1
sim-007950,15,group_b,18035.97,0.5763,108.6,2,5471.45,7.0,0
sim-007951,15,group_b,46025.6,0.3925,70.6,2,5589.92,9.8,0
sim-007952,15,group_b,116323.67,0.3896,78.6,0,6024.61,1.3,0
sim-007953,15,group_a,97056.28,0.1347,53.7,0,11977.99,8.1,0
sim-007954,15,group_b,52614.4,0.2211,29.7,2,16193.76,3.2,0
sim-007955,15,group_b,71890.97,0.3026,17.8,1,10855.64,2.0,0
sim-007956,15,group_a,71601.19,0.3693,44.6,3,6226.21,2.5,0
sim-007957,15,group_a,39227.85,0.1099,59.3,0,10445.72,3.7,0
sim-007958,15,group_a,60986.84,0.322,57.0,1,11915.29,5.8,1
sim-007959,15,group_b,87658.59,0.1245,50.5,2,7706.83,4.9,0
sim-007960,15,group_a,24324.03,0.3927,63.6,2,5061.44,1.9,1
sim-007961,15,group_a,52690.65,0.2597,106.0,1,19577.24,5.5,1
sim-007962,15,group_b,48137.64,0.2527,49.9,0,6974.05,2.9,0
sim-007963,15,group_b,43188.48,0.4875,90.1,1,7858.02,10.0,0
sim-007964,15,group_a,41612.09,0.3387,62.0,1,6029.82,3.1,0
sim-007965,15,group_b,45583.51,0.1546,158.9,0,19125.31,8.4,0
sim-007966,15,group_a,47218.47,0.1981,82.4,0,15629.7,2.4,1
sim-007967,15,group_b,66159.15,0.3981,32.5,1,9745.18,4.7,0
sim-007968,15,group_a,50520.59,0.1584,53.6,0,13489.52,5.9,0
sim-007969,15,group_a,38380.0,0.3495,70.9,0,7571.82,19.6,0
sim-007970,15,group_b,29063.34,0.2546,90.7,0,13600.78,2.6,1
sim-007971,15,group_a,33913.69,0.4161,72.0,1,8098.05,7.7,0
sim-007972,15,group_a,46151.73,0.6207,35.7,2,9183.48,1.9,0
sim-007973,15,group_a,30744.0,0.56,52.3,2,5902.31,11.0,0
sim-007974,15,group_b,61529.28,0.2977,70.5,0,3078.54,11.6,0
sim-007975,15,group_b,49544.33,0.4102,99.4,0,5705.42,1.9,0
sim-007976,15,group_b,66855.01,0.2804,149.0,2,8186.69,5.1,0
sim-007977,15,group_b,31624.77,0.2999,93.0,0,5680.74,1.3,1
sim-007978,15,group_b,29171.62,0.272,104.9,1,28056.99,2.1,1
sim-007979,15,group_a,66645.58,0.5942,42.8,2,12748.74,10.2,1
sim-007980,15,group_a,43677.16,0.2402,105.7,0,9674.09,14.4,0
sim-007981,15,group_b,37984.85,0.2881,97.1,0,8526.53,7.3,1
sim-007982,15,group_b,55461.11,0.2635,73.3,0,9374.32,7.4,0
sim-007983,15,group_b,54601.07,0.1346,121.1,1,14353.98,6.5,0
sim-007984,15,group_b,24405.88,0.2495,73.6,1,8188.68,2.2,0
sim-007985,15,group_a,73980.07,0.5246,70.5,1,6056.49,4.3,0
sim-007986,15,group_b,34808.92,0.2647,66.2,1,6481.9,7.4,0
sim-007987,15,group_b,84457.83,0.282,104.1,2,4518.31,0.4,0
sim-007988,15,group_b,23621.43,0.1947,48.2,0,5250.55,6.5,0
sim-007989,15,group_b,47254.71,0.4789,76.9,3,12254.12,4.4,0
sim-007990,15,group_a,38255.37,0.2684,116.0,1,11849.09,5.6,0
sim-007991,15,group_b,18040.99,0.0371,35.8,1,12278.83,3.6,1
sim-007992,15,group_a,54526.79,0.2632,60.4,2,4598.95,8.7,0
sim-007993,15,group_b,18433.9,0.3435,48.4,1,13600.6,9.3,0
sim-007994,15,group_a,36588.89,0.2923,55.5,1,6666.65,4.8,1
sim-007995,15,group_a,65761.89,0.5271,38.8,3,6714.26,2.7,1
sim-007996,15,group_a,33103.19,0.0296,36.2,0,5064.89,3.8,0
sim-007997,15,group_a,28294.75,0.3343,49.1,0,4065.62,2.8,0
sim-007998,15,group_a,57881.3,0.5276,30.5,0,4934.87,8.8,0
sim-007999,15,group_b,37242.37,0.2014,52.7,2,5200.21,1.3,1
sim-008000,16,group_a,35308.36,0.239,134.8,2,6400.51,3.3,1
sim-008001,16,group_b,71503.15,0.2642,19.8,2,12692.91,21.8,0
sim-008002,16,group_a,25635.74,0.1428,77.5,3,12414.63,4.1,1
sim-008003,16,group_a,34508.64,0.1271,36.6,1,12298.27,2.6,0
sim-008004,16,group_b,60228.91,0.3318,51.6,0,6331.29,4.1,0
sim-008005,16,group_b,24948.83,0.2936,39.7,0,6237.05,7.4,0
sim-008006,16,group_a,88225.01,0.3211,33.2,0,13557.95,9.1,0
sim-008007,16,group_b,38212.73,0.4678,60.1,0,3803.91,1.8,0
sim-008008,16,group_b,60433.66,0.1562,40.9,1,2881.66,5.5,0
sim-008009,16,group_b,60380.58,0.1324,96.4,2,4305.43,3.0,0
sim-008010,16,group_b,39263.05,0.2613,47.4,0,9348.96,3.0,0
sim-008011,16,group_b,34228.53,0.2391,191.7,0,7882.79,8.6,1
sim-008012,16,group_b,41107.87,0.247,54.5,0,4298.98,2.5,0
sim-008013,16,group_a,56462.24,0.0992,81.0,0,8741.7,3.4,0
sim-008014,16,group_a,27658.86,0.394,105.0,1,11113.49,13.6,0
sim-008015,16,group_a,25251.26,0.2971,58.4,1,29231.46,6.1,0
sim-008016,16,group_b,78070.31,0.2495,93.5,2,15752.25,10.3,0
sim-008017,16,group_b,30741.26,0.5693,46.1,1,9325.61,1.3,1
sim-008018,16,group_a,48567.76,0.2697,51.4,1,12783.0,6.8,0
sim-008019,16,group_b,38448.47,0.3413,82.3,1,29049.83,12.4,0
sim-008020,16,group_a,39171.18,0.4172,63.4,1,5271.81,8.2,0
sim-008021,16,group_a,76325.6,0.3135,114.3,0,4032.33,4.7,0
sim-008022,16,group_b,40385.62,0.3192,61.6,0,14454.48,6.8,0
sim-008023,16,group_a,36030.93,0.0774,161.8,1,7404.63,6.3,0
sim-008024,16,group_a,37373.58,0.3042,88.4,3,4789.81,0.9,0
sim-008025,16,group_a,33878.89,0.5389,140.2,0,7699.1,3.9,0
sim-008026,16,group_a,31588.93,0.3737,36.5,2,5281.73,10.3,1
sim-008027,16,group_b,33936.02,0.1055,52.0,0,4690.61,7.3,0
sim-008028,16,group_b,84166.16,0.4673,55.5,1,11342.13,1.6,1
sim-008029,16,group_b,56433.9,0.2682,61.0,4,6049.04,2.7,0
sim-008030,16,group_b,36207.35,0.3332,65.9,1,3834.43,11.1,0
sim-008031,16,group_a,63214.9,0.1841,221.8,1,8285.98,6.4,0
sim-008032,16,group_a,21490.77,0.6496,105.1,1,6682.93,7.5,1
sim-008033,16,group_a,74591.73,0.169,35.4,1,9970.76,0.9,0
sim-008034,16,group_a,72111.26,0.3803,137.4,0,7242.16,7.1,1
sim-008035,16,group_b,107072.37,0.3848,53.3,0,6116.38,7.3,0
sim-008036,16,group_a,64013.65,0.2071,7.2,1,15225.83,2.2,0
sim-008037,16,group_a,50293.87,0.088,63.3,0,4613.06,2.2,0
sim-008038,16,group_a,71989.75,0.2245,51.4,2,14143.4,2.4,1
sim-008039,16,group_b,32181.92,0.7206,86.0,2,8300.79,1.6,0
sim-008040,16,group_a,35451.65,0.4195,33.2,2,13349.33,2.6,0
sim-008041,16,group_a,40742.1,0.0871,176.0,1,8220.36,7.5,0
sim-008042,16,group_b,74379.1,0.4256,45.1,1,9547.94,12.0,0
sim-008043,16,group_a,29217.73,0.4111,64.0,0,9763.52,3.5,1
sim-008044,16,group_b,27943.34,0.1358,47.2,0,16545.79,9.9,0
sim-008045,16,group_a,46228.23,0.1551,27.7,3,9672.69,5.1,0
sim-008046,16,group_b,56577.28,0.4806,22.9,1,4331.12,7.4,0
sim-008047,16,group_b,31154.26,0.3447,101.4,1,9110.67,2.3,0
sim-008048,16,group_a,55468.78,0.1708,80.9,0,14016.56,2.4,0
sim-008049,16,group_b,74364.04,0.0634,53.1,0,14611.7,10.6,0
sim-008050,16,group_a,69299.57,0.3727,80.1,0,6740.96,2.3,0
sim-008051,16,group_b,48551.63,0.4022,42.7,2,6068.08,2.0,1
sim-008052,16,group_b,40293.64,0.2864,50.6,3,4577.96,2.4,1
sim-008053,16,group_b,86765.29,0.3878,39.6,1,12557.36,4.8,0
sim-008054,16,group_b,42128.08,0.4517,31.6,0,12010.9,4.1,0
sim-008055,16,group_b,62127.81,0.3938,38.8,2,17169.33,2.1,0
sim-008056,16,group_a,95270.76,0.2824,37.9,0,5970.82,9.9,0
sim-008057,16,group_a,59445.34,0.3691,78.3,1,9036.69,3.6,0
sim-008058,16,group_b,27535.23,0.1093,63.8,0,7509.5,2.9,0
sim-008059,16,group_b,24874.8,0.4474,56.2,2,6235.44,4.2,0
sim-008060,16,group_b,36937.98,0.2316,72.4,2,7944.83,3.1,0
sim-008061,16,group_a,56386.76,0.3961,44.5,0,4583.57,12.2,0
sim-008062,16,group_a,50453.63,0.1861,34.3,1,11745.97,5.2,0
sim-008063,16,group_b,105764.95,0.4913,42.8,0,13283.89,12.5,0
sim-008064,16,group_b,50247.88,0.5944,69.5,3,11467.25,2.8,1
sim-008065,16,group_a,36478.37,0.1079,44.8,1,8138.76,4.2,0
sim-008066,16,group_a,26003.76,0.1694,63.4,1,12594.24,6.8,0
sim-008067,16,group_a,68719.19,0.5863,58.2,0,6711.14,7.3,0
sim-008068,16,group_a,41749.98,0.2832,51.5,0,4068.0,1.5,0
sim-008069,16,group_b,22234.96,0.2691,26.7,0,6998.26,1.1,0
sim-008070,16,group_a,42249.57,0.096,47.2,0,6057.01,8.8,0
sim-008071,16,group_a,27550.89,0.1707,73.6,0,27022.17,3.4,0
sim-008072,16,group_a,35004.51,0.1393,99.8,0,12073.95,3.4,0
sim-008073,16,group_a,41965.4,0.2929,96.6,1,8234.34,7.0,0
sim-008074,16,group_b,28618.97,0.4633,92.3,1,14581.49,5.6,1
sim-008075,16,group_a,34104.95,0.4632,31.6,4,11379.58,2.8,1
sim-008076,16,group_a,30621.87,0.2371,115.6,1,8568.86,4.2,0
sim-008077,16,group_a,30968.89,0.1943,40.5,0,7609.12,8.6,1
sim-008078,16,group_b,27409.13,0.5428,49.4,1,5413.69,7.4,0
sim-008079,16,group_b,34174.63,0.3917,68.4,0,9869.2,3.5,0
sim-008080,16,group_a,28745.22,0.4188,110.5,3,12971.53,2.5,1
sim-008081,16,group_b,53549.69,0.3041,38.3,0,4231.24,9.4,0
sim-008082,16,group_a,45539.53,0.4593,218.2,1,10372.29,3.5,0
sim-008083,16,group_a,69132.51,0.3666,59.9,2,10067.37,6.2,1
sim-008084,16,group_a,92449.28,0.088,59.3,0,5497.83,2.7,0
sim-008085,16,group_b,55629.92,0.2758,65.4,0,8183.06,10.8,1
sim-008086,16,group_b,50555.48,0.4428,98.1,2,3932.9,6.3,0
sim-008087,16,group_a,57121.83,0.0703,91.3,1,9051.17,14.0,0
sim-008088,16,group_a,50917.77,0.5259,35.3,2,10326.4,4.1,1
sim-008089,16,group_a,42748.26,0.2847,82.0,3,11600.64,2.5,1
sim-008090,16,group_a,41344.02,0.2623,83.0,2,10026.44,3.5,0
sim-008091,16,group_a,27252.45,0.4291,120.7,3,13930.9,2.2,1
sim-008092,16,group_a,59536.58,0.5219,21.1,1,5817.78,14.5,0
sim-008093,16,group_b,41309.85,0.1039,127.3,1,11657.14,9.2,0
sim-008094,16,group_a,76941.29,0.3783,113.3,1,6834.11,11.6,1
sim-008095,16,group_b,61473.23,0.4655,107.5,0,5433.62,6.0,0
sim-008096,16,group_a,32180.0,0.1397,140.1,1,6235.77,16.7,0
sim-008097,16,group_a,70658.26,0.2532,115.3,2,4621.41,6.6,0
sim-008098,16,group_a,14278.19,0.3274,86.1,1,9614.26,2.0,0
sim-008099,16,group_b,94154.73,0.4626,60.1,1,4649.86,2.4,0
sim-008100,16,group_a,23857.48,0.0993,34.6,0,12547.48,4.5,0
sim-008101,16,group_a,51531.43,0.0785,40.4,0,9858.85,7.2,0
sim-008102,16,group_b,50086.9,0.5778,130.7,3,10294.11,4.8,1
sim-008103,16,group_b,67101.46,0.2046,54.5,0,7251.42,5.8,0
sim-008104,16,group_b,36459.14,0.363,59.7,2,2863.63,1.2,1
sim-008105,16,group_a,16998.53,0.2577,79.5,2,6862.87,5.4,1
sim-008106,16,group_a,36480.72,0.3195,55.1,0,8475.31,1.8,1
sim-008107,16,group_b,38175.6,0.1919,78.1,1,6508.83,2.0,0
sim-008108,16,group_b,17700.34,0.2379,58.4,2,12253.34,16.0,0
sim-008109,16,group_b,42661.67,0.0677,70.0,1,6912.33,2.4,0
sim-008110,16,group_a,26639.29,0.1201,78.5,1,10849.2,2.8,0
sim-008111,16,group_a,54974.01,0.2689,21.3,1,5631.16,7.9,0
sim-008112,16,group_b,37746.44,0.199,47.0,1,12922.67,8.2,0
sim-008113,16,group_b,95383.4,0.2921,79.4,0,14997.08,8.1,0
sim-008114,16,group_a,37586.68,0.1501,54.8,0,5849.93,20.9,0
sim-008115,16,group_b,50149.53,0.3299,147.8,0,13121.51,5.4,0
sim-008116,16,group_b,38273.38,0.364,20.4,1,9245.48,3.8,0
sim-008117,16,group_a,21167.61,0.1106,115.8,0,5017.57,1.5,0
sim-008118,16,group_a,38407.98,0.3898,55.3,2,8805.58,3.0,0
sim-008119,16,group_b,57436.41,0.2606,95.7,0,10217.89,5.6,1
sim-008120,16,group_a,53897.3,0.1857,58.8,1,3449.49,6.4,0
sim-008121,16,group_a,37005.71,0.2577,86.7,2,5733.15,0.9,0
sim-008122,16,group_b,22700.96,0.5059,79.4,1,9282.84,8.2,1
sim-008123,16,group_a,54867.29,0.2981,58.9,1,4308.32,2.6,0
sim-008124,16,group_b,49920.37,0.1663,41.8,3,3654.05,2.6,1
sim-008125,16,group_a,59648.99,0.1206,25.3,0,13624.7,1.1,1
sim-008126,16,group_a,37304.64,0.2961,81.7,1,22118.82,13.3,0
sim-008127,16,group_b,20631.26,0.2222,99.1,2,11303.45,1.2,0
sim-008128,16,group_b,52374.72,0.3899,26.4,0,7542.4,9.3,0
sim-008129,16,group_a,41695.98,0.2533,65.3,0,6290.54,5.4,1
sim-008130,16,group_b,75094.84,0.1935,35.1,1,12794.92,7.0,0
sim-008131,16,group_b,42364.58,0.2981,92.0,3,6387.43,5.6,1
sim-008132,16,group_b,41064.69,0.2286,20.8,0,16384.56,3.3,1
sim-008133,16,group_b,49873.59,0.2557,41.8,0,9916.63,1.3,0
sim-008134,16,group_a,32574.63,0.0543,55.0,0,11821.57,2.6,1
sim-008135,16,group_a,31921.75,0.093,71.0,0,11114.97,10.5,0
sim-008136,16,group_a,40170.33,0.2733,64.7,1,5814.52,3.5,0
sim-008137,16,group_a,28436.52,0.2009,116.8,0,14910.32,12.8,0
sim-008138,16,group_b,38016.67,0.2467,128.7,1,10750.29,11.3,0
sim-008139,16,group_a,94524.64,0.1807,100.4,0,4349.84,8.5,0
sim-008140,16,group_a,64854.8,0.0667,56.1,0,4727.96,18.6,0
sim-008141,16,group_a,47637.52,0.2897,67.8,2,2736.23,8.3,0
sim-008142,16,group_a,80314.42,0.3131,51.3,0,7787.77,3.6,0
sim-008143,16,group_a,29600.41,0.3096,59.2,0,7488.67,3.3,0
sim-008144,16,group_b,119131.68,0.1735,125.4,1,13099.33,3.5,0
sim-008145,16,group_b,34495.66,0.2929,144.0,2,19311.78,8.1,0
sim-008146,16,group_a,97109.89,0.2343,107.3,1,10806.92,2.0,0
sim-008147,16,group_a,96930.48,0.2656,78.3,0,3325.89,7.7,0
sim-008148,16,group_b,20043.17,0.1502,68.7,1,11129.96,1.6,0
sim-008149,16,group_a,77511.28,0.1882,74.7,0,6359.88,7.4,0
sim-008150,16,group_a,37151.45,0.2765,70.1,1,8932.43,8.9,0
sim-008151,16,group_a,32973.29,0.3189,107.8,3,16557.89,6.5,1
sim-008152,16,group_a,52174.44,0.4651,82.1,2,5547.02,4.6,0
sim-008153,16,group_b,27410.34,0.5929,63.2,1,4071.5,4.8,0
sim-008154,16,group_b,51680.65,0.6356,96.0,2,8026.27,3.9,1
sim-008155,16,group_b,28194.05,0.284,66.0,2,3833.94,2.7,1
sim-008156,16,group_b,45088.08,0.2027,47.1,1,7819.0,1.7,0
sim-008157,16,group_a,73339.33,0.1684,43.2,0,8403.47,11.6,0
sim-008158,16,group_a,49233.89,0.1885,26.5,0,3428.34,2.3,0
sim-008159,16,group_a,35986.08,0.2161,185.3,0,5867.1,4.4,1
sim-008160,16,group_a,52543.29,0.3819,85.0,0,13432.36,6.9,0
sim-008161,16,group_a,23185.41,0.0859,76.5,0,16658.97,5.9,0
sim-008162,16,group_a,29427.31,0.676,34.4,3,15381.22,8.4,1
sim-008163,16,group_a,34936.47,0.5575,38.6,3,14408.44,3.9,1
sim-008164,16,group_a,58248.7,0.3406,76.2,0,9263.63,6.3,0
sim-008165,16,group_b,49634.2,0.0955,60.5,0,3657.46,7.5,0
sim-008166,16,group_b,52405.66,0.242,34.5,1,12067.37,1.7,0
sim-008167,16,group_b,41377.78,0.6088,40.3,0,7353.97,6.1,1
sim-008168,16,group_a,30061.43,0.4801,50.9,2,2527.91,5.7,0
sim-008169,16,group_a,78198.76,0.6328,20.1,4,9675.89,12.2,0
sim-008170,16,group_b,31223.51,0.165,75.7,0,7632.48,10.3,0
sim-008171,16,group_b,49910.98,0.216,48.5,3,8475.7,2.9,0
sim-008172,16,group_b,39931.31,0.0883,53.8,1,5430.11,7.4,0
sim-008173,16,group_a,53021.73,0.2088,21.7,1,5365.88,2.1,0
sim-008174,16,group_a,32457.78,0.4565,75.7,0,8883.13,9.7,1
sim-008175,16,group_b,65128.95,0.585,47.1,1,7113.32,8.1,1
sim-008176,16,group_b,74673.21,0.1833,125.0,1,7106.07,4.9,0
sim-008177,16,group_a,63472.1,0.2302,120.4,1,4983.23,3.5,1
sim-008178,16,group_a,44721.19,0.1866,78.0,0,4419.83,13.3,0
sim-008179,16,group_a,34865.3,0.3177,91.1,0,5667.03,5.9,0
sim-008180,16,group_a,136938.47,0.253,133.2,1,11946.15,5.4,0
sim-008181,16,group_b,27598.53,0.053,94.7,0,11377.12,2.2,0
sim-008182,16,group_a,60604.01,0.4483,70.8,1,3393.15,14.9,1
sim-008183,16,group_a,48135.23,0.1702,42.8,0,8110.8,3.6,0
sim-008184,16,group_a,40771.32,0.4949,82.0,3,5992.28,1.2,1
sim-008185,16,group_b,45241.43,0.4522,40.9,0,22162.2,1.2,0
sim-008186,16,group_a,33782.88,0.1278,132.6,1,5554.16,2.6,1
sim-008187,16,group_a,50079.32,0.5456,40.0,1,5091.07,9.4,0
sim-008188,16,group_b,47813.64,0.4765,60.0,1,5301.27,4.8,0
sim-008189,16,group_b,128877.08,0.6225,33.4,0,15406.5,5.8,1
sim-008190,16,group_b,65627.19,0.2095,24.0,2,3327.93,4.5,0
sim-008191,16,group_b,51982.93,0.0634,125.0,2,4686.12,2.4,0
sim-008192,16,group_a,53302.3,0.4564,61.4,3,8391.08,6.2,0
sim-008193,16,group_b,90635.91,0.4441,150.5,5,10289.93,2.6,1
sim-008194,16,group_b,27845.34,0.4579,91.0,3,10682.53,3.1,1
sim-008195,16,group_a,38764.19,0.5907,38.1,0,2525.8,4.6,1
sim-008196,16,group_b,18788.53,0.1182,190.4,0,5557.09,1.6,0
sim-008197,16,group_a,52927.85,0.1588,64.0,1,10274.45,3.7,0
sim-008198,16,group_a,59768.44,0.0767,124.8,1,5343.32,11.1,0
sim-008199,16,group_a,27552.48,0.093,68.4,1,4434.73,11.6,0
sim-008200,16,group_a,76476.1,0.1448,43.9,1,11476.02,8.3,0
sim-008201,16,group_b,30948.21,0.2694,78.6,1,14540.17,2.1,1
sim-008202,16,group_a,36248.87,0.193,126.5,2,6172.47,6.2,1
sim-008203,16,group_b,44012.0,0.2756,74.2,0,6960.6,5.3,0
sim-008204,16,group_a,81761.56,0.1541,63.2,3,5083.05,2.3,0
sim-008205,16,group_a,29189.28,0.4842,83.5,2,11814.07,2.1,1
sim-008206,16,group_a,47302.75,0.5273,108.1,2,20098.2,6.0,0
sim-008207,16,group_a,57955.56,0.2006,105.3,1,8473.04,1.0,0
sim-008208,16,group_b,53143.84,0.1951,82.0,2,7558.14,11.1,0
sim-008209,16,group_b,53974.58,0.4286,81.7,1,7702.68,7.7,0
sim-008210,16,group_a,57631.82,0.1117,54.9,1,8598.08,5.5,0
sim-008211,16,group_b,33157.24,0.2835,64.1,3,2308.06,0.8,0
sim-008212,16,group_b,85039.19,0.1351,60.4,0,3492.09,1.9,1
sim-008213,16,group_b,39947.34,0.1402,94.0,1,16101.94,6.9,0
sim-008214,16,group_a,37781.84,0.1956,106.2,1,20064.2,1.6,0
sim-008215,16,group_a,73718.03,0.1884,54.1,0,6605.35,5.7,0
sim-008216,16,group_b,32117.68,0.4966,80.5,1,5420.75,8.4,1
sim-008217,16,group_a,47883.05,0.1989,31.6,0,14444.38,4.6,0
sim-008218,16,group_a,30896.85,0.3239,77.4,3,12913.33,5.3,0
sim-008219,16,group_b,120581.25,0.3674,15.0,0,12848.98,6.7,0
sim-008220,16,group_a,110374.55,0.3696,40.5,0,4360.94,6.3,0
sim-008221,16,group_b,39962.58,0.1246,33.3,1,3670.64,4.2,0
sim-008222,16,group_a,52069.78,0.2268,17.5,1,3857.42,14.1,0
sim-008223,16,group_b,41947.91,0.2961,51.2,1,6294.63,4.7,0
sim-008224,16,group_a,36155.64,0.33,107.8,2,6204.19,5.2,0
sim-008225,16,group_a,44013.22,0.1863,24.4,1,9712.8,4.9,0
sim-008226,16,group_b,41148.69,0.532,83.0,2,14302.64,5.9,1
sim-008227,16,group_a,22099.71,0.4684,116.4,1,4395.91,7.8,0
sim-008228,16,group_b,46745.34,0.1005,125.9,0,12225.97,5.3,0
sim-008229,16,group_b,41119.47,0.277,51.7,0,14195.36,2.5,0
sim-008230,16,group_a,47720.87,0.4318,50.2,2,30880.81,5.9,1
sim-008231,16,group_a,40515.61,0.3386,42.1,2,8830.33,12.0,0
sim-008232,16,group_b,35977.8,0.2535,113.1,1,8080.52,2.5,0
sim-008233,16,group_b,60443.37,0.2591,68.2,0,7201.52,15.5,0
sim-008234,16,group_b,52360.95,0.1664,44.7,0,8752.65,2.7,0
sim-008235,16,group_a,75232.6,0.2869,37.1,3,24368.5,4.2,0
sim-008236,16,group_b,51523.15,0.3957,77.9,0,12152.73,2.5,1
sim-008237,16,group_a,38522.79,0.2744,42.5,1,8941.25,4.2,0
sim-008238,16,group_b,54232.89,0.179,80.2,0,3497.89,9.1,0
sim-008239,16,group_a,18217.58,0.5438,62.3,0,9870.76,16.3,0
sim-008240,16,group_a,101270.01,0.1028,169.9,1,4793.29,5.2,0
sim-008241,16,group_b,46968.84,0.5203,47.6,2,15935.07,5.5,1
sim-008242,16,group_b,104764.63,0.1701,72.9,3,7039.73,1.7,0
sim-008243,16,group_a,29052.94,0.2894,74.2,1,3232.29,2.1,0
sim-008244,16,group_b,26175.76,0.2301,75.8,0,4083.94,5.9,0
sim-008245,16,group_a,48808.02,0.1434,42.3,0,5734.47,5.9,0
sim-008246,16,group_a,48740.45,0.0992,32.5,0,7767.61,5.6,0
sim-008247,16,group_a,48245.74,0.1539,67.8,0,6995.63,6.1,0
sim-008248,16,group_a,45254.03,0.1171,107.0,1,6498.1,18.6,0
sim-008249,16,group_a,32150.74,0.3422,72.6,0,18996.58,3.7,1
sim-008250,16,group_a,22429.91,0.0657,46.1,0,6185.96,5.1,0
sim-008251,16,group_a,47142.17,0.1189,133.9,2,5749.89,5.7,0
sim-008252,16,group_b,24423.75,0.2192,52.4,0,8188.46,3.3,1
sim-008253,16,group_b,23474.2,0.4827,85.0,4,6558.33,15.4,0
sim-008254,16,group_b,35672.47,0.6329,42.5,0,8836.4,10.4,1
sim-008255,16,group_a,50155.16,0.3463,93.4,0,4893.15,5.0,0
sim-008256,16,group_b,96457.61,0.3019,46.8,0,8687.78,0.5,0
sim-008257,16,group_a,63151.31,0.1262,38.0,2,3187.69,2.7,1
sim-008258,16,group_b,76416.31,0.4025,86.0,1,5075.91,6.1,1
sim-008259,16,group_a,55079.78,0.2908,48.9,0,6432.71,5.8,0
sim-008260,16,group_a,48828.95,0.0291,63.7,1,6250.57,2.3,0
sim-008261,16,group_a,119902.23,0.1094,45.3,1,8082.76,6.0,0
sim-008262,16,group_b,24014.2,0.6685,36.0,1,4880.38,10.3,1
sim-008263,16,group_b,35187.4,0.4578,60.7,2,7929.22,3.2,1
sim-008264,16,group_b,36360.0,0.0175,57.8,1,9687.19,3.6,0
sim-008265,16,group_b,60918.61,0.4427,74.0,0,6931.07,3.0,0
sim-008266,16,group_b,27747.85,0.3069,68.5,0,8448.21,2.4,0
sim-008267,16,group_a,57678.54,0.3515,80.8,2,6498.45,8.4,0
sim-008268,16,group_b,53393.96,0.2976,29.0,0,7542.21,3.0,0
sim-008269,16,group_a,58900.56,0.2558,49.1,2,6666.36,7.2,0
sim-008270,16,group_a,58453.9,0.26,82.2,2,30909.58,6.0,0
sim-008271,16,group_a,79865.1,0.1735,104.6,0,8026.19,5.8,0
sim-008272,16,group_b,41000.19,0.4771,120.2,2,4709.29,2.4,0
sim-008273,16,group_b,52295.54,0.1527,103.4,1,6974.12,3.1,1
sim-008274,16,group_a,30719.39,0.4143,41.6,1,4197.61,7.0,0
sim-008275,16,group_a,27911.28,0.0935,69.8,1,2559.67,12.9,1
sim-008276,16,group_a,87836.12,0.253,42.5,3,8348.64,8.4,0
sim-008277,16,group_b,29759.69,0.1061,74.7,1,13427.36,14.0,0
sim-008278,16,group_b,54794.83,0.3688,73.3,0,10337.11,10.4,1
sim-008279,16,group_a,52314.98,0.4045,18.2,2,8518.16,4.8,1
sim-008280,16,group_a,68561.88,0.058,103.3,1,12507.8,2.4,0
sim-008281,16,group_b,20859.31,0.5881,71.7,4,6401.18,3.1,1
sim-008282,16,group_a,60858.51,0.4181,40.7,2,2334.55,8.3,0
sim-008283,16,group_a,40848.55,0.367,20.0,0,10306.76,3.3,0
sim-008284,16,group_a,32533.91,0.2008,167.0,1,6766.95,4.3,0
sim-008285,16,group_a,37671.41,0.2472,76.2,0,10298.55,7.3,0
sim-008286,16,group_a,64695.29,0.227,71.3,0,10251.37,8.4,0
sim-008287,16,group_b,56904.01,0.2963,79.1,4,8130.9,0.9,0
sim-008288,16,group_a,39666.89,0.4571,67.9,1,8717.01,8.5,0
sim-008289,16,group_a,25940.87,0.2174,34.9,0,10577.12,0.6,0
sim-008290,16,group_b,26721.17,0.3376,59.3,0,6788.11,8.2,0
sim-008291,16,group_b,57427.16,0.4543,47.4,0,11633.83,1.6,1
sim-008292,16,group_a,24473.55,0.2782,105.9,0,25158.26,5.8,0
sim-008293,16,group_a,39829.98,0.4579,88.2,1,8949.96,0.7,1
sim-008294,16,group_b,129062.27,0.0255,92.4,2,9709.95,8.0,0
sim-008295,16,group_a,50767.7,0.3014,21.4,1,15567.17,2.8,1
sim-008296,16,group_b,57167.72,0.1042,123.7,0,14196.52,4.1,0
sim-008297,16,group_a,26805.58,0.0383,33.0,0,7625.35,6.3,0
sim-008298,16,group_a,24997.56,0.2733,165.0,0,3396.42,5.2,0
sim-008299,16,group_a,58468.61,0.4368,45.4,2,5065.76,5.0,0
sim-008300,16,group_b,37175.76,0.2198,74.3,2,9008.73,1.5,1
sim-008301,16,group_a,68522.75,0.5766,50.8,1,6591.23,5.3,0
sim-008302,16,group_a,44449.81,0.1389,9.7,2,5418.08,9.5,0
sim-008303,16,group_a,186404.14,0.3794,31.2,2,9601.68,9.0,0
sim-008304,16,group_b,34324.88,0.1067,108.3,1,5773.65,15.3,0
sim-008305,16,group_a,49287.97,0.1907,65.3,0,15626.05,9.7,0
sim-008306,16,group_b,29985.19,0.2036,93.4,0,5604.15,5.3,0
sim-008307,16,group_b,67337.57,0.3178,13.0,3,8157.65,4.1,1
sim-008308,16,group_a,52523.46,0.1121,39.0,0,6776.57,1.5,1
sim-008309,16,group_b,29152.63,0.1872,81.8,3,6645.96,11.7,0
sim-008310,16,group_b,38205.71,0.4679,44.1,1,9341.19,5.6,0
sim-008311,16,group_a,77665.82,0.4099,150.6,4,2358.33,6.6,1
sim-008312,16,group_a,73844.57,0.157,234.4,2,8061.94,2.6,0
sim-008313,16,group_a,24099.68,0.4211,59.9,0,12076.26,3.1,0
sim-008314,16,group_a,35892.83,0.315,61.6,1,12472.8,4.6,1
sim-008315,16,group_a,93806.24,0.451,51.0,1,10199.53,8.0,0
sim-008316,16,group_b,40691.94,0.2353,92.9,2,10546.64,5.5,0
sim-008317,16,group_b,47147.56,0.4515,67.6,1,10471.83,2.9,0
sim-008318,16,group_a,67192.13,0.1611,158.0,0,15841.84,3.1,0
sim-008319,16,group_a,24946.58,0.4058,43.2,0,9188.35,1.9,0
sim-008320,16,group_a,29416.97,0.1669,79.9,2,7482.9,1.4,0
sim-008321,16,group_a,38102.93,0.1226,103.9,1,5572.88,2.8,0
sim-008322,16,group_a,72398.58,0.1143,87.2,0,7131.42,5.5,0
sim-008323,16,group_b,66990.19,0.2897,157.5,1,10942.35,7.2,0
sim-008324,16,group_b,59059.57,0.0341,93.5,0,12005.08,13.0,0
sim-008325,16,group_a,41173.61,0.1472,172.1,1,6380.63,4.4,0
sim-008326,16,group_b,70151.98,0.2937,49.3,0,6350.38,7.3,0
sim-008327,16,group_a,40941.07,0.4494,147.3,0,10496.38,4.9,0
sim-008328,16,group_b,55644.95,0.7775,59.2,4,14849.48,5.7,1
sim-008329,16,group_a,64026.76,0.1957,36.8,1,24702.66,5.3,1
sim-008330,16,group_a,89024.28,0.4111,113.0,0,10667.13,3.8,0
sim-008331,16,group_b,42631.29,0.4452,34.5,3,6183.49,8.6,0
sim-008332,16,group_a,37485.28,0.2019,55.4,0,5070.14,9.7,0
sim-008333,16,group_b,75201.89,0.1942,82.6,2,18460.81,5.1,1
sim-008334,16,group_a,77666.41,0.0677,20.7,2,9743.18,10.1,0
sim-008335,16,group_b,34744.71,0.216,45.6,1,6972.92,10.3,0
sim-008336,16,group_b,27443.53,0.1926,28.7,2,6197.11,2.3,0
sim-008337,16,group_a,72838.1,0.3083,68.1,0,17295.07,8.5,0
sim-008338,16,group_a,21905.09,0.5213,58.7,3,7060.56,1.3,0
sim-008339,16,group_b,21440.21,0.0786,97.1,1,14980.56,9.6,0
sim-008340,16,group_a,38999.97,0.2637,145.9,2,11973.72,4.4,0
sim-008341,16,group_a,43696.56,0.2895,55.8,0,7053.84,1.6,0
sim-008342,16,group_b,26817.77,0.4053,99.5,3,19469.22,4.8,1
sim-008343,16,group_a,45944.21,0.307,35.3,3,8104.41,5.5,0
sim-008344,16,group_b,46813.06,0.5391,116.4,2,6487.44,5.5,0
sim-008345,16,group_a,34208.76,0.5507,153.1,3,16566.55,6.9,0
sim-008346,16,group_b,98327.1,0.303,60.4,2,12255.37,10.3,1
sim-008347,16,group_a,50136.26,0.4082,46.1,2,6576.06,7.0,1
sim-008348,16,group_a,67236.09,0.1663,52.0,2,12448.96,8.5,1
sim-008349,16,group_a,22706.14,0.143,40.6,2,14198.9,1.5,1
sim-008350,16,group_b,22624.0,0.0615,89.1,2,11391.29,9.2,0
sim-008351,16,group_b,50778.4,0.3002,76.9,0,6254.13,4.3,0
sim-008352,16,group_b,91220.98,0.2841,37.6,0,9544.2,11.7,0
sim-008353,16,group_a,27387.09,0.4902,65.6,1,4801.24,10.5,0
sim-008354,16,group_a,44454.35,0.3671,64.0,0,6784.01,2.9,0
sim-008355,16,group_b,24915.85,0.415,45.9,1,6924.61,0.9,1
sim-008356,16,group_b,30951.55,0.3554,108.7,0,12270.8,3.7,1
sim-008357,16,group_a,45392.71,0.0698,72.3,1,12996.24,4.2,0
sim-008358,16,group_b,34033.59,0.1514,81.6,1,4130.56,7.1,0
sim-008359,16,group_a,24189.65,0.1752,89.6,1,10145.93,2.9,0
sim-008360,16,group_a,23963.2,0.4873,101.4,1,7926.22,6.2,1
sim-008361,16,group_b,18956.02,0.4119,156.1,1,9811.07,6.9,0
sim-008362,16,group_a,51131.97,0.2094,82.6,0,17686.5,3.9,0
sim-008363,16,group_a,53797.59,0.3957,69.8,0,6648.41,4.2,1
sim-008364,16,group_a,53684.12,0.5043,123.0,1,7111.92,1.9,1
sim-008365,16,group_b,28570.96,0.1686,67.2,0,11638.17,3.3,0
sim-008366,16,group_a,63863.26,0.4593,134.2,2,8515.45,5.4,0
sim-008367,16,group_b,56322.37,0.4779,41.0,0,3814.28,9.3,0
sim-008368,16,group_a,41984.83,0.436,104.8,0,19488.85,3.5,0
sim-008369,16,group_a,39188.24,0.4276,46.4,2,9338.05,7.4,0
sim-008370,16,group_a,31868.44,0.13,39.3,0,13303.62,4.0,0
sim-008371,16,group_a,45374.61,0.2937,44.8,3,6613.67,2.3,0
sim-008372,16,group_a,82556.99,0.5592,25.8,1,4114.56,5.0,1
sim-008373,16,group_a,67501.14,0.1774,21.2,0,7847.23,7.6,0
sim-008374,16,group_b,37586.18,0.1975,27.8,0,9239.15,9.3,0
sim-008375,16,group_a,52481.76,0.5645,43.2,1,14882.47,10.5,1
sim-008376,16,group_b,26354.63,0.3809,75.5,0,6571.69,2.2,0
sim-008377,16,group_b,56875.97,0.5297,42.6,1,13560.03,5.2,1
sim-008378,16,group_a,29526.4,0.43,159.8,1,4236.34,15.3,0
sim-008379,16,group_a,55932.86,0.4653,22.6,2,6894.21,7.8,0
sim-008380,16,group_a,145657.07,0.4389,111.1,1,9234.15,12.1,0
sim-008381,16,group_a,32945.0,0.2589,84.6,1,4754.75,14.1,0
sim-008382,16,group_a,142853.85,0.5291,45.8,1,18037.93,2.0,0
sim-008383,16,group_a,51434.63,0.593,59.9,0,7353.98,0.9,0
sim-008384,16,group_a,30551.14,0.5448,140.3,2,5708.75,3.2,1
sim-008385,16,group_a,29968.69,0.2294,62.7,0,4934.09,3.7,0
sim-008386,16,group_b,113015.62,0.2893,37.4,0,4493.59,1.1,0
sim-008387,16,group_b,51485.49,0.36,41.2,3,11813.72,12.3,0
sim-008388,16,group_a,32998.45,0.0335,57.3,0,5535.25,12.4,0
sim-008389,16,group_a,38428.19,0.3359,161.7,0,9804.46,6.0,0
sim-008390,16,group_b,50157.63,0.379,44.7,1,6676.7,14.0,0
sim-008391,16,group_a,41703.37,0.3076,119.8,2,13061.7,3.7,0
sim-008392,16,group_a,48401.09,0.2763,50.0,0,9875.26,7.5,0
sim-008393,16,group_b,88160.7,0.2725,41.5,2,11676.15,6.3,0
sim-008394,16,group_a,26062.49,0.2692,61.1,1,29143.68,2.1,1
sim-008395,16,group_a,54871.25,0.365,22.0,0,6605.47,9.5,0
sim-008396,16,group_a,40594.3,0.0777,87.2,0,8880.49,3.1,1
sim-008397,16,group_b,33941.75,0.0514,64.7,1,9022.74,2.6,0
sim-008398,16,group_b,65664.46,0.2131,76.2,1,10054.46,1.7,1
sim-008399,16,group_b,22656.48,0.677,127.2,3,6674.18,20.3,0
sim-008400,16,group_a,15492.29,0.2684,57.4,4,11519.9,7.2,0
sim-008401,16,group_a,45995.73,0.5531,60.8,0,23902.63,3.4,0
sim-008402,16,group_b,39496.39,0.2961,94.5,4,7929.89,0.5,0
sim-008403,16,group_b,23713.6,0.4085,34.5,2,8225.3,3.3,1
sim-008404,16,group_b,20405.67,0.2634,22.6,1,5083.74,2.6,1
sim-008405,16,group_b,94170.86,0.355,31.1,0,3660.14,4.5,0
sim-008406,16,group_a,50841.4,0.3666,36.5,1,5054.34,3.3,0
sim-008407,16,group_b,42203.19,0.1125,115.8,2,4279.12,12.2,0
sim-008408,16,group_b,105240.43,0.2717,62.2,1,4502.97,7.7,0
sim-008409,16,group_b,64296.87,0.1834,69.6,0,5922.59,7.1,0
sim-008410,16,group_b,88000.37,0.2548,75.4,1,4996.05,5.1,0
sim-008411,16,group_a,25499.63,0.0891,119.9,2,5292.53,6.3,0
sim-008412,16,group_b,25101.81,0.2876,66.2,2,4964.13,7.6,1
sim-008413,16,group_a,54239.87,0.153,31.9,1,4946.3,1.6,0
sim-008414,16,group_a,49815.91,0.1348,68.8,2,26131.19,3.1,1
sim-008415,16,group_b,70746.48,0.1494,158.4,1,5394.61,4.5,0
sim-008416,16,group_b,21100.85,0.3036,52.8,2,6142.91,3.0,1
sim-008417,16,group_b,56247.16,0.3044,129.7,3,9896.9,1.2,1
sim-008418,16,group_a,63417.35,0.2369,78.6,3,4255.17,8.7,0
sim-008419,16,group_a,62018.76,0.1621,130.9,1,3597.0,0.7,0
sim-008420,16,group_a,35284.12,0.3941,46.5,4,4595.67,10.9,1
sim-008421,16,group_b,52042.62,0.1907,42.1,1,7520.6,4.4,0
sim-008422,16,group_b,30218.94,0.0083,15.5,0,8553.71,6.9,0
sim-008423,16,group_b,37010.71,0.3533,54.5,2,11154.93,2.6,1
sim-008424,16,group_a,27010.12,0.1385,38.0,0,10036.38,8.0,1
sim-008425,16,group_a,30435.36,0.1677,48.9,0,18463.94,5.1,0
sim-008426,16,group_b,37827.66,0.1798,81.1,0,8346.93,2.0,1
sim-008427,16,group_a,34057.53,0.6362,15.2,3,8245.25,5.4,1
sim-008428,16,group_b,30433.75,0.4532,12.2,5,5129.99,10.1,0
sim-008429,16,group_b,24249.94,0.0324,84.6,0,8094.04,2.3,0
sim-008430,16,group_a,95383.44,0.5423,48.1,2,5548.91,3.3,0
sim-008431,16,group_a,33920.12,0.3658,111.3,1,4429.65,13.6,0
sim-008432,16,group_b,48078.27,0.3843,112.4,0,20117.57,4.5,0
sim-008433,16,group_b,19994.89,0.2473,56.0,1,4321.61,9.1,0
sim-008434,16,group_b,74029.03,0.5844,45.2,2,20244.45,9.8,0
sim-008435,16,group_b,44900.65,0.4555,68.0,1,14517.37,6.9,0
sim-008436,16,group_a,34737.42,0.7101,110.3,0,7774.47,3.8,1
sim-008437,16,group_b,34865.07,0.0878,96.8,0,4088.82,3.7,1
sim-008438,16,group_b,60303.91,0.3732,165.4,1,7458.47,4.4,0
sim-008439,16,group_a,12108.95,0.359,42.8,1,4946.16,1.0,1
sim-008440,16,group_b,29609.15,0.8041,46.0,3,18154.24,7.2,1
sim-008441,16,group_a,39814.43,0.2497,114.6,0,11122.83,15.4,0
sim-008442,16,group_a,39622.14,0.4766,56.5,0,13495.58,6.9,1
sim-008443,16,group_a,119878.14,0.4274,36.6,1,7063.61,0.7,0
sim-008444,16,group_b,36323.16,0.2937,45.2,0,7829.31,6.7,0
sim-008445,16,group_a,63442.89,0.1183,72.0,1,10900.36,1.2,0
sim-008446,16,group_a,89580.78,0.3996,154.0,0,6733.51,8.3,0
sim-008447,16,group_b,55473.35,0.1975,145.2,0,17268.04,5.8,1
sim-008448,16,group_a,31539.54,0.495,108.6,1,6106.34,2.6,0
sim-008449,16,group_b,24404.31,0.398,53.5,0,16041.75,4.7,1
sim-008450,16,group_b,57243.91,0.3864,52.2,2,5151.74,1.6,0
sim-008451,16,group_a,83525.78,0.276,151.2,1,6174.78,14.0,0
sim-008452,16,group_a,52643.84,0.1062,48.5,0,7038.35,5.8,0
sim-008453,16,group_b,70266.34,0.0557,115.9,1,6619.26,2.2,0
sim-008454,16,group_a,124320.45,0.0836,80.3,0,5529.8,5.2,0
sim-008455,16,group_a,59497.95,0.6925,46.1,0,2884.28,3.7,0
sim-008456,16,group_b,26363.46,0.5545,89.7,2,8668.69,3.5,1
sim-008457,16,group_b,42763.73,0.3226,83.1,2,5602.47,15.4,0
sim-008458,16,group_b,74420.77,0.2937,19.8,1,6521.28,2.6,0
sim-008459,16,group_a,37703.66,0.3586,58.6,0,11113.37,1.3,1
sim-008460,16,group_b,78778.58,0.1273,71.1,1,5575.97,1.2,0
sim-008461,16,group_b,40696.06,0.3505,77.2,2,7808.54,3.3,0
sim-008462,16,group_b,48166.83,0.3748,44.4,1,5556.36,15.3,0
sim-008463,16,group_b,36123.13,0.5131,59.5,0,18636.35,3.8,1
sim-008464,16,group_b,44757.1,0.6219,52.3,2,12278.88,5.3,0
sim-008465,16,group_a,45762.85,0.703,54.1,0,7932.85,8.6,0
sim-008466,16,group_a,21298.94,0.3666,140.5,0,8294.0,4.7,1
sim-008467,16,group_a,34770.72,0.3015,134.1,1,3439.23,10.6,0
sim-008468,16,group_a,24935.62,0.2239,31.3,1,5821.51,3.9,0
sim-008469,16,group_a,35277.98,0.5278,65.2,0,17194.67,2.7,0
sim-008470,16,group_a,29972.37,0.243,98.7,2,6016.27,11.8,1
sim-008471,16,group_b,64020.9,0.1836,43.0,1,7501.31,7.8,1
sim-008472,16,group_a,64333.0,0.4969,64.6,0,3468.05,11.9,0
sim-008473,16,group_a,52961.66,0.6181,35.3,1,10271.41,6.5,1
sim-008474,16,group_a,24577.52,0.2813,32.1,2,7541.16,3.0,1
sim-008475,16,group_a,40166.29,0.3159,66.7,0,4649.47,7.1,0
sim-008476,16,group_b,23769.99,0.6465,31.6,3,4081.23,8.2,1
sim-008477,16,group_a,39345.5,0.2437,74.2,0,22394.61,8.8,0
sim-008478,16,group_a,54935.6,0.2696,69.5,1,6278.87,6.9,0
sim-008479,16,group_b,63492.93,0.4114,81.4,1,5698.66,7.1,1
sim-008480,16,group_a,51051.73,0.2309,30.4,2,11625.19,12.4,0
sim-008481,16,group_a,71008.73,0.2826,23.8,1,2860.36,3.0,1
sim-008482,16,group_b,46681.24,0.2194,176.1,0,17163.17,2.9,0
sim-008483,16,group_a,37945.44,0.2855,61.0,3,6250.7,3.2,1
sim-008484,16,group_b,60411.66,0.5033,87.6,0,6913.74,3.1,0
sim-008485,16,group_b,61250.05,0.2124,67.9,0,5213.74,0.7,0
sim-008486,16,group_b,33585.44,0.1656,58.5,0,8034.51,5.5,1
sim-008487,16,group_a,49078.31,0.1527,69.0,0,5574.11,11.4,0
sim-008488,16,group_b,36989.46,0.0434,43.2,1,7281.01,10.1,0
sim-008489,16,group_b,18004.74,0.5947,64.4,1,4694.2,2.5,0
sim-008490,16,group_a,50354.57,0.4447,105.3,1,8391.02,3.1,0
sim-008491,16,group_b,24301.68,0.094,58.9,1,6399.7,7.6,0
sim-008492,16,group_a,48043.12,0.1093,147.4,0,8444.07,9.7,0
sim-008493,16,group_b,21964.25,0.6357,82.8,1,6618.76,3.0,1
sim-008494,16,group_b,30937.98,0.4339,38.4,2,17668.86,3.0,0
sim-008495,16,group_a,34887.66,0.281,89.2,0,7207.78,1.5,0
sim-008496,16,group_a,69336.34,0.4219,112.4,1,11051.03,11.1,0
sim-008497,16,group_b,33453.9,0.2488,51.8,1,7536.36,8.7,0
sim-008498,16,group_a,26649.14,0.2139,75.7,1,11863.48,3.7,0
sim-008499,16,group_a,48777.53,0.3662,30.4,1,5885.61,6.9,0
sim-008500,17,group_a,38672.0,0.3909,72.2,0,6611.01,5.7,0
sim-008501,17,group_b,59043.84,0.2425,50.5,2,7972.53,6.6,0
sim-008502,17,group_a,27695.09,0.1977,32.0,0,2768.95,4.2,0
sim-008503,17,group_b,46284.33,0.4712,52.2,1,9377.39,15.7,0
sim-008504,17,group_b,119517.5,0.4109,74.3,1,5402.71,7.6,0
sim-008505,17,group_a,38311.4,0.3098,163.5,0,6514.91,9.6,0
sim-008506,17,group_a,45817.75,0.0892,102.5,0,12163.84,4.5,0
sim-008507,17,group_a,21085.97,0.5165,129.6,1,7876.94,3.5,0
sim-008508,17,group_b,29606.48,0.1309,113.5,1,6133.72,4.4,0
sim-008509,17,group_b,51384.03,0.0428,93.0,0,8909.22,7.4,0
sim-008510,17,group_a,36880.67,0.301,55.5,0,5835.74,6.4,0
sim-008511,17,group_a,54833.79,0.2791,77.8,0,7842.23,5.6,0
sim-008512,17,group_a,50638.84,0.1858,37.2,0,4951.48,9.5,0
sim-008513,17,group_b,24353.42,0.4584,76.8,1,12765.6,5.5,1
sim-008514,17,group_a,64888.69,0.1508,77.3,4,4369.01,2.9,0
sim-008515,17,group_a,25136.4,0.2488,61.1,0,9869.58,10.7,0
sim-008516,17,group_b,30721.95,0.4364,61.5,2,2999.64,9.4,1
sim-008517,17,group_a,46647.92,0.2174,58.1,1,7697.42,6.5,0
sim-008518,17,group_a,81809.58,0.2866,86.7,0,9675.27,13.9,0
sim-008519,17,group_a,27788.34,0.5534,77.3,4,4908.41,9.8,0
sim-008520,17,group_b,45072.49,0.3909,122.5,2,9991.28,5.6,0
sim-008521,17,group_a,45230.58,0.0637,135.5,0,7976.98,12.6,0
sim-008522,17,group_b,55831.37,0.1321,71.5,0,6555.74,12.8,0
sim-008523,17,group_a,69653.82,0.0809,54.4,0,8593.14,1.3,0
sim-008524,17,group_a,35749.39,0.2843,55.9,2,15347.26,10.1,0
sim-008525,17,group_b,64794.54,0.2807,36.4,1,9105.05,5.3,1
sim-008526,17,group_b,74067.72,0.1923,47.9,1,4506.96,4.4,0
sim-008527,17,group_b,89613.64,0.5952,99.5,3,5048.67,13.4,0
sim-008528,17,group_b,52302.94,0.2296,88.7,2,5169.59,8.3,0
sim-008529,17,group_a,45257.49,0.4787,59.7,1,6395.03,2.2,1
sim-008530,17,group_b,34706.23,0.204,119.0,0,9826.24,4.9,0
sim-008531,17,group_a,22953.5,0.4941,66.4,2,11000.25,8.0,0
sim-008532,17,group_a,37694.12,0.3613,84.3,0,10102.47,5.6,0
sim-008533,17,group_b,44408.31,0.1918,43.0,1,1636.19,19.6,1
sim-008534,17,group_b,40457.74,0.651,92.3,4,9629.57,3.5,1
sim-008535,17,group_a,54450.19,0.2372,25.4,1,6587.92,3.8,1
sim-008536,17,group_a,22999.95,0.4214,63.5,1,10881.54,2.4,1
sim-008537,17,group_b,39244.67,0.375,57.9,1,14080.73,12.1,0
sim-008538,17,group_a,97909.92,0.3145,73.8,1,3737.76,8.3,0
sim-008539,17,group_a,64353.81,0.1348,161.7,0,7266.44,12.6,0
sim-008540,17,group_a,54874.27,0.4679,48.8,3,11812.03,3.4,1
sim-008541,17,group_a,49915.49,0.2518,84.2,0,9621.49,5.4,1
sim-008542,17,group_a,36334.34,0.2737,91.5,1,13902.11,6.2,0
sim-008543,17,group_b,20277.97,0.2776,94.1,1,14281.39,9.8,0
sim-008544,17,group_a,51328.12,0.3651,59.4,2,6996.07,0.9,1
sim-008545,17,group_a,15148.55,0.0436,34.1,0,5432.13,5.7,0
sim-008546,17,group_b,36947.99,0.23,76.0,3,5331.2,15.0,0
sim-008547,17,group_a,42296.65,0.3336,54.3,3,12607.9,11.4,0
sim-008548,17,group_b,35107.85,0.4073,78.8,1,11210.44,17.7,0
sim-008549,17,group_b,105448.81,0.3441,48.0,1,9277.4,1.8,0
sim-008550,17,group_b,91146.55,0.0605,83.9,1,7956.61,9.1,0
sim-008551,17,group_b,65367.53,0.2317,129.3,1,10326.23,6.0,0
sim-008552,17,group_b,28720.39,0.4531,44.5,0,8561.39,4.2,1
sim-008553,17,group_b,94939.43,0.2311,82.5,1,6583.63,2.2,0
sim-008554,17,group_b,54938.36,0.0841,64.9,0,14822.61,7.2,0
sim-008555,17,group_a,28520.22,0.0885,93.5,0,4463.71,16.8,0
sim-008556,17,group_b,42947.82,0.2601,40.7,0,12323.87,6.9,0
sim-008557,17,group_b,63360.85,0.1736,23.2,2,4571.56,5.7,0
sim-008558,17,group_a,32940.92,0.3992,55.1,0,9389.95,5.9,1
sim-008559,17,group_b,44937.31,0.0907,89.5,0,14254.65,11.5,0
sim-008560,17,group_a,48383.79,0.6876,59.5,1,11957.17,3.2,0
sim-008561,17,group_a,26679.25,0.2044,32.9,0,8505.97,5.4,0
sim-008562,17,group_b,37818.78,0.6406,78.5,4,3325.1,7.9,1
sim-008563,17,group_a,27537.55,0.4115,56.2,1,4804.25,6.7,0
sim-008564,17,group_a,61012.9,0.2255,55.0,0,9898.1,2.0,0
sim-008565,17,group_a,28929.49,0.3256,72.0,3,6960.77,6.4,1
sim-008566,17,group_b,47885.0,0.1992,128.1,0,6080.26,5.4,0
sim-008567,17,group_a,23626.74,0.2656,33.8,2,2045.08,3.9,0
sim-008568,17,group_b,26316.63,0.4164,62.8,3,6768.69,8.8,0
sim-008569,17,group_b,25786.59,0.3019,104.7,0,8183.88,8.3,0
sim-008570,17,group_b,37510.58,0.3285,131.9,1,5994.9,12.5,0
sim-008571,17,group_b,45695.74,0.4495,116.1,1,7974.54,3.8,0
sim-008572,17,group_b,49374.89,0.3411,38.0,1,6481.23,3.7,1
sim-008573,17,group_a,20123.86,0.1275,58.9,0,11124.46,2.1,0
sim-008574,17,group_b,39465.08,0.6218,54.9,1,7362.53,1.4,1
sim-008575,17,group_a,30907.67,0.3492,35.3,1,7045.04,3.9,0
sim-008576,17,group_a,53016.31,0.112,155.7,0,7474.24,3.5,0
sim-008577,17,group_a,37857.82,0.1116,69.0,1,6079.84,2.9,0
sim-008578,17,group_b,40947.7,0.0933,46.0,1,13121.71,5.6,1
sim-008579,17,group_a,30980.75,0.5102,46.6,6,5791.05,1.2,1
sim-008580,17,group_b,87408.87,0.0311,233.5,1,11268.92,9.6,0
sim-008581,17,group_a,24708.35,0.386,54.0,3,5247.26,5.8,0
sim-008582,17,group_a,35814.63,0.4613,87.0,1,17997.2,4.0,0
sim-008583,17,group_a,44320.0,0.1706,46.9,1,26652.23,2.7,1
sim-008584,17,group_b,38117.49,0.5685,40.2,2,9900.63,1.1,1
sim-008585,17,group_a,30734.68,0.2436,49.5,1,10539.3,3.7,0
sim-008586,17,group_a,19793.18,0.2668,58.1,1,7749.27,2.6,0
sim-008587,17,group_a,31683.97,0.4675,76.3,1,8348.54,2.4,0
sim-008588,17,group_a,28312.49,0.138,76.9,3,5384.71,5.1,1
sim-008589,17,group_b,85757.11,0.4578,62.0,2,4852.25,11.0,0
sim-008590,17,group_a,109663.55,0.123,21.2,1,10110.49,3.4,0
sim-008591,17,group_a,41467.59,0.5067,110.1,1,5234.53,8.2,0
sim-008592,17,group_b,23482.3,0.4903,32.0,0,10787.81,7.7,1
sim-008593,17,group_a,57755.77,0.1208,99.8,0,12250.71,3.6,0
sim-008594,17,group_a,28055.72,0.1757,71.6,0,14922.09,2.7,0
sim-008595,17,group_b,33635.86,0.2727,92.0,1,5183.1,3.0,0
sim-008596,17,group_b,32528.87,0.5187,126.8,1,4625.47,9.5,0
sim-008597,17,group_b,34330.44,0.5756,120.9,2,11065.4,12.5,1
sim-008598,17,group_a,36498.17,0.0777,70.1,1,11318.21,6.3,0
sim-008599,17,group_a,24399.77,0.347,95.4,1,11044.93,6.0,1
sim-008600,17,group_a,31544.49,0.4442,64.0,1,11680.68,6.2,0
sim-008601,17,group_a,65015.21,0.1339,63.6,1,5084.63,14.3,0
sim-008602,17,group_a,41768.85,0.4065,58.8,1,7911.33,2.1,0
sim-008603,17,group_b,44650.99,0.4518,110.3,0,7061.09,4.7,0
sim-008604,17,group_b,16588.35,0.1558,87.9,2,11764.03,13.7,0
sim-008605,17,group_a,63074.33,0.5286,88.9,6,10467.02,9.0,1
sim-008606,17,group_a,31763.77,0.4569,55.4,2,10439.61,4.3,1
sim-008607,17,group_b,67918.71,0.374,103.9,2,9129.64,8.6,0
sim-008608,17,group_a,45197.43,0.258,105.0,0,8472.96,8.7,1
sim-008609,17,group_a,33454.37,0.2425,29.2,0,6798.0,3.4,0
sim-008610,17,group_a,20938.15,0.2806,159.5,0,8811.43,8.6,0
sim-008611,17,group_b,105602.29,0.384,53.6,2,10564.97,4.7,0
sim-008612,17,group_b,59359.29,0.5591,89.5,0,13151.86,5.4,0
sim-008613,17,group_a,60869.73,0.0755,42.6,1,14652.2,4.5,0
sim-008614,17,group_a,90935.67,0.3332,56.0,0,10705.42,8.5,1
sim-008615,17,group_b,46542.29,0.1289,125.7,2,14942.91,15.3,0
sim-008616,17,group_a,74757.74,0.4404,41.3,0,11302.99,9.2,0
sim-008617,17,group_b,34648.11,0.2688,81.2,1,3755.79,3.3,0
sim-008618,17,group_a,57744.48,0.1278,62.4,1,12246.23,5.1,1
sim-008619,17,group_b,32511.83,0.4796,25.6,3,4854.5,2.1,0
sim-008620,17,group_b,34282.12,0.3123,94.3,2,16579.99,4.8,1
sim-008621,17,group_b,44123.17,0.7497,111.1,3,2964.2,13.0,0
sim-008622,17,group_a,24876.84,0.3393,69.0,0,2889.77,9.1,1
sim-008623,17,group_b,48647.62,0.2869,104.3,1,18906.13,3.1,0
sim-008624,17,group_a,37159.6,0.1711,57.8,1,20880.24,3.7,0
sim-008625,17,group_a,18383.79,0.0924,56.5,0,14541.75,8.8,0
sim-008626,17,group_a,34953.78,0.0355,107.5,1,16421.98,3.0,0
sim-008627,17,group_b,36646.64,0.0713,57.5,1,4301.94,7.6,1
sim-008628,17,group_a,60608.55,0.4026,122.7,4,13709.26,2.0,0
sim-008629,17,group_b,47752.33,0.4975,147.1,1,5245.27,2.1,1
sim-008630,17,group_a,77803.24,0.1133,66.1,0,14230.38,4.4,0
sim-008631,17,group_a,52703.97,0.1126,96.8,0,6521.94,6.0,0
sim-008632,17,group_a,33568.26,0.35,129.7,2,7715.5,2.4,1
sim-008633,17,group_b,41336.0,0.3347,192.6,2,13456.41,4.7,0
sim-008634,17,group_a,36600.6,0.3335,30.1,0,7956.51,3.7,0
sim-008635,17,group_a,51997.38,0.301,53.6,1,10424.09,12.2,0
sim-008636,17,group_a,43439.54,0.292,155.2,1,5756.77,2.9,0
sim-008637,17,group_a,32532.83,0.4419,86.0,3,5640.14,8.8,1
sim-008638,17,group_a,42515.0,0.4609,83.5,2,7090.86,4.1,0
sim-008639,17,group_a,51415.55,0.7019,90.6,0,4727.66,2.6,1
sim-008640,17,group_a,27758.65,0.1921,65.9,2,11363.22,9.4,0
sim-008641,17,group_b,48394.61,0.0812,66.3,0,9553.83,5.6,0
sim-008642,17,group_a,21828.09,0.0403,105.5,2,4143.81,10.7,0
sim-008643,17,group_a,67395.93,0.2171,94.0,1,16830.68,2.6,0
sim-008644,17,group_a,52860.73,0.0981,14.7,0,17010.56,7.3,0
sim-008645,17,group_a,83977.05,0.2451,99.1,1,7916.42,4.0,0
sim-008646,17,group_b,26503.43,0.1665,66.3,2,6256.51,1.0,1
sim-008647,17,group_a,68189.76,0.6461,80.9,1,15205.25,4.5,0
sim-008648,17,group_a,62757.14,0.7488,22.5,2,5203.14,10.9,1
sim-008649,17,group_b,39240.42,0.2683,90.0,1,18081.43,6.0,0
sim-008650,17,group_a,36163.65,0.3158,187.7,0,8086.43,7.4,0
sim-008651,17,group_b,26855.84,0.0821,22.9,0,15887.27,5.9,0
sim-008652,17,group_b,24070.92,0.2592,109.2,1,11869.28,2.8,0
sim-008653,17,group_a,30899.08,0.6432,99.9,1,31216.75,5.8,1
sim-008654,17,group_a,24998.58,0.401,40.9,1,12018.92,3.9,0
sim-008655,17,group_a,82801.66,0.3872,48.6,1,21521.79,1.9,1
sim-008656,17,group_a,22542.06,0.3255,61.0,1,6409.82,4.4,0
sim-008657,17,group_a,45095.43,0.2973,65.3,2,5054.46,4.1,0
sim-008658,17,group_a,50868.35,0.8647,87.6,4,7304.7,8.5,1
sim-008659,17,group_a,49224.64,0.5024,40.3,1,8648.34,3.8,0
sim-008660,17,group_a,51073.51,0.6268,59.4,1,8570.9,4.2,1
sim-008661,17,group_a,63037.69,0.3058,103.0,2,8187.0,1.9,1
sim-008662,17,group_b,35126.56,0.3979,22.3,2,9654.85,9.1,0
sim-008663,17,group_b,43948.39,0.1698,103.1,0,12138.41,6.8,0
sim-008664,17,group_a,37447.83,0.4008,41.3,0,4291.13,8.9,0
sim-008665,17,group_b,73208.06,0.2132,110.8,4,7566.56,6.2,0
sim-008666,17,group_a,102328.52,0.5653,43.7,1,6580.25,2.9,0
sim-008667,17,group_b,25656.39,0.4943,44.4,0,9110.03,7.3,1
sim-008668,17,group_b,18050.66,0.2436,65.8,3,7842.48,2.7,0
sim-008669,17,group_b,53800.35,0.2001,74.4,2,16042.38,10.2,1
sim-008670,17,group_a,66406.92,0.2924,62.5,1,10297.01,6.3,1
sim-008671,17,group_a,96368.1,0.4047,51.8,1,13893.48,1.2,0
sim-008672,17,group_b,57752.04,0.0451,95.8,1,7205.59,9.3,0
sim-008673,17,group_a,76132.31,0.1217,41.3,0,12702.77,2.6,0
sim-008674,17,group_a,85069.64,0.349,93.7,3,6254.75,7.7,1
sim-008675,17,group_b,78370.8,0.2414,54.4,4,5008.26,1.3,1
sim-008676,17,group_b,61333.86,0.6173,90.8,1,15920.04,9.8,0
sim-008677,17,group_b,24722.57,0.4692,39.0,1,7895.75,7.2,0
sim-008678,17,group_b,42213.19,0.2945,72.7,2,7988.29,2.3,0
sim-008679,17,group_b,48050.9,0.296,36.0,1,5474.67,2.2,1
sim-008680,17,group_a,40622.6,0.274,55.0,2,5042.53,2.4,0
sim-008681,17,group_b,41689.12,0.0502,84.4,0,18252.1,13.5,0
sim-008682,17,group_b,81816.63,0.1267,61.1,0,13594.07,5.7,0
sim-008683,17,group_b,30826.52,0.1553,132.9,0,5230.58,3.0,0
sim-008684,17,group_a,59254.8,0.4383,52.9,2,5606.06,5.0,0
sim-008685,17,group_a,48383.08,0.1651,89.9,0,9005.15,11.4,1
sim-008686,17,group_b,29549.92,0.1801,42.6,0,6608.33,4.4,0
sim-008687,17,group_a,26952.39,0.1903,132.2,2,5517.18,5.8,0
sim-008688,17,group_a,20732.29,0.0832,113.2,1,5587.0,3.7,0
sim-008689,17,group_b,51945.08,0.2287,75.4,0,7344.31,1.4,0
sim-008690,17,group_a,41251.27,0.5017,69.8,5,4017.73,5.4,1
sim-008691,17,group_a,29946.67,0.111,62.2,0,5439.35,4.2,0
sim-008692,17,group_a,19264.82,0.2356,87.3,1,13969.77,6.0,0
sim-008693,17,group_a,50804.42,0.1849,104.3,0,4716.0,13.5,0
sim-008694,17,group_b,39380.83,0.4051,30.2,0,7761.06,6.9,0
sim-008695,17,group_a,31390.13,0.4034,77.8,1,9289.12,8.5,0
sim-008696,17,group_a,28257.19,0.4107,20.4,2,13539.14,7.1,1
sim-008697,17,group_a,38322.73,0.4816,84.6,3,4232.11,2.1,1
sim-008698,17,group_a,51606.27,0.4412,80.2,0,5290.13,2.8,0
sim-008699,17,group_a,36879.35,0.3423,31.3,3,7839.1,6.9,0
sim-008700,17,group_a,25714.72,0.3513,38.8,0,13180.03,1.3,1
sim-008701,17,group_a,41340.07,0.291,57.2,1,11155.82,2.3,0
sim-008702,17,group_a,65718.12,0.6081,42.7,1,18141.11,5.8,0
sim-008703,17,group_a,43084.23,0.4849,27.1,4,5894.22,5.7,0
sim-008704,17,group_a,43596.75,0.1214,40.7,0,5569.88,1.1,0
sim-008705,17,group_a,36946.24,0.2225,102.2,1,5783.95,5.9,0
sim-008706,17,group_a,29153.82,0.0467,81.7,0,5736.33,2.8,0
sim-008707,17,group_a,28749.71,0.3115,74.6,1,5160.04,9.3,0
sim-008708,17,group_a,21078.76,0.4241,72.4,3,9970.81,3.1,0
sim-008709,17,group_a,69571.82,0.1328,57.0,1,3427.01,5.8,0
sim-008710,17,group_b,51443.06,0.271,31.3,1,14846.32,4.5,0
sim-008711,17,group_a,43855.02,0.4936,65.6,0,7493.46,9.0,0
sim-008712,17,group_b,47961.06,0.6456,21.2,1,9898.62,2.7,1
sim-008713,17,group_b,48854.53,0.2906,60.0,0,4089.61,1.9,0
sim-008714,17,group_a,31116.41,0.0803,44.2,0,5430.03,4.8,0
sim-008715,17,group_a,36952.55,0.0874,39.6,0,5975.33,12.3,0
sim-008716,17,group_a,34711.71,0.2848,90.2,1,6256.58,15.0,0
sim-008717,17,group_a,121637.2,0.2535,57.1,2,6166.6,8.6,0
sim-008718,17,group_a,65022.25,0.341,190.3,1,8045.48,9.4,0
sim-008719,17,group_a,45456.48,0.3188,85.8,2,6093.86,2.3,0
sim-008720,17,group_b,75185.48,0.3642,110.9,3,11284.8,1.4,0
sim-008721,17,group_a,71301.24,0.3416,107.1,1,12067.99,2.3,0
sim-008722,17,group_b,23722.51,0.3348,58.4,1,19521.77,3.9,0
sim-008723,17,group_b,38576.62,0.3078,71.6,0,9085.14,3.0,1
sim-008724,17,group_a,42072.25,0.3704,67.1,1,7347.66,7.4,0
sim-008725,17,group_b,54766.93,0.2296,33.5,1,8552.96,3.3,0
sim-008726,17,group_b,38558.16,0.8149,107.8,3,10030.44,0.9,1
sim-008727,17,group_a,40644.42,0.2301,58.3,3,5690.54,5.4,0
sim-008728,17,group_a,34899.7,0.4158,51.1,1,12381.4,12.9,0
sim-008729,17,group_a,65811.69,0.3759,38.9,1,11618.11,14.1,0
sim-008730,17,group_a,23104.83,0.4866,144.0,1,3509.07,7.1,1
sim-008731,17,group_a,35401.55,0.5776,66.5,4,20905.55,4.4,1
sim-008732,17,group_a,19529.01,0.5197,81.0,1,9416.89,7.7,1
sim-008733,17,group_a,27489.28,0.3114,59.4,0,5167.52,4.2,1
sim-008734,17,group_b,48398.04,0.3346,66.8,1,5013.27,6.6,1
sim-008735,17,group_a,48785.32,0.2861,43.4,1,9113.48,2.1,1
sim-008736,17,group_a,37140.36,0.5118,45.1,4,5399.23,2.6,0
sim-008737,17,group_a,67919.18,0.3256,49.0,1,5147.24,14.4,1
sim-008738,17,group_b,74809.34,0.4665,128.5,0,6649.42,5.4,0
sim-008739,17,group_b,41147.75,0.4509,134.7,0,10441.31,9.3,0
sim-008740,17,group_a,47060.15,0.3759,80.8,1,6850.57,4.9,0
sim-008741,17,group_b,35028.99,0.1891,79.5,3,5341.23,5.3,0
sim-008742,17,group_a,55121.37,0.4651,49.0,3,17644.08,10.9,1
sim-008743,17,group_b,25655.02,0.0925,90.8,0,10402.07,11.1,0
sim-008744,17,group_a,90061.73,0.0424,81.1,0,5287.96,8.7,0
sim-008745,17,group_a,68377.14,0.6488,82.5,2,9049.95,10.2,0
sim-008746,17,group_b,25602.64,0.1207,31.5,2,8709.72,5.9,0
sim-008747,17,group_b,30412.6,0.0828,149.6,1,8103.76,13.8,0
sim-008748,17,group_b,50560.43,0.0721,61.5,1,8299.33,5.8,1
sim-008749,17,group_a,36751.51,0.2037,51.0,1,7495.82,6.3,0
sim-008750,17,group_b,53248.87,0.2694,63.7,1,10225.77,4.8,0
sim-008751,17,group_a,36426.56,0.4432,48.0,0,8022.2,12.8,0
sim-008752,17,group_b,80371.98,0.3501,67.2,1,9006.4,4.0,0
sim-008753,17,group_b,42509.76,0.3517,73.0,0,10165.09,5.0,0
sim-008754,17,group_a,117082.39,0.3637,92.0,1,7937.8,7.2,0
sim-008755,17,group_a,54563.67,0.1992,43.0,0,11754.61,3.4,1
sim-008756,17,group_a,24034.61,0.1507,52.0,0,15837.68,10.0,0
sim-008757,17,group_a,101755.54,0.4056,57.5,2,7152.08,0.6,0
sim-008758,17,group_a,67201.12,0.3064,49.7,0,6238.78,2.4,0
sim-008759,17,group_a,49695.12,0.1728,132.9,2,4138.31,8.1,1
sim-008760,17,group_b,55580.41,0.3444,59.7,2,11570.12,2.8,1
sim-008761,17,group_a,25709.1,0.0618,114.0,3,7561.38,1.8,0
sim-008762,17,group_a,19854.02,0.1991,81.4,1,4598.03,4.9,0
sim-008763,17,group_b,41625.37,0.3409,91.7,2,6247.16,4.3,0
sim-008764,17,group_a,75590.32,0.377,45.2,1,10197.22,9.4,1
sim-008765,17,group_a,50020.98,0.0855,102.5,0,12100.53,10.6,0
sim-008766,17,group_b,86842.55,0.3244,69.3,2,10756.8,3.7,0
sim-008767,17,group_b,73785.15,0.7552,38.7,6,7963.77,5.9,1
sim-008768,17,group_a,42729.96,0.3136,39.3,0,11733.56,5.1,1
sim-008769,17,group_a,69645.82,0.4726,25.4,0,8612.39,5.1,0
sim-008770,17,group_a,80297.2,0.4017,87.7,1,9061.91,2.6,0
sim-008771,17,group_b,40958.87,0.0937,58.0,0,5502.74,4.3,1
sim-008772,17,group_b,38723.98,0.6719,82.8,3,14023.69,5.0,1
sim-008773,17,group_b,44935.76,0.2098,111.4,2,11486.78,14.4,0
sim-008774,17,group_b,15382.7,0.5623,27.6,2,6789.79,2.3,1
sim-008775,17,group_a,47656.84,0.0265,56.9,0,14210.06,3.5,1
sim-008776,17,group_a,57330.27,0.1804,31.1,2,4352.75,6.1,0
sim-008777,17,group_b,45012.46,0.4743,50.8,0,5512.5,1.9,0
sim-008778,17,group_b,48960.21,0.026,34.4,1,4452.04,4.8,0
sim-008779,17,group_a,41595.19,0.3016,133.7,0,6686.88,12.6,1
sim-008780,17,group_b,18310.88,0.2686,55.3,1,5683.76,2.3,1
sim-008781,17,group_a,85160.23,0.1164,149.7,1,13130.26,3.6,0
sim-008782,17,group_b,36297.78,0.3585,83.0,2,8722.4,3.1,0
sim-008783,17,group_a,32680.59,0.1876,84.2,2,7126.66,2.3,0
sim-008784,17,group_b,74933.23,0.2579,42.9,1,10123.44,4.4,1
sim-008785,17,group_a,63898.69,0.3279,49.2,3,12116.11,0.9,1
sim-008786,17,group_b,47509.63,0.0706,57.1,1,15668.99,2.8,0
sim-008787,17,group_b,58520.67,0.369,85.2,1,7854.5,10.3,0
sim-008788,17,group_a,26079.5,0.084,20.6,1,8154.46,2.5,0
sim-008789,17,group_b,40946.61,0.8245,30.7,2,4913.47,5.3,1
sim-008790,17,group_b,72970.41,0.0294,79.6,0,9006.54,8.7,0
sim-008791,17,group_b,31875.74,0.127,29.6,0,9322.24,5.7,0
sim-008792,17,group_a,27853.11,0.0844,76.6,0,6191.59,3.6,0
sim-008793,17,group_b,43783.56,0.5147,131.0,2,8382.99,6.9,1
sim-008794,17,group_a,44216.97,0.2138,46.1,0,7286.94,5.5,0
sim-008795,17,group_b,55602.32,0.1464,97.5,1,9820.32,11.1,0
sim-008796,17,group_a,23746.16,0.0876,74.9,2,7342.24,7.9,0
sim-008797,17,group_b,14519.7,0.3246,35.6,0,9067.34,8.2,0
sim-008798,17,group_a,62374.85,0.6455,18.5,1,6247.54,5.5,1
sim-008799,17,group_a,26880.26,0.3162,63.2,1,12006.92,7.5,1
sim-008800,17,group_a,32787.55,0.5232,136.0,1,10412.26,19.8,0
sim-008801,17,group_a,16933.36,0.0816,70.8,1,13996.01,4.9,0
sim-008802,17,group_a,65096.32,0.2517,120.3,0,8629.91,5.9,0
sim-008803,17,group_a,49076.82,0.5442,155.1,0,7905.83,9.5,0
sim-008804,17,group_b,48256.3,0.5358,77.3,1,4023.37,6.7,0
sim-008805,17,group_a,48119.9,0.3812,100.5,1,12523.24,6.1,1
sim-008806,17,group_a,17831.68,0.424,32.9,4,8457.66,5.3,1
sim-008807,17,group_b,28007.57,0.1976,92.9,0,7212.68,4.3,0
sim-008808,17,group_b,35041.02,0.2314,110.7,1,12220.07,7.8,1
sim-008809,17,group_b,30931.43,0.6737,57.6,4,11885.99,4.9,1
sim-008810,17,group_b,37796.25,0.2943,61.7,2,6707.91,6.8,1
sim-008811,17,group_b,46976.55,0.3574,118.6,0,9608.49,2.2,0
sim-008812,17,group_b,64647.46,0.2972,51.3,0,8314.62,6.7,0
sim-008813,17,group_b,22749.86,0.0498,78.2,1,14352.61,11.9,0
sim-008814,17,group_b,42204.8,0.3469,69.3,1,4905.84,1.3,0
sim-008815,17,group_a,57116.5,0.149,146.5,2,15735.44,4.7,0
sim-008816,17,group_b,28735.4,0.4384,93.9,1,13731.04,2.5,0
sim-008817,17,group_b,39066.1,0.403,61.4,1,6681.97,4.5,0
sim-008818,17,group_b,51531.67,0.0639,70.0,0,6261.43,4.3,0
sim-008819,17,group_b,42561.6,0.3471,20.0,2,9895.61,2.9,1
sim-008820,17,group_a,56227.6,0.246,119.3,0,4174.04,4.3,0
sim-008821,17,group_a,44080.52,0.5062,83.9,1,9123.26,11.9,0
sim-008822,17,group_b,37161.1,0.4583,55.4,2,8860.74,9.8,1
sim-008823,17,group_b,25886.11,0.3983,85.0,3,10508.77,12.4,0
sim-008824,17,group_b,46995.67,0.1107,93.9,1,5845.12,3.5,1
sim-008825,17,group_b,44178.28,0.3283,73.7,1,27270.36,8.6,1
sim-008826,17,group_b,27917.54,0.3264,75.4,1,8907.41,4.5,1
sim-008827,17,group_b,54093.18,0.3724,26.5,1,14658.6,8.2,0
sim-008828,17,group_a,72151.83,0.1821,86.4,0,10048.61,0.4,1
sim-008829,17,group_b,32104.8,0.0735,87.2,0,12472.3,5.6,0
sim-008830,17,group_a,31206.9,0.4631,113.4,2,4559.3,6.8,1
sim-008831,17,group_a,30731.93,0.3072,102.9,1,19625.86,4.3,1
sim-008832,17,group_a,20930.49,0.3898,55.3,2,10563.23,3.8,0
sim-008833,17,group_a,98310.13,0.5201,79.7,3,10216.0,4.7,1
sim-008834,17,group_a,35082.87,0.022,79.6,0,10931.66,0.9,0
sim-008835,17,group_a,29538.48,0.3791,95.6,2,10275.83,3.0,0
sim-008836,17,group_b,26390.37,0.3922,57.0,2,8928.38,2.4,1
sim-008837,17,group_b,35992.06,0.3805,85.0,1,7264.3,11.0,0
sim-008838,17,group_a,31634.77,0.1961,113.7,1,4748.09,6.5,0
sim-008839,17,group_b,77496.71,0.2741,71.6,0,19015.1,10.7,0
sim-008840,17,group_a,25072.58,0.4024,70.6,0,4949.22,0.7,0
sim-008841,17,group_a,22199.29,0.2519,40.5,2,13523.67,3.3,0
sim-008842,17,group_a,53409.79,0.511,98.5,0,10298.28,8.5,0
sim-008843,17,group_b,40496.6,0.1043,63.8,0,5875.86,2.8,1
sim-008844,17,group_b,38575.13,0.2073,57.7,1,11669.12,9.3,0
sim-008845,17,group_b,53586.22,0.214,70.1,1,6656.12,3.5,0
sim-008846,17,group_b,44865.25,0.3148,44.8,1,20735.0,15.7,1
sim-008847,17,group_b,41536.86,0.2892,102.1,1,7928.54,2.8,0
sim-008848,17,group_b,23473.53,0.4238,90.4,0,12496.07,13.3,0
sim-008849,17,group_b,21023.58,0.1705,72.9,1,6442.15,6.9,0
sim-008850,17,group_a,31565.5,0.3542,55.2,1,5215.15,3.9,1
sim-008851,17,group_a,26864.65,0.2973,75.7,1,7937.79,10.1,0
sim-008852,17,group_a,47432.67,0.1284,76.7,0,17555.99,3.9,0
sim-008853,17,group_b,19901.29,0.1355,133.9,0,3814.03,5.0,0
sim-008854,17,group_a,35108.3,0.5226,137.2,0,6086.62,9.2,1
sim-008855,17,group_a,39391.63,0.5025,50.3,4,7950.31,6.7,0
sim-008856,17,group_b,41662.0,0.1383,52.8,2,5255.8,0.4,0
sim-008857,17,group_b,50089.42,0.6339,111.2,1,4680.14,4.6,0
sim-008858,17,group_a,36932.72,0.4811,51.2,2,12827.63,2.3,0
sim-008859,17,group_a,32005.19,0.2197,96.2,0,5840.64,4.1,0
sim-008860,17,group_a,71444.89,0.2097,91.9,0,5610.28,1.4,0
sim-008861,17,group_a,37033.8,0.3811,51.9,1,6114.54,11.3,0
sim-008862,17,group_b,76882.59,0.2992,75.6,1,7418.25,1.6,0
sim-008863,17,group_b,36954.64,0.3327,33.0,3,10266.53,5.0,0
sim-008864,17,group_a,42073.22,0.1061,84.8,1,4647.23,8.5,0
sim-008865,17,group_a,39963.67,0.4604,82.0,0,7320.35,2.8,0
sim-008866,17,group_a,46681.9,0.251,72.5,1,6052.98,3.3,0
sim-008867,17,group_a,35513.34,0.4344,57.4,0,4420.21,14.0,1
sim-008868,17,group_a,44107.13,0.6026,22.8,0,6392.68,3.2,0
sim-008869,17,group_b,80574.85,0.5492,118.2,2,12297.11,4.6,1
sim-008870,17,group_a,65809.39,0.0305,42.7,1,9391.56,0.7,1
sim-008871,17,group_b,66000.01,0.4683,80.2,1,11338.55,4.2,0
sim-008872,17,group_a,24110.17,0.5522,58.7,1,2687.04,7.6,0
sim-008873,17,group_b,25805.67,0.2479,58.6,1,5833.59,7.4,1
sim-008874,17,group_a,46418.59,0.4765,89.5,0,10097.49,4.2,0
sim-008875,17,group_a,58554.31,0.4496,137.7,1,6708.42,4.2,0
sim-008876,17,group_b,34062.87,0.2072,19.7,4,8257.77,7.5,0
sim-008877,17,group_b,31603.22,0.5901,69.8,1,8301.06,3.3,1
sim-008878,17,group_a,76070.37,0.3596,109.5,2,3916.8,1.5,0
sim-008879,17,group_a,56504.08,0.1689,40.5,1,6559.96,4.3,0
sim-008880,17,group_b,66062.36,0.0941,133.5,0,5194.95,7.7,0
sim-008881,17,group_b,35192.6,0.5787,30.8,0,9319.67,5.8,1
sim-008882,17,group_b,34050.21,0.4345,55.9,0,6688.54,12.6,0
sim-008883,17,group_a,63103.66,0.4254,38.2,1,4470.13,4.6,0
sim-008884,17,group_a,37935.97,0.3353,48.0,1,7706.96,12.3,0
sim-008885,17,group_a,32775.61,0.3934,124.4,1,16346.35,4.9,0
sim-008886,17,group_a,28867.09,0.285,38.4,1,3560.37,8.6,1
sim-008887,17,group_b,34175.22,0.1407,72.3,2,13068.07,9.1,0
sim-008888,17,group_b,61177.52,0.2837,49.5,1,5788.55,9.2,0
sim-008889,17,group_a,22470.1,0.1619,88.1,1,7971.4,4.3,1
sim-008890,17,group_b,55171.51,0.1212,65.7,1,3675.67,1.9,0
sim-008891,17,group_b,31462.39,0.3718,65.9,1,9116.86,4.4,1
sim-008892,17,group_b,38780.54,0.6085,46.0,0,9431.45,5.3,0
sim-008893,17,group_a,39838.01,0.5504,125.2,1,19051.69,3.7,0
sim-008894,17,group_a,38610.79,0.4645,81.5,3,10023.75,3.9,1
sim-008895,17,group_a,37549.16,0.3075,78.5,1,3315.91,3.0,0
sim-008896,17,group_a,35149.67,0.3961,91.2,3,8561.42,2.5,1
sim-008897,17,group_a,33322.94,0.1337,49.3,0,9156.46,7.7,0
sim-008898,17,group_a,73740.31,0.2988,104.7,2,4105.25,0.9,1
sim-008899,17,group_a,42809.73,0.6983,83.5,2,2825.45,2.4,0
sim-008900,17,group_a,40179.08,0.4441,87.8,0,3298.51,4.1,1
sim-008901,17,group_b,32313.68,0.2711,9.3,0,9075.47,4.4,0
sim-008902,17,group_b,35691.35,0.1879,62.8,2,7101.63,6.7,1
sim-008903,17,group_a,32360.96,0.2236,57.9,1,12878.37,4.9,0
sim-008904,17,group_b,58421.81,0.3893,77.3,1,15399.74,6.3,0
sim-008905,17,group_a,30868.4,0.4104,120.4,2,11557.05,6.6,0
sim-008906,17,group_a,16491.11,0.316,50.1,3,11924.09,10.6,0
sim-008907,17,group_b,43411.92,0.4078,76.9,2,14209.4,6.2,0
sim-008908,17,group_a,37671.38,0.1786,86.7,2,9764.7,3.7,0
sim-008909,17,group_a,33122.53,0.3569,72.0,3,10031.3,19.0,1
sim-008910,17,group_a,62121.88,0.3075,53.8,3,3020.91,9.9,0
sim-008911,17,group_a,13439.07,0.0382,33.4,1,6032.17,11.5,0
sim-008912,17,group_b,82127.03,0.2983,23.0,0,4710.16,5.9,0
sim-008913,17,group_a,65970.61,0.459,55.8,0,14836.89,5.0,1
sim-008914,17,group_a,32539.75,0.6298,53.6,2,4938.17,5.2,0
sim-008915,17,group_a,35054.9,0.3732,72.5,0,4873.85,1.7,0
sim-008916,17,group_a,52357.08,0.1348,123.1,0,6763.51,3.2,1
sim-008917,17,group_a,52950.39,0.161,60.1,1,16734.61,3.6,0
sim-008918,17,group_b,32460.19,0.2731,27.4,1,18787.08,2.8,0
sim-008919,17,group_b,21481.64,0.2995,72.2,0,7519.42,1.6,0
sim-008920,17,group_a,102924.5,0.1779,20.0,0,9823.69,7.6,0
sim-008921,17,group_b,63295.66,0.2903,22.4,0,7815.74,3.3,0
sim-008922,17,group_a,45246.39,0.3698,39.7,1,10672.21,3.1,1
sim-008923,17,group_a,45607.42,0.3564,41.9,3,3055.99,4.8,0
sim-008924,17,group_a,54992.56,0.2138,57.5,0,14432.77,4.7,0
sim-008925,17,group_a,57829.05,0.1381,92.4,1,7992.29,5.1,0
sim-008926,17,group_b,17636.5,0.2337,50.9,1,6156.51,5.3,1
sim-008927,17,group_b,36557.21,0.2644,70.2,1,5997.47,4.5,0
sim-008928,17,group_a,34995.38,0.0681,102.1,0,9751.67,8.0,0
sim-008929,17,group_a,39584.68,0.2695,163.8,0,16426.62,11.3,0
sim-008930,17,group_b,58555.68,0.284,46.2,1,15780.5,3.4,0
sim-008931,17,group_a,19973.59,0.0899,53.7,0,5677.58,7.7,0
sim-008932,17,group_a,24037.26,0.6815,72.5,1,11448.3,9.7,1
sim-008933,17,group_b,31814.17,0.3018,68.8,2,5409.06,6.9,1
sim-008934,17,group_b,45198.76,0.3219,63.8,1,5723.59,2.0,0
sim-008935,17,group_b,60083.63,0.8055,52.2,5,7599.22,10.0,1
sim-008936,17,group_a,84049.05,0.5299,28.5,1,10041.91,6.2,0
sim-008937,17,group_a,37561.36,0.5015,64.3,1,10409.89,7.0,0
sim-008938,17,group_a,60042.14,0.5293,50.9,2,8976.35,3.9,0
sim-008939,17,group_b,57083.38,0.0992,55.8,2,3933.87,3.3,0
sim-008940,17,group_a,53183.37,0.2779,72.3,1,10828.15,6.8,0
sim-008941,17,group_a,41931.89,0.1013,122.8,1,23313.65,8.9,0
sim-008942,17,group_a,35817.67,0.3136,34.2,2,10945.29,4.4,0
sim-008943,17,group_b,27079.5,0.1262,59.8,1,14549.78,2.9,0
sim-008944,17,group_b,26337.02,0.7054,33.2,0,11262.36,3.5,0
sim-008945,17,group_b,49009.74,0.7273,105.3,1,12431.95,2.5,0
sim-008946,17,group_a,41404.4,0.3537,99.9,2,4033.83,2.5,1
sim-008947,17,group_b,35578.15,0.227,125.4,1,5396.09,3.6,0
sim-008948,17,group_a,56006.31,0.3078,80.8,0,14727.53,3.9,0
sim-008949,17,group_a,38940.67,0.2761,12.2,2,12501.52,4.3,0
sim-008950,17,group_a,28867.3,0.3151,77.0,1,6984.12,4.8,0
sim-008951,17,group_a,37875.92,0.2014,166.1,0,8984.8,6.3,0
sim-008952,17,group_a,59794.24,0.3205,53.9,3,13112.26,4.3,0
sim-008953,17,group_b,27560.1,0.1717,46.5,0,9528.03,3.4,0
sim-008954,17,group_a,46253.68,0.3961,51.7,0,13364.46,2.4,1
sim-008955,17,group_a,41386.96,0.2997,86.9,3,6881.93,3.7,1
sim-008956,17,group_b,30775.06,0.2425,41.9,0,14091.1,2.5,1
sim-008957,17,group_b,37451.13,0.2674,102.3,1,9561.1,8.0,0
sim-008958,17,group_a,21892.36,0.2727,19.6,2,5060.18,9.2,0
sim-008959,17,group_b,44358.02,0.5841,126.9,4,21532.69,13.9,0
sim-008960,17,group_a,23880.37,0.6051,54.7,1,22805.87,1.1,1
sim-008961,17,group_a,66464.53,0.2982,97.4,1,6254.85,6.1,0
sim-008962,17,group_b,40756.54,0.3719,52.1,3,6728.32,9.3,0
sim-008963,17,group_a,33317.51,0.4729,48.8,3,11631.13,3.6,1
sim-008964,17,group_a,68970.55,0.1354,59.9,1,7596.57,0.6,0
sim-008965,17,group_a,27463.78,0.3177,95.6,1,8021.88,9.2,0
sim-008966,17,group_a,30945.2,0.5745,50.0,0,16180.01,5.3,1
sim-008967,17,group_a,19647.72,0.0568,88.6,0,4436.75,3.3,1
sim-008968,17,group_b,73423.01,0.3277,76.7,1,6065.56,12.0,0
sim-008969,17,group_a,93023.14,0.1695,126.7,1,8126.96,3.3,0
sim-008970,17,group_b,20975.08,0.2467,95.3,1,8683.85,11.4,0
sim-008971,17,group_a,30072.78,0.3598,31.0,2,16654.36,1.4,1
sim-008972,17,group_b,43622.21,0.1594,62.9,1,13289.42,2.0,1
sim-008973,17,group_a,34112.13,0.2806,87.4,1,5824.84,7.1,0
sim-008974,17,group_a,41808.2,0.1642,39.6,1,9932.76,11.3,0
sim-008975,17,group_a,40320.24,0.2294,82.4,0,6028.31,3.8,0
sim-008976,17,group_a,50270.4,0.157,111.1,1,16495.32,4.3,0
sim-008977,17,group_b,28293.7,0.3114,46.8,2,6738.01,5.2,0
sim-008978,17,group_b,45931.99,0.4103,85.8,2,4968.33,11.2,0
sim-008979,17,group_b,26508.65,0.264,243.2,1,14054.15,13.4,0
sim-008980,17,group_a,35632.72,0.0595,69.0,2,3273.31,5.6,0
sim-008981,17,group_a,20426.01,0.3093,82.5,2,6174.99,4.7,0
sim-008982,17,group_b,35742.29,0.3358,74.4,3,2244.1,4.4,1
sim-008983,17,group_b,33304.58,0.4409,54.4,1,10582.73,2.4,0
sim-008984,17,group_b,62963.05,0.6857,51.0,3,5079.09,6.6,0
sim-008985,17,group_b,41320.37,0.1852,47.5,3,15541.18,5.1,0
sim-008986,17,group_a,44598.32,0.1237,33.1,0,14251.26,7.2,0
sim-008987,17,group_b,41964.12,0.3327,42.1,1,6162.83,4.9,0
sim-008988,17,group_a,17322.72,0.2643,111.9,1,24329.38,6.4,0
sim-008989,17,group_a,18311.46,0.0535,120.7,0,5127.52,5.8,0
sim-008990,17,group_b,37054.88,0.2236,77.6,2,4695.98,8.5,0
sim-008991,17,group_a,47619.38,0.2392,58.6,1,6233.93,6.7,0
sim-008992,17,group_a,38382.49,0.2729,34.4,0,8722.68,1.0,0
sim-008993,17,group_a,29469.03,0.3561,78.6,0,11627.87,2.2,0
sim-008994,17,group_a,38294.77,0.5956,107.3,0,17835.51,2.4,0
sim-008995,17,group_b,36924.26,0.2053,123.6,0,8710.75,2.2,1
sim-008996,17,group_b,58757.93,0.4679,149.3,1,6867.13,0.8,0
sim-008997,17,group_a,57392.47,0.305,44.6,0,7882.76,2.5,0
sim-008998,17,group_b,33575.97,0.3777,136.9,2,11684.31,7.2,1
sim-008999,17,group_b,41482.7,0.0368,69.5,0,4981.82,7.3,1
sim-009000,18,group_b,48146.5,0.1067,80.8,1,5810.22,8.9,0
sim-009001,18,group_a,51243.84,0.4043,76.4,0,20746.16,1.2,1
sim-009002,18,group_a,85827.2,0.3595,52.9,1,5401.29,10.0,0
sim-009003,18,group_a,42369.24,0.304,86.7,3,4407.65,1.3,0
sim-009004,18,group_a,70043.57,0.4059,36.2,2,18762.6,2.2,0
sim-009005,18,group_b,26337.92,0.2408,129.6,0,9960.82,1.8,0
sim-009006,18,group_a,32799.78,0.5575,71.2,2,15120.49,4.2,1
sim-009007,18,group_a,17482.47,0.1759,13.8,1,3736.55,9.5,0
sim-009008,18,group_b,45686.07,0.2159,196.9,1,16992.46,3.5,0
sim-009009,18,group_a,56272.43,0.2029,76.1,1,1391.44,6.1,0
sim-009010,18,group_a,14657.95,0.6412,38.2,1,7953.66,2.7,1
sim-009011,18,group_b,46401.18,0.5651,102.0,3,19167.96,3.0,1
sim-009012,18,group_b,55258.0,0.5234,40.3,1,15874.82,8.7,1
sim-009013,18,group_a,53951.45,0.4646,47.1,1,12531.23,14.4,1
sim-009014,18,group_b,25945.11,0.271,59.4,2,18382.9,6.8,0
sim-009015,18,group_b,59320.51,0.3009,35.5,1,7668.44,4.7,0
sim-009016,18,group_b,43040.98,0.1508,76.9,1,4482.58,9.8,0
sim-009017,18,group_a,54953.12,0.1091,42.2,0,6442.59,9.2,0
sim-009018,18,group_b,40665.68,0.3349,115.1,1,4236.1,6.3,1
sim-009019,18,group_b,50313.85,0.3902,46.5,1,7229.6,2.6,1
sim-009020,18,group_a,68314.62,0.6496,23.5,3,3929.18,0.9,0
sim-009021,18,group_b,39352.34,0.1038,70.7,2,12686.81,2.7,1
sim-009022,18,group_b,48306.63,0.3268,54.4,1,3214.42,8.8,0
sim-009023,18,group_a,72468.18,0.1619,77.7,1,6623.57,6.9,0
sim-009024,18,group_b,40539.96,0.2485,108.8,2,5769.42,4.2,0
sim-009025,18,group_a,26724.44,0.3348,35.6,1,6775.34,4.4,1
sim-009026,18,group_b,56950.52,0.3864,138.8,1,7177.95,1.9,0
sim-009027,18,group_b,78327.07,0.1864,97.9,2,17712.48,3.1,0
sim-009028,18,group_a,73665.44,0.4047,35.8,0,6522.08,2.5,0
sim-009029,18,group_a,57889.71,0.3546,31.6,1,4578.39,1.3,0
sim-009030,18,group_a,16017.77,0.3163,99.6,0,10100.85,2.7,1
sim-009031,18,group_b,32825.15,0.1949,135.6,0,7687.14,2.7,0
sim-009032,18,group_a,33539.12,0.2106,59.3,1,7532.22,3.3,1
sim-009033,18,group_b,43688.7,0.3096,19.3,1,6826.34,7.9,1
sim-009034,18,group_a,87122.57,0.2774,96.5,0,6741.49,5.2,0
sim-009035,18,group_a,27232.67,0.2938,130.5,0,8598.48,5.7,1
sim-009036,18,group_b,109943.83,0.3177,32.8,2,5464.72,5.2,0
sim-009037,18,group_a,36512.95,0.2262,41.7,0,11725.01,9.8,1
sim-009038,18,group_a,31067.0,0.3713,71.5,0,26530.09,5.8,0
sim-009039,18,group_a,61143.94,0.2996,90.1,1,5885.24,15.2,1
sim-009040,18,group_a,63209.37,0.3182,81.0,3,7620.15,4.3,0
sim-009041,18,group_a,56329.73,0.2233,28.8,2,10441.96,6.8,0
sim-009042,18,group_a,31033.69,0.2075,62.8,2,12287.86,18.3,0
sim-009043,18,group_b,52936.68,0.5037,47.3,3,10648.63,3.4,0
sim-009044,18,group_a,27775.39,0.5699,140.1,1,5025.1,6.1,0
sim-009045,18,group_a,30673.57,0.1856,78.0,0,3499.36,4.5,0
sim-009046,18,group_a,41198.39,0.2202,41.6,1,3864.13,6.6,0
sim-009047,18,group_a,30382.29,0.5861,47.3,4,11786.54,5.2,1
sim-009048,18,group_b,66712.94,0.3023,42.7,1,6572.35,10.8,0
sim-009049,18,group_a,33629.86,0.4914,26.1,2,5693.27,11.8,0
sim-009050,18,group_a,39081.65,0.2667,35.7,3,6667.51,4.0,1
sim-009051,18,group_b,29623.31,0.4955,52.4,1,10746.67,6.4,0
sim-009052,18,group_b,66290.12,0.2632,55.3,1,18104.86,7.2,1
sim-009053,18,group_b,32410.14,0.3726,79.1,1,5697.82,4.0,0
sim-009054,18,group_b,69261.51,0.3487,58.9,0,4773.11,7.0,0
sim-009055,18,group_b,67156.99,0.6181,94.7,1,9620.11,9.9,0
sim-009056,18,group_b,35550.33,0.5866,58.6,1,9466.76,7.1,1
sim-009057,18,group_b,43410.67,0.3135,83.9,0,6233.43,5.8,0
sim-009058,18,group_a,35138.13,0.1654,44.1,0,11485.91,5.3,0
sim-009059,18,group_b,53917.11,0.6931,108.0,2,9621.59,12.6,0
sim-009060,18,group_b,39510.51,0.1112,84.0,1,4923.16,4.8,0
sim-009061,18,group_b,35977.83,0.3898,48.9,2,7219.15,8.3,0
sim-009062,18,group_a,43712.76,0.2709,66.6,0,13989.8,3.7,1
sim-009063,18,group_b,22058.85,0.3251,48.0,0,13073.68,0.8,0
sim-009064,18,group_a,41528.85,0.2027,60.8,0,8956.85,3.4,0
sim-009065,18,group_b,56321.8,0.3276,42.0,1,28708.33,4.7,0
sim-009066,18,group_a,45432.49,0.3812,117.7,3,9632.12,6.3,1
sim-009067,18,group_b,63939.7,0.4412,128.4,2,9551.64,12.3,0
sim-009068,18,group_b,36590.17,0.5277,103.0,2,6989.21,5.1,0
sim-009069,18,group_a,35351.56,0.2297,50.7,0,7396.95,6.5,1
sim-009070,18,group_a,26815.25,0.753,54.3,2,10420.29,10.0,0
sim-009071,18,group_a,36155.6,0.456,21.1,2,5993.08,9.5,0
sim-009072,18,group_b,97897.36,0.2399,36.6,1,11601.18,8.6,0
sim-009073,18,group_b,48133.24,0.4373,146.0,1,11704.97,5.7,0
sim-009074,18,group_b,33525.94,0.0885,139.9,0,4006.0,6.5,0
sim-009075,18,group_a,28097.06,0.3573,119.2,1,3829.88,8.8,0
sim-009076,18,group_b,21908.22,0.6279,123.9,1,7020.07,2.4,0
sim-009077,18,group_b,30249.49,0.1266,33.6,2,19650.51,5.1,0
sim-009078,18,group_a,58974.55,0.2987,98.0,0,20499.76,3.9,0
sim-009079,18,group_a,35833.79,0.4969,92.2,2,1156.85,2.0,1
sim-009080,18,group_a,28668.89,0.1584,101.4,0,9155.8,4.3,0
sim-009081,18,group_a,30024.31,0.2043,159.3,2,8236.25,10.8,1
sim-009082,18,group_a,56318.7,0.2568,21.3,0,5042.38,10.0,0
sim-009083,18,group_a,41434.52,0.1256,22.4,0,7477.7,2.4,0
sim-009084,18,group_a,32944.32,0.4992,38.3,1,5767.38,5.0,0
sim-009085,18,group_a,37664.64,0.21,31.6,2,7257.75,0.8,0
sim-009086,18,group_a,108279.48,0.3444,59.7,2,7426.1,10.6,0
sim-009087,18,group_b,71556.43,0.1078,79.1,0,4656.98,8.6,0
sim-009088,18,group_a,79445.19,0.3773,89.7,3,7209.99,6.8,0
sim-009089,18,group_a,20539.73,0.1598,25.7,1,7092.21,8.7,0
sim-009090,18,group_b,40236.79,0.7127,46.8,1,11420.13,5.2,1
sim-009091,18,group_a,32701.9,0.2171,77.9,0,8824.24,2.6,0
sim-009092,18,group_a,53874.52,0.4756,64.9,2,12011.83,6.4,0
sim-009093,18,group_a,66911.02,0.2615,57.0,0,10261.71,10.7,0
sim-009094,18,group_a,49172.95,0.4608,114.0,1,16249.36,5.4,0
sim-009095,18,group_b,29719.62,0.4391,48.5,2,6962.23,2.6,0
sim-009096,18,group_a,32479.82,0.1303,142.2,0,12834.35,4.1,0
sim-009097,18,group_a,55639.01,0.189,39.6,0,8414.02,9.6,0
sim-009098,18,group_a,58013.48,0.1966,41.6,2,17380.47,6.7,0
sim-009099,18,group_b,45487.83,0.2349,81.7,1,9730.83,2.9,0
sim-009100,18,group_a,45275.09,0.318,52.0,0,5022.0,10.6,0
sim-009101,18,group_a,43785.21,0.3668,53.2,1,7863.83,3.3,1
sim-009102,18,group_a,48003.08,0.4711,46.9,1,7339.69,2.2,1
sim-009103,18,group_b,57913.37,0.607,77.3,4,5375.56,3.9,1
sim-009104,18,group_b,55863.67,0.3288,23.0,0,6414.62,3.8,0
sim-009105,18,group_b,43299.91,0.0669,39.8,1,2848.32,12.1,0
sim-009106,18,group_a,41998.92,0.2868,54.7,1,6034.52,5.8,1
sim-009107,18,group_a,41329.62,0.5312,84.8,2,11399.79,1.1,1
sim-009108,18,group_b,30892.27,0.1575,49.4,2,10703.09,8.1,0
sim-009109,18,group_a,30727.96,0.291,162.2,0,6268.69,6.1,0
sim-009110,18,group_b,53877.14,0.2422,91.8,1,9728.62,2.7,1
sim-009111,18,group_a,31780.08,0.3742,83.7,0,15275.38,1.6,0
sim-009112,18,group_a,60346.14,0.4692,66.0,0,5608.92,10.7,1
sim-009113,18,group_a,41958.49,0.3812,74.0,2,3909.74,2.8,0
sim-009114,18,group_a,60489.8,0.6169,58.8,3,8185.65,8.8,1
sim-009115,18,group_b,56023.29,0.2247,90.3,0,15817.78,5.3,0
sim-009116,18,group_a,61085.55,0.4167,104.6,0,15339.39,1.6,0
sim-009117,18,group_a,35098.95,0.1207,69.5,0,7351.16,8.5,0
sim-009118,18,group_b,50906.09,0.2417,162.5,0,11758.47,5.6,0
sim-009119,18,group_b,58449.18,0.0898,48.8,1,8023.93,1.0,0
sim-009120,18,group_b,22346.9,0.2414,140.9,1,21839.43,3.8,0
sim-009121,18,group_b,87615.33,0.1232,91.2,0,10660.03,1.6,0
sim-009122,18,group_b,111046.05,0.7185,58.7,0,3734.48,7.7,0
sim-009123,18,group_a,63822.5,0.3945,52.6,1,6668.9,3.3,0
sim-009124,18,group_b,60142.37,0.3558,23.4,1,8416.11,2.6,0
sim-009125,18,group_b,54900.55,0.1409,113.5,3,4986.8,3.5,1
sim-009126,18,group_a,37427.39,0.4916,138.5,1,9150.42,4.7,0
sim-009127,18,group_b,40934.5,0.3716,79.5,1,6287.72,4.4,0
sim-009128,18,group_a,64282.97,0.5686,47.3,2,11252.97,6.4,1
sim-009129,18,group_b,28488.3,0.3584,36.6,3,4883.79,2.6,0
sim-009130,18,group_a,27460.36,0.2379,82.3,0,7100.19,3.2,0
sim-009131,18,group_b,36283.62,0.3762,79.2,2,14838.63,11.8,0
sim-009132,18,group_a,56479.12,0.1912,63.4,0,8507.49,6.8,1
sim-009133,18,group_b,29801.29,0.2748,68.1,2,9091.99,2.2,0
sim-009134,18,group_a,39000.32,0.4691,94.6,1,5051.37,5.3,0
sim-009135,18,group_b,40994.63,0.3728,73.5,2,6937.77,4.0,1
sim-009136,18,group_a,28029.56,0.2932,69.8,3,6204.37,1.2,0
sim-009137,18,group_b,15387.3,0.276,86.3,0,7569.82,8.0,0
sim-009138,18,group_a,27857.7,0.2445,148.6,2,26177.56,5.6,0
sim-009139,18,group_a,47837.84,0.4669,33.2,1,11511.63,5.9,1
sim-009140,18,group_a,52584.69,0.2437,64.6,1,9386.17,9.3,0
sim-009141,18,group_b,52766.53,0.1837,33.3,2,6599.52,6.1,0
sim-009142,18,group_a,55382.58,0.2704,27.1,3,6202.76,18.4,0
sim-009143,18,group_b,32955.52,0.2304,77.1,0,8630.33,3.1,1
sim-009144,18,group_a,30119.98,0.4275,100.8,2,10851.8,2.8,0
sim-009145,18,group_b,50187.66,0.6306,49.1,1,8571.48,7.0,1
sim-009146,18,group_a,39224.82,0.1997,68.3,2,5820.43,8.8,0
sim-009147,18,group_a,62753.71,0.3549,82.6,0,8734.39,3.8,1
sim-009148,18,group_a,50320.96,0.4395,155.2,1,11674.56,10.4,0
sim-009149,18,group_a,73512.05,0.2814,130.8,1,14999.05,2.5,0
sim-009150,18,group_a,35258.95,0.4631,25.2,1,14068.85,0.5,1
sim-009151,18,group_a,67128.53,0.423,78.7,1,6627.44,6.6,1
sim-009152,18,group_a,100766.77,0.326,112.8,4,2165.09,2.0,0
sim-009153,18,group_b,43851.84,0.4594,83.0,1,4440.95,0.7,0
sim-009154,18,group_a,52876.21,0.7563,36.9,0,4371.72,4.3,0
sim-009155,18,group_b,29003.68,0.2902,49.5,2,8881.33,4.8,0
sim-009156,18,group_a,62411.43,0.3077,62.6,1,4846.66,7.5,0
sim-009157,18,group_a,68885.74,0.241,16.5,1,5672.75,3.8,0
sim-009158,18,group_a,34833.32,0.063,134.0,0,6719.59,10.8,0
sim-009159,18,group_a,54840.65,0.4341,27.9,1,39329.2,8.7,1
sim-009160,18,group_a,48232.99,0.3359,46.5,2,17678.46,5.4,1
sim-009161,18,group_b,50520.27,0.1458,72.7,0,6710.98,1.7,0
sim-009162,18,group_b,60297.64,0.6919,37.9,2,20326.54,1.9,1
sim-009163,18,group_a,53313.12,0.4964,24.0,1,8635.94,4.6,0
sim-009164,18,group_a,40442.04,0.1597,53.3,1,5607.28,7.7,0
sim-009165,18,group_a,60838.89,0.4572,121.5,1,10114.36,9.3,0
sim-009166,18,group_b,68389.84,0.4073,142.6,0,5038.55,7.8,1
sim-009167,18,group_a,33970.18,0.4072,51.9,1,3037.98,9.0,0
sim-009168,18,group_a,42840.72,0.2485,60.3,1,2866.49,3.5,0
sim-009169,18,group_a,20397.12,0.2683,28.5,1,14189.73,0.8,0
sim-009170,18,group_a,54781.68,0.1895,41.0,0,7504.91,4.0,0
sim-009171,18,group_b,71661.53,0.1219,80.3,0,4692.95,8.9,0
sim-009172,18,group_a,38481.62,0.2113,72.0,2,9704.92,2.6,0
sim-009173,18,group_a,45344.46,0.4773,93.3,0,3845.43,4.8,1
sim-009174,18,group_b,39085.93,0.2989,57.9,0,4690.16,1.5,0
sim-009175,18,group_b,36488.91,0.5015,98.1,0,10101.34,4.2,0
sim-009176,18,group_a,47264.37,0.3693,79.8,1,20731.16,8.4,0
sim-009177,18,group_a,30841.55,0.199,35.7,1,4137.32,3.0,1
sim-009178,18,group_b,38839.14,0.4029,25.4,0,4646.14,2.1,0
sim-009179,18,group_a,29321.86,0.3035,73.5,2,7351.06,5.4,0
sim-009180,18,group_a,54907.88,0.2158,114.1,0,11107.67,3.2,0
sim-009181,18,group_a,47404.86,0.3356,17.0,4,9475.9,3.4,0
sim-009182,18,group_a,35770.55,0.3378,60.2,0,6417.95,2.5,0
sim-009183,18,group_b,43546.0,0.1678,39.8,1,7485.85,1.1,0
sim-009184,18,group_b,39077.24,0.4737,77.2,1,9023.78,4.7,1
sim-009185,18,group_b,69316.34,0.6303,52.8,1,19337.69,4.3,0
sim-009186,18,group_b,35624.0,0.1771,82.3,1,12593.14,1.2,0
sim-009187,18,group_b,55978.27,0.4743,99.8,1,5339.22,8.0,1
sim-009188,18,group_b,31882.51,0.2258,56.3,4,3784.42,7.2,1
sim-009189,18,group_b,60353.86,0.307,76.4,1,11165.46,2.2,0
sim-009190,18,group_a,66281.65,0.3238,119.6,0,4287.85,12.8,0
sim-009191,18,group_a,67608.75,0.1987,75.6,1,9950.65,8.8,0
sim-009192,18,group_a,79525.03,0.4145,31.1,3,11723.68,4.4,1
sim-009193,18,group_a,48476.14,0.7254,33.0,2,13582.62,3.2,1
sim-009194,18,group_a,72109.25,0.2302,53.3,0,4675.06,9.1,0
sim-009195,18,group_a,84808.88,0.2384,65.4,1,12126.48,1.6,0
sim-009196,18,group_a,26761.99,0.3595,88.6,0,13979.5,2.2,0
sim-009197,18,group_a,33277.61,0.278,57.3,1,7149.91,5.1,0
sim-009198,18,group_a,22875.13,0.2569,32.0,1,5156.33,5.2,0
sim-009199,18,group_a,66948.61,0.3254,105.7,2,8029.46,15.2,0
sim-009200,18,group_a,22752.18,0.4934,77.4,4,8482.62,6.5,1
sim-009201,18,group_b,20301.83,0.2266,35.2,1,12960.2,4.1,1
sim-009202,18,group_a,27040.61,0.2496,18.8,1,8361.91,3.9,0
sim-009203,18,group_a,20659.05,0.4412,80.1,1,9430.92,4.7,1
sim-009204,18,group_a,48064.85,0.0884,61.9,0,11360.69,1.2,0
sim-009205,18,group_b,27186.94,0.1907,79.3,2,7423.87,5.7,1
sim-009206,18,group_b,21080.02,0.1472,45.4,2,8568.48,3.9,0
sim-009207,18,group_a,42125.7,0.2105,96.3,2,5198.42,11.0,0
sim-009208,18,group_a,43182.35,0.5005,39.2,0,8137.18,2.9,0
sim-009209,18,group_b,19549.23,0.4368,69.2,0,7292.22,14.0,0
sim-009210,18,group_b,31768.98,0.4136,107.4,6,7601.87,1.4,0
sim-009211,18,group_a,41549.96,0.4371,79.5,1,4645.65,2.2,0
sim-009212,18,group_a,36906.18,0.1091,28.0,1,7958.4,3.0,0
sim-009213,18,group_a,37332.41,0.6064,104.2,2,5748.72,1.4,1
sim-009214,18,group_a,70354.39,0.5654,75.3,3,7706.93,4.1,1
sim-009215,18,group_b,105614.27,0.2246,91.0,1,8455.63,15.0,0
sim-009216,18,group_b,37587.04,0.5322,29.6,3,19385.42,7.6,1
sim-009217,18,group_b,24607.58,0.1298,87.2,0,6040.25,4.1,0
sim-009218,18,group_b,38850.46,0.4447,31.6,3,5534.52,3.2,1
sim-009219,18,group_a,46518.39,0.2941,88.1,0,7350.23,9.2,0
sim-009220,18,group_b,41924.39,0.5706,70.7,2,5040.09,14.6,0
sim-009221,18,group_a,55408.61,0.3809,46.3,0,2797.2,8.4,1
sim-009222,18,group_a,108553.88,0.6685,67.0,3,6860.56,3.5,1
sim-009223,18,group_b,20878.79,0.2855,38.1,1,7626.57,1.1,1
sim-009224,18,group_a,34649.08,0.5246,45.2,1,8688.91,7.7,0
sim-009225,18,group_b,81902.12,0.1229,57.3,1,7107.75,2.9,0
sim-009226,18,group_b,34431.97,0.3186,78.8,2,5548.56,3.5,0
sim-009227,18,group_b,59729.86,0.3231,43.5,1,9459.3,4.2,1
sim-009228,18,group_b,55880.92,0.2733,62.4,0,6441.62,5.9,1
sim-009229,18,group_a,72076.95,0.2736,101.6,2,6131.42,10.0,1
sim-009230,18,group_a,95760.23,0.4393,59.9,1,10930.08,7.9,0
sim-009231,18,group_b,49310.41,0.4733,58.5,0,7598.93,3.1,0
sim-009232,18,group_b,20593.93,0.5244,105.8,1,15598.31,7.3,0
sim-009233,18,group_b,31946.85,0.2442,50.2,0,4792.18,6.5,0
sim-009234,18,group_a,107381.39,0.2039,48.2,0,19531.18,9.6,0
sim-009235,18,group_a,23671.73,0.0878,110.1,0,10266.9,4.8,0
sim-009236,18,group_a,52820.72,0.5693,73.9,4,4777.39,3.1,1
sim-009237,18,group_b,14911.77,0.464,56.7,2,7198.78,1.6,1
sim-009238,18,group_b,24306.15,0.1873,69.3,3,6028.95,4.7,0
sim-009239,18,group_b,62225.1,0.1822,55.2,0,10709.39,9.1,0
sim-009240,18,group_a,43525.56,0.5165,50.2,4,6023.49,5.9,1
sim-009241,18,group_a,36603.33,0.3125,20.3,1,5270.29,3.1,0
sim-009242,18,group_a,30453.93,0.3302,75.6,1,10284.51,4.6,1
sim-009243,18,group_a,18535.67,0.3632,103.8,0,7348.7,5.3,0
sim-009244,18,group_a,57367.34,0.496,64.4,2,2704.2,3.3,1
sim-009245,18,group_b,38066.05,0.293,134.1,1,14356.32,6.9,0
sim-009246,18,group_a,22625.13,0.1684,64.0,3,7427.17,3.6,0
sim-009247,18,group_a,43420.17,0.2712,40.5,0,7464.74,10.7,0
sim-009248,18,group_b,54727.64,0.3683,34.9,1,13233.93,6.1,1
sim-009249,18,group_b,39407.72,0.2284,92.7,0,10650.41,6.7,0
sim-009250,18,group_a,45013.46,0.3103,57.5,1,24422.05,4.0,0
sim-009251,18,group_a,43565.17,0.3415,28.8,0,5814.52,2.3,0
sim-009252,18,group_b,31861.26,0.4076,35.5,1,12027.52,8.2,0
sim-009253,18,group_b,43861.36,0.6523,68.0,3,5845.42,2.8,0
sim-009254,18,group_b,58383.65,0.31,102.0,0,9900.58,12.6,0
sim-009255,18,group_a,66207.59,0.1503,45.2,0,13932.11,3.6,0
sim-009256,18,group_a,59760.87,0.6602,68.2,0,6317.14,6.2,1
sim-009257,18,group_b,32288.26,0.1519,105.3,1,27305.79,3.3,0
sim-009258,18,group_a,56005.73,0.4966,163.7,2,10985.71,3.8,1
sim-009259,18,group_a,52130.0,0.3003,53.2,1,6850.8,7.6,0
sim-009260,18,group_b,31822.29,0.4486,50.2,1,1990.02,6.1,0
sim-009261,18,group_a,35277.08,0.7046,67.2,1,8397.61,3.9,1
sim-009262,18,group_b,57037.89,0.2488,66.8,0,17193.01,3.0,1
sim-009263,18,group_b,76443.06,0.2545,96.4,1,9779.63,1.9,0
sim-009264,18,group_a,20032.23,0.2812,71.9,1,11386.82,2.7,1
sim-009265,18,group_b,85376.46,0.7251,48.2,2,7562.45,1.8,0
sim-009266,18,group_a,69908.82,0.3708,47.6,0,7818.21,2.2,0
sim-009267,18,group_b,46612.77,0.1651,55.3,1,7969.19,5.9,1
sim-009268,18,group_b,38750.5,0.3141,81.9,0,6611.71,2.9,0
sim-009269,18,group_b,50512.8,0.2645,23.7,1,7833.72,5.6,1
sim-009270,18,group_a,32759.97,0.1662,28.2,1,7752.93,10.3,0
sim-009271,18,group_b,39789.89,0.6414,86.5,1,10583.27,9.3,1
sim-009272,18,group_b,23074.62,0.4937,27.9,4,7753.77,1.3,1
sim-009273,18,group_b,20631.21,0.0929,35.6,0,13477.39,9.1,0
sim-009274,18,group_b,114184.27,0.3058,19.2,3,23677.34,1.6,0
sim-009275,18,group_a,44024.06,0.2402,122.1,0,6636.14,3.7,1
sim-009276,18,group_b,46702.33,0.1771,69.2,1,19155.68,11.2,0
sim-009277,18,group_a,42323.27,0.2191,78.4,0,11284.32,4.1,0
sim-009278,18,group_a,30282.79,0.0883,32.2,0,6227.1,4.9,0
sim-009279,18,group_b,37685.62,0.2284,70.0,1,16656.76,1.0,0
sim-009280,18,group_b,44546.96,0.1603,69.4,2,11182.3,2.9,0
sim-009281,18,group_b,39474.57,0.2562,54.3,1,11827.63,5.5,0
sim-009282,18,group_a,31259.38,0.2329,84.7,0,2561.33,7.6,0
sim-009283,18,group_a,52437.92,0.3975,76.4,3,11290.06,11.0,0
sim-009284,18,group_a,46402.71,0.5595,60.2,1,7893.01,3.7,1
sim-009285,18,group_a,50565.32,0.264,76.5,1,9989.36,13.0,0
sim-009286,18,group_b,57648.46,0.2654,69.4,1,11085.71,9.9,0
sim-009287,18,group_a,39909.91,0.567,102.1,1,10050.21,8.1,0
sim-009288,18,group_a,39937.34,0.4117,33.8,3,10332.98,4.9,1
sim-009289,18,group_a,79907.91,0.4262,121.8,2,12102.48,8.5,0
sim-009290,18,group_a,28839.86,0.5667,58.3,1,7119.03,2.6,0
sim-009291,18,group_b,19517.65,0.3971,67.3,2,19488.37,8.1,0
sim-009292,18,group_b,54139.88,0.1487,30.0,0,11090.29,0.7,1
sim-009293,18,group_a,32914.64,0.7035,40.3,1,5617.33,2.7,1
sim-009294,18,group_a,27269.19,0.4463,63.8,0,9681.31,6.3,1
sim-009295,18,group_a,62180.7,0.3732,76.6,3,4834.13,10.6,0
sim-009296,18,group_a,40343.97,0.6804,97.4,5,12129.76,2.1,1
sim-009297,18,group_b,25217.74,0.3631,27.0,1,4883.39,17.9,0
sim-009298,18,group_b,96633.17,0.2371,45.0,0,7480.2,8.5,0
sim-009299,18,group_a,21796.65,0.1432,38.3,0,7000.17,0.4,0
sim-009300,18,group_b,41340.38,0.2548,53.0,0,12261.61,12.0,0
sim-009301,18,group_a,19389.83,0.2272,70.4,0,5525.82,9.4,0
sim-009302,18,group_a,48034.58,0.4348,88.3,1,10066.14,9.9,0
sim-009303,18,group_a,32752.49,0.4982,148.8,0,4138.85,3.3,1
sim-009304,18,group_a,60481.66,0.1256,51.0,0,13795.72,2.0,0
sim-009305,18,group_a,42561.17,0.1912,61.9,1,7980.11,1.2,0
sim-009306,18,group_b,75603.3,0.17,102.3,1,6664.13,6.8,0
sim-009307,18,group_b,35793.45,0.4783,53.6,3,9013.79,3.1,1
sim-009308,18,group_a,21852.95,0.2009,134.6,1,9370.98,6.0,0
sim-009309,18,group_b,47370.58,0.4369,44.5,1,6355.91,6.4,0
sim-009310,18,group_a,38558.27,0.3424,52.0,1,18101.58,9.7,1
sim-009311,18,group_a,19968.49,0.4568,80.1,0,13826.78,5.4,0
sim-009312,18,group_a,27521.98,0.2727,89.3,2,3605.72,9.5,0
sim-009313,18,group_a,31457.87,0.2629,62.1,0,8451.21,4.4,0
sim-009314,18,group_a,82393.43,0.3616,186.7,0,7165.34,13.5,0
sim-009315,18,group_b,57706.62,0.3691,75.1,1,2081.7,4.0,0
sim-009316,18,group_b,37047.32,0.4083,47.0,1,8764.1,7.7,0
sim-009317,18,group_a,52248.44,0.1935,60.2,0,5509.99,3.8,1
sim-009318,18,group_b,18204.55,0.1749,30.4,2,7587.83,4.3,0
sim-009319,18,group_a,33817.69,0.6984,41.9,1,9773.89,6.7,1
sim-009320,18,group_b,50737.37,0.5558,40.9,1,11744.85,6.5,1
sim-009321,18,group_a,45956.84,0.5107,60.2,1,9511.58,1.9,1
sim-009322,18,group_a,34182.55,0.1504,55.0,0,2675.18,2.7,1
sim-009323,18,group_b,42188.82,0.4747,88.2,1,8062.87,5.7,0
sim-009324,18,group_a,49414.82,0.5111,43.2,2,3354.57,4.9,1
sim-009325,18,group_a,42704.95,0.1585,80.0,1,4765.25,1.4,1
sim-009326,18,group_a,61551.02,0.2851,118.1,0,21122.59,7.4,0
sim-009327,18,group_a,49013.69,0.6254,100.2,1,8672.63,9.8,0
sim-009328,18,group_a,53141.9,0.55,47.5,3,3360.07,2.5,0
sim-009329,18,group_b,88052.9,0.133,123.0,1,7434.16,2.4,0
sim-009330,18,group_b,60691.12,0.1948,42.4,2,24167.82,3.8,0
sim-009331,18,group_a,89072.2,0.6492,89.1,1,6226.75,8.1,0
sim-009332,18,group_a,32331.46,0.37,65.8,2,2970.18,6.2,1
sim-009333,18,group_b,21964.57,0.1581,54.5,1,7775.3,8.8,0
sim-009334,18,group_b,40420.08,0.5191,52.7,2,24492.03,4.9,1
sim-009335,18,group_b,38997.37,0.2557,89.8,0,6449.88,4.2,0
sim-009336,18,group_a,79138.44,0.216,42.7,2,17676.4,10.9,0
sim-009337,18,group_a,26672.31,0.2722,158.9,2,8014.65,8.2,0
sim-009338,18,group_a,41476.03,0.5088,73.8,1,27238.21,7.5,0
sim-009339,18,group_a,50826.61,0.067,118.2,2,7460.47,3.9,0
sim-009340,18,group_a,44714.05,0.669,63.2,1,7260.84,0.3,1
sim-009341,18,group_a,39893.06,0.5334,61.1,0,11039.38,2.0,1
sim-009342,18,group_b,49841.28,0.3628,123.5,1,5909.01,2.9,1
sim-009343,18,group_a,67455.34,0.233,68.8,0,6666.03,2.9,0
sim-009344,18,group_b,81716.65,0.1123,122.2,3,7577.49,6.7,1
sim-009345,18,group_a,43467.94,0.1229,45.6,1,19077.99,17.5,0
sim-009346,18,group_a,30434.89,0.0757,65.9,2,3182.02,3.8,0
sim-009347,18,group_b,81675.09,0.7126,18.9,1,4479.75,0.8,1
sim-009348,18,group_b,27265.95,0.6027,79.8,0,18057.37,5.8,1
sim-009349,18,group_a,90947.99,0.3317,67.0,1,8412.97,5.4,1
sim-009350,18,group_b,75398.06,0.3908,42.5,1,4723.9,0.6,0
sim-009351,18,group_a,80141.37,0.272,50.3,2,10548.12,4.1,0
sim-009352,18,group_a,57174.55,0.1751,83.0,0,7762.25,5.6,0
sim-009353,18,group_b,17654.64,0.4601,76.2,0,6031.25,3.2,1
sim-009354,18,group_b,27710.57,0.1336,29.1,2,5060.56,10.4,0
sim-009355,18,group_a,48771.09,0.1146,94.9,0,6716.7,11.7,0
sim-009356,18,group_b,32280.81,0.3674,64.5,0,2656.68,1.4,0
sim-009357,18,group_b,37555.78,0.354,140.5,0,6117.49,3.7,0
sim-009358,18,group_b,55457.9,0.1218,119.5,0,13490.88,4.5,0
sim-009359,18,group_a,39919.12,0.2698,50.5,1,11200.44,5.9,0
sim-009360,18,group_a,25693.96,0.7207,81.3,0,6503.9,9.4,1
sim-009361,18,group_a,62191.69,0.2143,109.7,1,4060.94,4.1,0
sim-009362,18,group_b,53223.71,0.4209,42.6,2,6155.11,3.8,1
sim-009363,18,group_a,38615.99,0.7585,89.3,2,2499.5,3.5,1
sim-009364,18,group_b,57799.29,0.2873,108.9,1,9890.33,7.0,1
sim-009365,18,group_a,44619.21,0.0606,100.7,0,10415.31,2.1,0
sim-009366,18,group_b,74994.62,0.2921,49.1,3,11778.37,1.5,1
sim-009367,18,group_b,45684.18,0.1942,51.5,1,13415.11,12.7,1
sim-009368,18,group_b,74760.85,0.6779,27.1,3,11959.82,2.1,1
sim-009369,18,group_b,19517.48,0.5606,125.5,1,8290.7,21.9,1
sim-009370,18,group_b,51993.4,0.7644,68.3,4,6220.34,6.3,1
sim-009371,18,group_a,36275.51,0.5134,54.5,2,6058.48,4.1,0
sim-009372,18,group_b,29887.59,0.2989,58.8,1,7696.61,7.1,0
sim-009373,18,group_b,69742.85,0.3513,53.9,0,11623.08,5.6,1
sim-009374,18,group_a,62281.31,0.2797,25.9,0,4945.7,2.1,0
sim-009375,18,group_a,18458.49,0.5989,82.7,0,9060.64,3.3,0
sim-009376,18,group_b,57902.06,0.1564,51.0,0,4799.73,10.2,0
sim-009377,18,group_a,55024.96,0.4513,43.3,4,10038.81,4.1,1
sim-009378,18,group_a,31644.19,0.578,39.4,1,5606.64,7.1,1
sim-009379,18,group_a,30187.17,0.5496,20.4,3,20566.62,9.0,0
sim-009380,18,group_a,21981.54,0.4192,40.0,0,6791.89,0.7,1
sim-009381,18,group_a,37206.42,0.2222,60.3,1,8881.65,5.2,0
sim-009382,18,group_a,39793.36,0.4494,46.8,0,4213.63,2.7,0
sim-009383,18,group_b,59918.38,0.1533,31.8,2,10314.3,6.5,0
sim-009384,18,group_a,48008.81,0.4412,37.6,0,13360.74,1.7,1
sim-009385,18,group_a,27469.69,0.225,69.2,1,5243.41,7.9,1
sim-009386,18,group_b,47397.62,0.1346,35.9,5,7636.69,1.5,1
sim-009387,18,group_b,38534.18,0.1655,27.3,0,4964.54,7.0,0
sim-009388,18,group_a,28951.38,0.1445,145.8,1,7257.7,6.9,0
sim-009389,18,group_a,21991.4,0.2011,45.7,1,12651.73,5.9,0
sim-009390,18,group_b,55738.0,0.5891,25.5,2,22078.13,6.5,0
sim-009391,18,group_b,51714.15,0.3719,40.7,1,11672.52,14.0,0
sim-009392,18,group_a,54167.86,0.447,100.2,0,4327.97,3.1,1
sim-009393,18,group_a,31575.52,0.0497,100.4,0,7665.71,4.2,0
sim-009394,18,group_b,46067.06,0.1745,66.3,0,11716.69,1.4,1
sim-009395,18,group_b,24060.99,0.275,80.7,1,1731.43,1.9,0
sim-009396,18,group_a,28328.83,0.3849,32.7,2,9466.18,5.2,0
sim-009397,18,group_b,43484.83,0.2577,64.2,1,8823.5,10.6,0
sim-009398,18,group_b,47867.32,0.2478,25.5,1,23511.33,10.5,1
sim-009399,18,group_b,21631.3,0.2539,121.2,0,8097.25,2.9,0
sim-009400,18,group_b,27496.97,0.1461,33.9,0,17004.92,15.4,0
sim-009401,18,group_b,36773.58,0.2834,67.0,1,7134.02,2.0,0
sim-009402,18,group_a,64124.25,0.5606,24.5,2,11311.94,8.1,1
sim-009403,18,group_a,30469.97,0.6302,118.6,1,9582.74,2.8,1
sim-009404,18,group_b,45480.62,0.2781,122.3,0,18992.72,3.2,0
sim-009405,18,group_b,47527.55,0.1462,94.2,2,16331.03,4.2,0
sim-009406,18,group_a,38604.7,0.2323,89.7,0,6464.45,4.8,1
sim-009407,18,group_a,47981.39,0.1915,115.6,3,3755.31,8.7,1
sim-009408,18,group_b,24370.65,0.214,20.5,1,12567.02,8.7,0
sim-009409,18,group_b,32551.2,0.3981,83.1,0,19124.63,7.5,0
sim-009410,18,group_a,78310.04,0.5105,55.5,1,3772.73,7.3,0
sim-009411,18,group_a,80660.26,0.3245,86.2,0,19570.53,8.3,0
sim-009412,18,group_a,61085.31,0.2543,67.8,0,5340.07,11.9,0
sim-009413,18,group_b,68061.35,0.1321,86.2,1,16140.67,2.8,0
sim-009414,18,group_b,19912.79,0.4348,75.8,0,7956.41,6.9,1
sim-009415,18,group_a,28783.22,0.1383,17.3,1,15322.93,7.2,0
sim-009416,18,group_a,37621.74,0.1359,66.5,0,10026.88,5.5,0
sim-009417,18,group_b,118251.57,0.1746,156.3,1,13945.3,4.4,1
sim-009418,18,group_a,37590.43,0.4356,59.1,0,6861.37,7.6,1
sim-009419,18,group_b,58621.68,0.1986,69.9,2,4108.42,6.9,0
sim-009420,18,group_a,50257.56,0.2866,123.2,2,14017.38,1.1,0
sim-009421,18,group_a,49790.12,0.2285,29.5,3,14218.94,4.6,1
sim-009422,18,group_a,42451.48,0.336,63.0,0,6680.07,8.8,1
sim-009423,18,group_a,25899.69,0.2115,76.5,0,10074.6,8.0,1
sim-009424,18,group_b,13787.41,0.0873,48.8,0,6147.35,1.0,1
sim-009425,18,group_b,73451.0,0.2603,41.1,2,4011.18,12.0,0
sim-009426,18,group_a,33092.8,0.376,97.3,2,9776.5,4.8,0
sim-009427,18,group_a,19571.16,0.2958,111.8,0,11205.52,8.0,0
sim-009428,18,group_b,51531.25,0.6354,113.4,1,6712.14,4.7,0
sim-009429,18,group_b,51117.98,0.3475,38.8,0,15592.84,8.4,1
sim-009430,18,group_a,59190.41,0.2527,86.6,1,5446.16,1.9,1
sim-009431,18,group_a,68500.79,0.3426,64.0,3,14959.48,9.0,0
sim-009432,18,group_b,29144.62,0.3868,66.4,0,4651.1,5.7,0
sim-009433,18,group_a,29688.28,0.1444,46.2,3,10290.2,5.4,0
sim-009434,18,group_b,37501.82,0.3912,93.2,2,8568.23,7.7,1
sim-009435,18,group_a,60541.77,0.0995,19.1,1,13336.3,4.3,1
sim-009436,18,group_a,17727.84,0.7215,93.9,0,9985.87,7.1,1
sim-009437,18,group_b,45244.96,0.0941,90.1,1,10094.66,5.5,1
sim-009438,18,group_a,63417.25,0.1341,48.3,1,8037.92,3.6,0
sim-009439,18,group_a,62327.61,0.364,35.6,0,10750.76,9.1,0
sim-009440,18,group_a,57733.67,0.1903,37.8,0,4356.66,4.8,1
sim-009441,18,group_b,67000.83,0.0823,58.2,0,2499.25,5.4,0
sim-009442,18,group_b,13523.49,0.526,39.5,3,21926.55,4.2,0
sim-009443,18,group_a,84428.21,0.3782,112.0,3,3523.32,3.8,0
sim-009444,18,group_b,49255.19,0.4908,81.3,0,19947.38,0.8,1
sim-009445,18,group_a,75098.33,0.0962,119.9,2,5669.31,15.2,0
sim-009446,18,group_a,26177.45,0.2513,39.1,1,17207.08,2.9,1
sim-009447,18,group_a,20524.87,0.198,132.2,1,16471.07,3.5,0
sim-009448,18,group_a,90787.66,0.6422,45.5,2,7656.87,11.3,1
sim-009449,18,group_a,29052.53,0.2492,48.0,0,7689.92,4.3,0
sim-009450,18,group_b,37625.73,0.1537,96.4,2,5780.51,3.2,1
sim-009451,18,group_a,53505.03,0.3733,72.6,2,8286.22,11.9,0
sim-009452,18,group_b,59314.7,0.0889,65.9,0,9606.96,7.0,0
sim-009453,18,group_b,67436.04,0.2662,101.4,0,23765.14,3.1,0
sim-009454,18,group_a,47090.29,0.2142,16.1,1,3287.69,5.9,0
sim-009455,18,group_a,27534.36,0.1293,46.6,1,7558.87,7.6,0
sim-009456,18,group_a,57686.92,0.3521,26.1,0,11807.76,1.6,0
sim-009457,18,group_a,58074.01,0.0805,59.1,1,4243.51,2.2,0
sim-009458,18,group_b,20003.96,0.266,129.7,1,14588.42,8.9,0
sim-009459,18,group_b,77796.18,0.4503,124.8,0,15417.32,14.3,0
sim-009460,18,group_b,15084.58,0.3781,31.4,1,12441.55,6.5,1
sim-009461,18,group_a,66201.25,0.2724,60.5,0,6623.44,4.1,0
sim-009462,18,group_a,32848.91,0.7821,111.9,2,12650.21,9.7,0
sim-009463,18,group_a,57659.71,0.2987,50.5,2,7584.27,4.7,1
sim-009464,18,group_b,53118.55,0.1617,55.2,0,6722.03,2.4,0
sim-009465,18,group_a,42209.83,0.3005,33.8,3,12192.61,2.5,1
sim-009466,18,group_a,51816.11,0.4321,43.3,0,6373.83,3.5,0
sim-009467,18,group_b,41344.37,0.4769,53.9,2,13006.05,8.9,1
sim-009468,18,group_a,57864.5,0.3499,52.3,4,12904.56,9.3,1
sim-009469,18,group_a,107346.17,0.3106,68.3,1,14188.85,6.5,0
sim-009470,18,group_b,24408.33,0.5433,77.8,3,5628.2,2.8,1
sim-009471,18,group_a,11237.13,0.2481,128.1,0,10963.44,6.2,1
sim-009472,18,group_a,36005.13,0.2625,59.4,2,7061.75,3.7,0
sim-009473,18,group_a,34986.21,0.3372,67.7,2,23576.88,9.3,0
sim-009474,18,group_a,36586.02,0.2704,57.5,2,4231.91,4.9,1
sim-009475,18,group_b,29053.54,0.3705,54.3,0,8783.25,3.9,0
sim-009476,18,group_a,61847.22,0.265,53.9,1,7831.66,7.3,0
sim-009477,18,group_b,24000.78,0.2042,86.9,1,8299.6,3.6,0
sim-009478,18,group_a,51809.33,0.5025,46.5,0,4304.67,1.4,1
sim-009479,18,group_b,56058.75,0.1557,96.6,0,5597.23,1.4,0
sim-009480,18,group_b,48967.68,0.4256,85.7,2,4077.24,9.2,0
sim-009481,18,group_a,52606.77,0.4266,73.7,2,3998.61,3.4,1
sim-009482,18,group_b,63875.57,0.269,64.5,5,6874.6,0.9,0
sim-009483,18,group_b,43848.57,0.2096,106.0,1,26137.03,3.1,0
sim-009484,18,group_b,37066.59,0.5504,104.7,2,12627.1,1.2,0
sim-009485,18,group_a,52589.7,0.5003,127.6,1,5889.62,4.6,1
sim-009486,18,group_b,55168.85,0.597,68.0,2,7561.36,7.1,1
sim-009487,18,group_a,62296.84,0.0904,53.1,1,4561.5,5.5,0
sim-009488,18,group_b,20885.18,0.1799,97.1,0,2161.35,1.5,0
sim-009489,18,group_b,39692.47,0.0873,42.0,0,8325.25,14.1,0
sim-009490,18,group_a,27406.77,0.4067,139.6,2,7303.52,11.5,0
sim-009491,18,group_b,54263.4,0.4053,35.5,0,7431.64,6.7,1
sim-009492,18,group_b,58175.4,0.3167,71.8,3,6547.39,3.1,0
sim-009493,18,group_b,38205.96,0.4224,47.2,1,6366.89,14.3,0
sim-009494,18,group_a,31561.95,0.3822,98.3,3,10454.97,1.8,0
sim-009495,18,group_a,55090.07,0.129,67.8,2,4685.39,1.6,0
sim-009496,18,group_a,40539.75,0.3513,80.3,0,8496.97,3.7,1
sim-009497,18,group_a,78050.86,0.4262,33.8,1,3421.07,2.4,0
sim-009498,18,group_b,90277.21,0.1928,96.0,2,21127.17,5.7,0
sim-009499,18,group_a,65270.71,0.4169,88.9,0,11896.68,1.6,1
sim-009500,19,group_b,47844.72,0.4174,83.1,2,5864.38,5.5,0
sim-009501,19,group_b,93408.86,0.1953,72.1,0,6828.35,6.3,0
sim-009502,19,group_b,48007.02,0.2909,34.5,0,12077.84,4.3,1
sim-009503,19,group_a,35480.5,0.2667,60.5,0,12944.67,7.9,1
sim-009504,19,group_a,32674.72,0.2855,75.2,0,6180.57,3.2,0
sim-009505,19,group_b,32290.53,0.7844,56.2,4,6162.89,4.3,1
sim-009506,19,group_a,43274.75,0.4141,74.5,1,6010.37,6.2,0
sim-009507,19,group_a,52706.63,0.3689,79.4,2,11693.36,2.5,1
sim-009508,19,group_b,23947.86,0.3227,20.6,2,7075.6,6.1,1
sim-009509,19,group_a,35934.43,0.235,42.6,0,10622.09,7.1,0
sim-009510,19,group_b,47448.37,0.3469,65.9,0,9874.23,2.8,0
sim-009511,19,group_a,56858.62,0.1188,10.0,0,6595.03,5.7,0
sim-009512,19,group_a,42920.83,0.1116,110.6,1,4199.76,15.3,0
sim-009513,19,group_b,48083.45,0.5807,79.7,1,13743.91,4.3,0
sim-009514,19,group_a,25792.02,0.2809,64.4,2,8702.22,5.7,1
sim-009515,19,group_b,29585.79,0.3765,65.6,1,8946.11,2.7,0
sim-009516,19,group_b,42295.59,0.5514,93.5,0,8047.47,7.9,0
sim-009517,19,group_a,53767.88,0.0958,37.8,2,4364.45,5.2,0
sim-009518,19,group_a,47817.52,0.2382,77.4,1,6633.19,7.0,1
sim-009519,19,group_a,30378.6,0.2005,105.3,0,9275.18,5.3,1
sim-009520,19,group_b,39286.8,0.4768,24.2,1,6233.17,6.4,0
sim-009521,19,group_b,81876.89,0.3501,36.3,0,9771.21,6.5,1
sim-009522,19,group_a,54534.48,0.6507,48.0,2,7609.56,4.1,1
sim-009523,19,group_a,40527.5,0.1364,169.3,0,4072.74,1.6,0
sim-009524,19,group_a,28202.01,0.3269,67.1,0,3227.67,2.9,0
sim-009525,19,group_a,32156.96,0.414,53.9,1,9919.95,1.5,0
sim-009526,19,group_a,43510.95,0.5341,43.9,1,5443.08,3.6,1
sim-009527,19,group_a,48722.58,0.5115,47.4,2,7000.4,6.1,1
sim-009528,19,group_b,55024.66,0.3807,88.1,0,5334.77,6.6,0
sim-009529,19,group_a,51070.07,0.4558,49.7,3,13606.79,3.8,0
sim-009530,19,group_a,37141.89,0.3764,46.7,1,4116.71,7.9,1
sim-009531,19,group_b,35008.14,0.2107,48.2,0,12811.15,4.1,0
sim-009532,19,group_b,102512.02,0.2519,105.2,0,4009.74,10.7,1
sim-009533,19,group_a,34347.47,0.2266,46.7,3,10776.48,1.7,0
sim-009534,19,group_b,25222.32,0.1279,26.1,0,7487.12,1.7,1
sim-009535,19,group_a,21801.6,0.2206,75.8,0,8473.82,4.7,1
sim-009536,19,group_b,37408.78,0.376,50.1,1,9346.09,5.7,0
sim-009537,19,group_a,64395.12,0.449,41.4,0,7422.96,6.7,0
sim-009538,19,group_b,34067.6,0.183,75.7,2,11400.71,9.6,0
sim-009539,19,group_a,80705.02,0.5614,64.1,1,6543.0,2.4,1
sim-009540,19,group_b,43258.19,0.2802,34.6,0,4430.05,16.4,0
sim-009541,19,group_b,69148.69,0.1952,92.2,0,6394.73,2.7,0
sim-009542,19,group_a,31563.51,0.2691,92.3,0,6538.43,9.3,0
sim-009543,19,group_a,31769.72,0.4566,54.7,2,9089.83,2.3,0
sim-009544,19,group_b,45082.04,0.1753,87.2,0,4579.65,1.1,0
sim-009545,19,group_a,53139.35,0.22,83.9,1,12867.03,10.9,0
sim-009546,19,group_b,40248.9,0.2137,78.4,1,15701.28,3.7,0
sim-009547,19,group_b,49061.77,0.3032,71.2,1,6997.36,6.3,0
sim-009548,19,group_a,55556.96,0.2221,61.0,1,10743.06,1.8,0
sim-009549,19,group_a,23894.12,0.5347,86.6,1,23110.75,12.2,1
sim-009550,19,group_b,37601.77,0.2167,47.6,0,8791.75,1.3,0
sim-009551,19,group_a,34896.9,0.2153,132.0,2,4316.98,6.3,0
sim-009552,19,group_b,35615.94,0.2269,87.2,0,6875.09,11.5,0
sim-009553,19,group_a,51476.91,0.086,82.9,1,5857.09,2.3,0
sim-009554,19,group_a,35101.12,0.1984,45.9,0,9071.07,5.6,0
sim-009555,19,group_a,18692.31,0.3408,38.5,0,14738.38,2.7,1
sim-009556,19,group_a,39287.52,0.2785,48.5,0,3331.38,3.6,0
sim-009557,19,group_b,27748.84,0.3177,123.0,0,15841.23,5.0,0
sim-009558,19,group_a,53447.73,0.1369,52.5,1,9192.6,5.9,0
sim-009559,19,group_b,60863.73,0.5031,48.2,2,11521.34,5.5,0
sim-009560,19,group_b,17406.03,0.0762,150.5,0,10057.03,8.6,0
sim-009561,19,group_a,31345.39,0.4207,96.1,2,5910.39,9.3,0
sim-009562,19,group_a,50333.02,0.7272,62.0,1,10310.43,9.1,1
sim-009563,19,group_b,24011.12,0.2347,57.6,2,13525.88,9.2,0
sim-009564,19,group_b,60277.7,0.4668,60.3,3,14971.6,6.0,1
sim-009565,19,group_a,67421.08,0.1953,130.6,0,14159.05,3.5,0
sim-009566,19,group_a,40536.31,0.4408,57.9,2,6334.66,10.6,1
sim-009567,19,group_b,31349.61,0.4147,41.2,0,15731.3,2.2,0
sim-009568,19,group_a,16441.46,0.3311,65.6,1,13758.66,3.9,0
sim-009569,19,group_b,61077.0,0.5232,53.7,1,12877.79,5.2,0
sim-009570,19,group_a,100615.9,0.5477,94.7,0,4492.37,6.7,1
sim-009571,19,group_b,92242.25,0.2214,56.1,1,6223.11,12.0,0
sim-009572,19,group_a,39979.06,0.3322,49.4,0,8716.26,3.1,0
sim-009573,19,group_b,27421.32,0.0779,203.2,0,12458.06,4.9,0
sim-009574,19,group_a,61685.38,0.2245,72.7,2,3936.97,2.0,0
sim-009575,19,group_a,41139.13,0.5056,59.5,0,4596.36,8.9,0
sim-009576,19,group_a,53040.73,0.4763,33.7,1,8558.42,5.0,0
sim-009577,19,group_b,49274.19,0.3077,79.9,2,4758.77,1.6,1
sim-009578,19,group_a,45119.12,0.6494,36.7,2,6715.14,7.0,1
sim-009579,19,group_a,66834.57,0.2657,14.1,1,7668.58,9.7,0
sim-009580,19,group_b,67885.69,0.4097,52.1,3,2956.29,2.7,0
sim-009581,19,group_a,34838.25,0.3223,85.2,2,9086.14,6.5,0
sim-009582,19,group_a,29445.39,0.3566,62.6,1,7406.4,6.9,0
sim-009583,19,group_b,15189.68,0.3655,88.3,0,3729.62,4.1,0
sim-009584,19,group_b,37519.36,0.2363,57.3,0,5995.79,3.3,0
sim-009585,19,group_b,27413.84,0.5205,107.6,1,11836.15,13.8,0
sim-009586,19,group_a,51743.95,0.441,69.3,0,6736.84,8.4,1
sim-009587,19,group_a,37681.93,0.5718,90.2,1,8039.61,16.4,1
sim-009588,19,group_b,39437.8,0.1743,166.3,0,9168.04,5.6,0
sim-009589,19,group_a,61024.2,0.5448,126.4,1,3116.41,0.8,1
sim-009590,19,group_b,51269.28,0.6898,129.3,3,16276.77,6.2,0
sim-009591,19,group_a,41315.38,0.2276,93.3,1,10050.88,6.2,0
sim-009592,19,group_b,88106.25,0.2729,64.1,1,9845.76,5.0,0
sim-009593,19,group_b,59161.28,0.5395,72.9,2,11039.76,7.3,0
sim-009594,19,group_a,36436.94,0.2259,52.4,1,7679.85,3.6,1
sim-009595,19,group_a,37126.03,0.3973,98.6,3,7938.26,5.9,0
sim-009596,19,group_a,60422.66,0.0718,89.5,1,25039.34,7.2,0
sim-009597,19,group_a,47249.4,0.2208,33.8,0,3905.31,7.5,0
sim-009598,19,group_b,27095.23,0.1873,101.4,2,10912.67,20.1,1
sim-009599,19,group_a,63182.29,0.1455,95.2,1,4772.37,7.1,0
sim-009600,19,group_a,73573.3,0.3498,80.0,1,16152.88,5.1,1
sim-009601,19,group_a,71266.62,0.1895,64.6,1,8399.91,8.5,0
sim-009602,19,group_b,82946.79,0.3565,66.5,5,3990.97,4.2,1
sim-009603,19,group_a,103472.71,0.4839,53.6,1,10494.56,9.7,0
sim-009604,19,group_a,89732.01,0.3165,59.2,2,13713.95,4.1,0
sim-009605,19,group_b,50065.03,0.4312,94.5,2,9560.55,7.5,1
sim-009606,19,group_a,39753.78,0.3726,71.7,1,12546.73,8.8,0
sim-009607,19,group_a,20121.97,0.4276,142.5,1,16470.67,8.1,1
sim-009608,19,group_b,43589.19,0.2778,68.1,1,11973.54,11.8,1
sim-009609,19,group_a,53962.1,0.5781,28.7,4,6515.41,5.3,1
sim-009610,19,group_b,44191.7,0.1817,105.2,0,15933.63,2.7,0
sim-009611,19,group_b,19632.61,0.2186,56.1,1,10209.27,8.0,0
sim-009612,19,group_b,38469.42,0.134,148.8,3,6327.74,3.1,0
sim-009613,19,group_a,56899.37,0.5801,122.2,2,10083.92,4.6,0
sim-009614,19,group_a,28201.08,0.2668,86.9,1,9907.53,5.7,0
sim-009615,19,group_a,46517.8,0.4308,47.3,1,8663.96,10.3,0
sim-009616,19,group_a,52014.79,0.4858,71.9,0,4150.76,6.7,0
sim-009617,19,group_a,69393.36,0.2818,81.0,2,14705.6,4.7,1
sim-009618,19,group_b,89080.37,0.2271,20.7,1,11808.14,2.1,1
sim-009619,19,group_b,37023.68,0.1008,52.5,1,6026.21,0.5,0
sim-009620,19,group_a,46872.11,0.4812,27.5,0,10439.31,2.6,1
sim-009621,19,group_b,47492.59,0.3264,51.6,1,9603.28,3.9,0
sim-009622,19,group_b,56996.06,0.1885,72.6,2,3721.42,7.8,0
sim-009623,19,group_b,54377.69,0.1877,94.2,0,7789.77,2.3,0
sim-009624,19,group_b,78944.66,0.1674,49.1,3,9518.39,3.7,0
sim-009625,19,group_b,16298.94,0.283,78.7,2,18535.26,1.4,0
sim-009626,19,group_a,51718.4,0.4745,95.9,1,8501.76,3.8,1
sim-009627,19,group_a,53247.85,0.3643,61.8,3,18981.04,2.2,1
sim-009628,19,group_b,39308.8,0.3388,43.6,1,7097.43,17.9,0
sim-009629,19,group_b,16766.13,0.0839,72.1,2,7306.6,8.4,0
sim-009630,19,group_b,42293.2,0.7216,81.0,0,3579.82,3.4,1
sim-009631,19,group_b,32194.94,0.3177,37.1,1,7914.29,2.1,1
sim-009632,19,group_a,87793.37,0.5437,49.9,1,6697.86,5.4,1
sim-009633,19,group_a,50798.51,0.4784,17.3,2,6173.41,3.0,0
sim-009634,19,group_b,31066.84,0.1741,17.4,2,6283.72,6.6,0
sim-009635,19,group_a,18322.57,0.5348,34.9,1,5057.28,3.4,0
sim-009636,19,group_a,55606.73,0.3032,121.8,2,5183.32,7.6,0
sim-009637,19,group_b,58126.83,0.1633,67.4,2,8194.09,6.3,0
sim-009638,19,group_b,39631.27,0.2442,42.4,2,11117.59,1.4,0
sim-009639,19,group_a,55912.53,0.4026,44.4,0,16191.31,2.7,1
sim-009640,19,group_b,37486.13,0.3692,58.3,0,9838.61,6.9,1
sim-009641,19,group_a,67929.82,0.4809,87.7,2,3694.55,7.7,1
sim-009642,19,group_b,65836.37,0.1654,36.8,0,9493.3,2.5,0
sim-009643,19,group_a,21799.7,0.4502,11.8,0,15791.05,7.0,1
sim-009644,19,group_b,24149.51,0.3733,31.5,0,9367.5,11.4,0
sim-009645,19,group_a,101837.97,0.2504,55.9,3,14980.37,7.7,0
sim-009646,19,group_a,64184.85,0.1192,64.6,2,6898.82,2.0,0
sim-009647,19,group_a,25534.86,0.2258,122.6,1,6097.92,4.2,0
sim-009648,19,group_a,22436.41,0.1219,40.7,2,6231.0,3.9,0
sim-009649,19,group_a,47347.26,0.6407,76.1,2,10537.8,8.6,1
sim-009650,19,group_b,26855.54,0.2924,149.7,0,5160.38,3.2,0
sim-009651,19,group_b,37986.38,0.2494,124.3,1,6998.33,11.1,0
sim-009652,19,group_a,42537.56,0.7424,68.1,4,9884.75,1.6,0
sim-009653,19,group_b,41773.43,0.2096,66.8,1,15892.9,3.0,0
sim-009654,19,group_b,69643.6,0.4182,55.3,0,5343.85,4.6,0
sim-009655,19,group_b,93769.75,0.6921,29.4,2,16555.33,6.9,0
sim-009656,19,group_a,35484.62,0.2372,88.7,0,17115.52,2.0,0
sim-009657,19,group_a,26987.34,0.097,96.4,0,4771.78,9.2,0
sim-009658,19,group_b,51088.53,0.185,78.2,2,6410.7,4.0,1
sim-009659,19,group_a,86096.29,0.1046,77.0,1,6122.27,2.2,0
sim-009660,19,group_a,36630.98,0.461,40.7,0,4944.4,7.5,1
sim-009661,19,group_b,62016.19,0.1739,54.9,1,9225.24,4.0,0
sim-009662,19,group_a,30528.11,0.3871,90.9,2,12514.56,2.7,1
sim-009663,19,group_b,43780.07,0.1153,43.6,0,8412.2,3.1,0
sim-009664,19,group_a,26635.08,0.3445,60.7,1,7906.18,6.3,1
sim-009665,19,group_b,43588.54,0.4706,17.7,3,18119.16,5.0,1
sim-009666,19,group_b,41319.46,0.1122,46.4,0,6282.47,2.1,1
sim-009667,19,group_b,56017.06,0.0725,26.5,0,8689.95,2.1,0
sim-009668,19,group_b,91563.31,0.3084,57.6,1,7726.65,14.8,0
sim-009669,19,group_b,36851.95,0.1693,92.2,1,5702.08,2.4,0
sim-009670,19,group_a,18734.35,0.0561,73.2,1,5476.86,3.2,0
sim-009671,19,group_b,39859.51,0.2615,66.3,0,9518.48,4.6,0
sim-009672,19,group_b,49203.17,0.5522,73.8,0,18155.73,6.9,0
sim-009673,19,group_a,47230.64,0.3628,55.2,3,10158.1,11.0,1
sim-009674,19,group_a,40614.58,0.454,81.7,0,4890.02,11.6,0
sim-009675,19,group_a,81051.52,0.1988,33.6,2,5739.42,3.5,0
sim-009676,19,group_b,45945.45,0.427,81.3,1,8959.16,22.1,0
sim-009677,19,group_b,41522.29,0.357,29.3,1,5854.73,5.5,0
sim-009678,19,group_a,31299.69,0.564,40.3,2,9594.89,6.7,1
sim-009679,19,group_a,20834.83,0.2111,119.1,0,10684.04,6.2,0
sim-009680,19,group_a,49825.26,0.7126,57.9,1,6797.07,9.3,1
sim-009681,19,group_a,48101.83,0.3578,90.5,1,2692.38,2.6,0
sim-009682,19,group_b,27808.06,0.2642,36.6,1,7960.95,7.5,1
sim-009683,19,group_a,42589.52,0.343,93.5,1,13351.55,6.4,0
sim-009684,19,group_a,40846.74,0.291,89.6,0,9965.47,9.3,1
sim-009685,19,group_a,33379.92,0.6273,148.1,1,17730.14,6.7,1
sim-009686,19,group_b,31095.22,0.5161,113.0,1,11949.21,2.3,1
sim-009687,19,group_b,51438.09,0.5112,22.8,1,6346.56,21.5,0
sim-009688,19,group_a,39464.59,0.5736,40.2,1,6153.18,2.1,1
sim-009689,19,group_a,33852.99,0.4055,69.7,1,7097.13,12.6,1
sim-009690,19,group_a,30215.12,0.1023,73.9,0,6671.72,4.2,0
sim-009691,19,group_a,41085.32,0.2286,55.0,0,8965.89,3.6,1
sim-009692,19,group_b,63977.27,0.2121,92.6,1,4568.23,5.9,0
sim-009693,19,group_a,47324.76,0.6982,84.7,1,5630.94,5.5,0
sim-009694,19,group_a,39277.56,0.2953,38.7,2,6944.36,4.2,1
sim-009695,19,group_a,49393.1,0.1781,76.3,0,8187.08,2.3,0
sim-009696,19,group_a,76960.05,0.1975,31.8,2,12055.76,5.7,0
sim-009697,19,group_a,53315.05,0.412,50.6,2,6467.3,4.5,0
sim-009698,19,group_a,48401.42,0.6073,78.0,1,2794.13,8.8,1
sim-009699,19,group_a,56737.03,0.2883,84.2,2,13330.07,9.2,0
sim-009700,19,group_a,40604.5,0.2544,94.7,2,7112.24,1.2,0
sim-009701,19,group_a,46878.22,0.508,31.8,2,7252.01,7.8,0
sim-009702,19,group_b,35335.33,0.5131,69.4,2,11920.34,8.0,0
sim-009703,19,group_a,22624.02,0.1813,56.2,1,14048.9,11.7,1
sim-009704,19,group_a,50110.76,0.3292,67.2,0,9991.25,2.0,0
sim-009705,19,group_a,50191.73,0.1204,73.4,3,8203.97,6.3,0
sim-009706,19,group_b,38451.79,0.2315,75.9,1,7161.42,14.5,1
sim-009707,19,group_b,67040.01,0.161,81.8,0,4849.17,6.0,0
sim-009708,19,group_b,32045.97,0.0973,39.9,1,9224.71,6.8,1
sim-009709,19,group_b,20620.04,0.2389,128.5,1,4505.13,3.7,1
sim-009710,19,group_b,32377.25,0.4817,109.0,1,7951.53,13.2,0
sim-009711,19,group_a,22715.56,0.2974,52.4,0,20967.23,3.2,0
sim-009712,19,group_b,50009.85,0.1303,73.7,2,3998.68,6.2,1
sim-009713,19,group_b,31638.41,0.2997,131.1,2,10003.95,9.1,0
sim-009714,19,group_a,65615.65,0.4072,80.8,2,6655.19,6.1,0
sim-009715,19,group_a,65042.46,0.1954,58.7,3,5538.61,1.3,0
sim-009716,19,group_a,29422.38,0.3862,112.4,3,6367.61,19.4,0
sim-009717,19,group_a,30902.59,0.2412,66.4,1,8562.53,0.5,0
sim-009718,19,group_b,54310.05,0.1102,47.9,2,25777.56,3.6,0
sim-009719,19,group_a,65482.14,0.0751,75.2,1,12229.82,8.7,1
sim-009720,19,group_b,18633.18,0.2507,54.1,1,11069.71,13.3,0
sim-009721,19,group_b,48839.85,0.1336,101.1,1,6241.91,6.8,0
sim-009722,19,group_a,17240.42,0.2355,43.4,0,4774.45,1.6,0
sim-009723,19,group_a,34462.37,0.5398,98.5,3,5600.22,6.2,0
sim-009724,19,group_b,68688.42,0.4515,77.2,2,15110.48,0.3,0
sim-009725,19,group_b,153599.44,0.2351,15.3,0,6278.53,7.9,1
sim-009726,19,group_a,39249.5,0.5493,79.1,3,9171.34,3.8,1
sim-009727,19,group_a,25699.1,0.5194,57.4,1,8298.23,3.9,1
sim-009728,19,group_b,34973.06,0.2042,29.2,3,8735.62,13.0,1
sim-009729,19,group_b,44611.6,0.1873,35.8,0,7697.03,6.4,0
sim-009730,19,group_a,32744.77,0.1292,140.8,1,10461.59,5.1,0
sim-009731,19,group_a,29424.24,0.2109,98.5,0,5620.44,9.2,0
sim-009732,19,group_b,36269.16,0.3394,26.7,0,11155.79,8.6,0
sim-009733,19,group_a,51233.17,0.6546,77.2,3,22337.87,0.5,1
sim-009734,19,group_a,40410.63,0.7159,94.9,1,8276.28,6.7,0
sim-009735,19,group_b,29963.25,0.5222,76.9,2,6904.9,3.1,0
sim-009736,19,group_a,32747.23,0.2729,35.1,2,7536.37,9.3,1
sim-009737,19,group_a,36467.6,0.2372,83.7,0,11891.88,10.7,0
sim-009738,19,group_b,28516.58,0.123,42.2,0,4470.82,4.3,1
sim-009739,19,group_b,32241.16,0.6146,48.1,1,15019.04,6.9,0
sim-009740,19,group_a,56858.85,0.2471,27.9,2,8613.59,3.6,1
sim-009741,19,group_a,39389.92,0.3207,40.5,1,9782.61,8.0,0
sim-009742,19,group_a,20775.62,0.5447,21.9,1,7759.93,3.2,1
sim-009743,19,group_b,66734.57,0.1522,100.6,2,8152.23,3.3,0
sim-009744,19,group_b,51690.14,0.451,45.2,1,5184.03,1.8,0
sim-009745,19,group_b,24272.13,0.2369,135.8,2,5175.8,7.3,0
sim-009746,19,group_b,37217.74,0.1904,102.3,4,4362.99,1.3,0
sim-009747,19,group_b,31111.05,0.0827,100.9,0,4006.75,3.7,0
sim-009748,19,group_b,57658.93,0.3389,137.5,0,15054.65,2.0,0
sim-009749,19,group_a,37119.81,0.3884,12.2,2,7534.52,5.8,0
sim-009750,19,group_b,42084.52,0.2493,86.6,0,9833.0,11.4,0
sim-009751,19,group_b,40076.22,0.4678,116.1,0,9944.03,3.0,0
sim-009752,19,group_a,23303.14,0.7423,102.2,2,8688.0,8.0,1
sim-009753,19,group_a,78297.14,0.3228,78.3,1,11683.5,5.7,1
sim-009754,19,group_b,57307.03,0.2577,29.8,3,15906.83,4.9,0
sim-009755,19,group_a,31700.85,0.6269,32.3,0,8668.08,12.1,0
sim-009756,19,group_b,47031.93,0.131,54.3,2,5797.5,9.7,0
sim-009757,19,group_a,65324.96,0.705,64.2,3,14806.3,3.2,1
sim-009758,19,group_a,44418.5,0.1692,44.8,0,3948.82,7.3,0
sim-009759,19,group_a,83436.13,0.145,164.5,0,11277.47,10.8,0
sim-009760,19,group_b,147782.57,0.2437,137.6,1,8739.78,3.8,0
sim-009761,19,group_a,41152.04,0.32,50.1,3,11197.79,0.4,0
sim-009762,19,group_b,33973.55,0.1763,34.8,1,4732.95,5.9,1
sim-009763,19,group_a,28636.81,0.1439,86.9,0,11437.09,3.8,0
sim-009764,19,group_a,17125.07,0.3648,62.2,1,6980.01,4.3,1
sim-009765,19,group_a,73293.04,0.8276,94.2,3,6179.67,3.2,0
sim-009766,19,group_a,37403.99,0.1716,112.3,3,17600.31,4.1,1
sim-009767,19,group_b,62670.71,0.2824,27.5,1,13542.79,9.9,1
sim-009768,19,group_b,68193.87,0.2242,59.8,2,10238.43,13.6,0
sim-009769,19,group_a,27556.47,0.4124,45.0,1,9369.26,7.1,1
sim-009770,19,group_a,29350.3,0.2504,157.2,2,5394.75,5.9,0
sim-009771,19,group_b,90288.78,0.2868,41.0,2,5570.06,9.3,1
sim-009772,19,group_b,42132.41,0.3348,48.2,0,10622.39,9.4,1
sim-009773,19,group_a,32881.95,0.1829,93.6,1,4546.57,17.5,0
sim-009774,19,group_b,27973.9,0.2455,48.1,0,14113.25,2.4,0
sim-009775,19,group_a,40887.86,0.3685,33.7,0,15136.99,14.3,0
sim-009776,19,group_a,81741.38,0.4474,139.7,3,13791.3,3.3,0
sim-009777,19,group_b,57865.92,0.1806,69.5,1,11053.81,5.4,0
sim-009778,19,group_b,46832.85,0.3635,42.1,1,5236.73,1.7,0
sim-009779,19,group_b,84556.8,0.4787,31.8,2,5125.42,1.6,1
sim-009780,19,group_a,77981.4,0.5982,40.1,4,15642.41,6.9,0
sim-009781,19,group_a,49927.7,0.3295,44.9,3,9847.45,11.0,0
sim-009782,19,group_b,139242.22,0.3841,60.6,1,11763.88,3.1,1
sim-009783,19,group_a,39108.0,0.426,111.4,2,15303.77,2.4,1
sim-009784,19,group_a,68814.65,0.4522,81.7,2,22656.52,4.5,0
sim-009785,19,group_b,36788.53,0.6285,111.0,0,5431.3,4.3,0
sim-009786,19,group_a,63398.55,0.1477,87.0,0,15362.32,11.0,0
sim-009787,19,group_a,39092.17,0.1749,75.3,0,3581.84,3.9,0
sim-009788,19,group_a,52668.6,0.2691,33.8,2,6955.58,3.4,0
sim-009789,19,group_b,118403.92,0.2981,99.5,1,4489.18,2.3,0
sim-009790,19,group_a,64716.91,0.3536,40.1,0,10539.88,6.9,1
sim-009791,19,group_a,53011.98,0.2802,101.6,0,19831.03,2.1,0
sim-009792,19,group_a,31339.19,0.1516,142.3,0,5689.61,4.8,0
sim-009793,19,group_a,46960.22,0.2995,83.1,1,3458.8,12.5,0
sim-009794,19,group_a,28414.05,0.1715,49.8,0,4979.9,3.7,0
sim-009795,19,group_b,62977.33,0.217,26.4,1,4442.96,1.6,0
sim-009796,19,group_a,62316.94,0.4016,88.7,3,2317.19,4.8,0
sim-009797,19,group_a,40237.44,0.2781,67.3,0,10509.58,11.4,0
sim-009798,19,group_a,87263.14,0.2959,26.2,1,9660.46,2.3,0
sim-009799,19,group_a,82258.03,0.2667,71.7,1,6036.26,3.3,0
sim-009800,19,group_a,46205.38,0.7693,177.4,4,10272.81,8.9,0
sim-009801,19,group_b,55023.45,0.3387,42.0,3,11266.34,6.4,0
sim-009802,19,group_b,33889.07,0.4192,36.5,2,17821.28,6.1,0
sim-009803,19,group_b,38703.46,0.1656,106.1,2,9443.83,16.2,0
sim-009804,19,group_a,27590.78,0.1512,69.5,1,4829.87,12.4,1
sim-009805,19,group_b,35493.27,0.824,33.4,1,11760.63,2.9,1
sim-009806,19,group_b,41529.39,0.2614,37.0,2,4902.45,7.9,1
sim-009807,19,group_a,21604.26,0.3012,40.7,1,9642.55,5.2,1
sim-009808,19,group_a,55285.27,0.087,76.1,0,18534.42,1.5,0
sim-009809,19,group_b,66655.57,0.5001,32.4,3,9156.75,4.8,1
sim-009810,19,group_a,43246.63,0.2934,81.5,0,11653.28,5.1,0
sim-009811,19,group_a,13976.86,0.2865,19.0,0,3831.24,6.0,1
sim-009812,19,group_b,39016.62,0.4049,75.8,1,15927.19,8.2,0
sim-009813,19,group_a,24167.83,0.4258,71.3,1,2120.7,4.8,0
sim-009814,19,group_b,33589.2,0.6323,173.7,2,19372.04,5.9,1
sim-009815,19,group_a,79842.66,0.2178,46.5,2,23031.53,3.3,0
sim-009816,19,group_a,15607.73,0.8712,66.4,2,7030.55,1.6,0
sim-009817,19,group_a,30795.62,0.435,30.9,3,6462.9,1.5,1
sim-009818,19,group_a,61477.05,0.2761,77.2,1,7580.43,5.9,0
sim-009819,19,group_b,32311.91,0.4789,151.3,3,14585.09,4.4,0
sim-009820,19,group_b,31290.17,0.1816,51.1,1,3701.19,6.1,0
sim-009821,19,group_b,101886.08,0.2418,50.1,0,7310.5,1.8,0
sim-009822,19,group_a,50864.61,0.5521,66.7,1,9638.34,4.7,1
sim-009823,19,group_a,64241.65,0.2243,44.7,0,18051.57,5.3,0
sim-009824,19,group_a,53410.43,0.4102,84.9,1,4958.01,4.4,0
sim-009825,19,group_a,46439.84,0.6636,35.4,3,10926.23,3.0,1
sim-009826,19,group_b,73783.5,0.5003,81.9,1,9294.32,2.4,0
sim-009827,19,group_a,96591.46,0.4008,22.9,3,13479.48,5.0,0
sim-009828,19,group_a,21395.22,0.3508,48.5,0,13022.34,11.9,0
sim-009829,19,group_a,42751.81,0.1409,44.1,1,5911.11,9.0,0
sim-009830,19,group_b,42610.52,0.1992,60.4,2,37738.53,2.5,0
sim-009831,19,group_a,36232.2,0.2847,73.3,0,17334.04,6.1,0
sim-009832,19,group_b,65515.72,0.4979,90.3,2,4701.02,14.8,0
sim-009833,19,group_b,48334.11,0.1718,53.8,1,5692.09,6.5,1
sim-009834,19,group_b,97411.41,0.7717,52.6,3,11812.05,11.6,1
sim-009835,19,group_a,68879.36,0.2074,82.6,1,6385.52,6.9,0
sim-009836,19,group_a,76970.31,0.1356,53.9,0,7580.83,6.0,1
sim-009837,19,group_a,26221.92,0.3665,42.0,0,19224.98,10.7,0
sim-009838,19,group_b,30928.83,0.4037,86.8,0,14401.43,8.6,0
sim-009839,19,group_b,32017.87,0.7199,94.3,2,6840.04,8.1,0
sim-009840,19,group_b,75637.68,0.3817,98.7,1,7257.73,11.2,0
sim-009841,19,group_a,28905.47,0.3315,65.3,0,2915.24,2.2,1
sim-009842,19,group_a,29262.66,0.1161,164.6,0,10195.87,4.6,0
sim-009843,19,group_b,27093.0,0.5051,38.0,1,2788.61,4.7,0
sim-009844,19,group_a,137898.26,0.3227,54.7,0,4835.18,2.1,0
sim-009845,19,group_a,40874.54,0.3929,55.8,3,4437.9,8.5,0
sim-009846,19,group_b,54206.33,0.32,88.3,0,13604.95,8.5,0
sim-009847,19,group_a,26874.7,0.4792,14.1,2,9606.76,7.3,0
sim-009848,19,group_a,64918.54,0.2222,30.3,2,10983.06,5.1,0
sim-009849,19,group_a,20600.28,0.4323,68.8,0,4041.26,10.2,1
sim-009850,19,group_a,28762.24,0.1699,49.0,0,15516.63,12.8,0
sim-009851,19,group_b,31914.73,0.0388,99.3,0,8265.21,2.5,0
sim-009852,19,group_a,47568.5,0.5494,68.5,2,4312.24,7.6,1
sim-009853,19,group_a,31098.21,0.4285,116.4,2,6592.1,2.3,1
sim-009854,19,group_a,82296.12,0.1336,20.6,0,19585.25,3.6,1
sim-009855,19,group_a,53602.65,0.2082,69.7,1,5620.55,6.7,0
sim-009856,19,group_b,32479.57,0.3848,62.1,0,9658.26,1.8,0
sim-009857,19,group_b,65972.89,0.1503,81.4,0,8379.74,0.2,0
sim-009858,19,group_a,36784.08,0.4425,60.5,0,5775.71,14.4,0
sim-009859,19,group_a,33860.91,0.2428,51.6,1,10782.76,4.9,0
sim-009860,19,group_a,63211.57,0.4649,44.7,0,10321.71,1.8,0
sim-009861,19,group_a,15487.89,0.6208,50.4,0,7618.62,5.7,0
sim-009862,19,group_a,59078.55,0.2487,74.0,0,7460.6,5.6,0
sim-009863,19,group_b,32160.69,0.2939,29.1,1,4981.79,5.0,0
sim-009864,19,group_a,32140.27,0.2506,21.6,3,3643.04,6.9,0
sim-009865,19,group_a,98756.99,0.4318,26.1,0,12427.12,4.6,1
sim-009866,19,group_a,34713.73,0.3616,90.2,0,5801.84,5.9,0
sim-009867,19,group_b,64827.43,0.1144,54.0,0,10257.24,6.2,0
sim-009868,19,group_a,48790.1,0.1954,46.4,0,9569.0,1.7,0
sim-009869,19,group_b,50963.05,0.4926,52.8,1,8567.88,10.3,0
sim-009870,19,group_a,39056.8,0.1105,97.3,2,22125.99,7.0,0
sim-009871,19,group_b,38210.27,0.4704,20.7,5,4181.81,4.6,0
sim-009872,19,group_b,82434.15,0.372,97.5,0,7130.92,6.6,1
sim-009873,19,group_a,64138.06,0.4047,36.1,2,7963.73,18.9,0
sim-009874,19,group_a,35176.52,0.6364,104.1,2,10623.05,4.7,1
sim-009875,19,group_a,27965.64,0.3301,153.5,0,7639.42,18.4,0
sim-009876,19,group_b,33945.82,0.066,56.1,0,5542.12,11.4,0
sim-009877,19,group_b,65527.69,0.3612,46.5,1,3986.09,4.9,0
sim-009878,19,group_a,71185.94,0.203,123.6,0,6911.65,19.1,0
sim-009879,19,group_a,54779.77,0.4453,37.0,1,4420.4,12.5,0
sim-009880,19,group_a,22003.49,0.3276,59.3,1,11971.52,6.5,1
sim-009881,19,group_a,59550.93,0.3795,49.6,5,4038.26,5.9,1
sim-009882,19,group_b,75019.46,0.2625,65.9,2,9027.4,8.9,0
sim-009883,19,group_a,46671.72,0.3203,37.0,3,17485.74,5.0,0
sim-009884,19,group_a,99659.76,0.1208,84.2,1,14902.9,10.0,0
sim-009885,19,group_b,24914.18,0.3039,67.0,1,9329.95,2.0,0
sim-009886,19,group_b,57850.6,0.3303,66.3,3,7499.53,3.4,1
sim-009887,19,group_b,28268.6,0.3039,72.7,3,12424.78,3.3,0
sim-009888,19,group_a,67682.82,0.2786,35.8,2,18966.77,9.6,0
sim-009889,19,group_b,56128.64,0.371,86.2,1,4976.63,3.4,1
sim-009890,19,group_a,92463.52,0.2293,27.0,1,4022.11,2.8,1
sim-009891,19,group_a,53523.58,0.1757,61.3,1,4792.32,2.2,0
sim-009892,19,group_a,36618.82,0.3019,116.5,1,6302.8,5.0,0
sim-009893,19,group_b,35303.96,0.3828,32.9,1,7178.69,1.8,0
sim-009894,19,group_a,39062.79,0.1308,48.4,0,19433.79,15.5,0
sim-009895,19,group_b,35013.74,0.1101,54.9,0,8916.25,8.2,0
sim-009896,19,group_b,76403.65,0.0806,60.0,1,6470.87,5.3,0
sim-009897,19,group_b,74144.27,0.519,51.5,1,18746.0,2.9,0
sim-009898,19,group_b,23142.86,0.2181,98.8,2,7535.03,2.2,0
sim-009899,19,group_b,44095.42,0.0847,23.2,0,12663.97,2.8,0
sim-009900,19,group_a,44544.61,0.3587,108.7,3,5101.65,2.5,0
sim-009901,19,group_a,31252.54,0.7079,51.2,2,15168.01,6.9,1
sim-009902,19,group_b,52159.68,0.4272,89.2,0,7298.58,8.6,1
sim-009903,19,group_a,80142.16,0.2902,86.5,0,7023.55,7.0,0
sim-009904,19,group_b,63105.28,0.0823,52.2,1,3251.88,8.6,0
sim-009905,19,group_b,76402.35,0.4178,45.0,3,6029.04,1.3,1
sim-009906,19,group_a,32088.2,0.18,142.2,1,4158.35,2.8,0
sim-009907,19,group_b,44061.13,0.1061,140.4,1,8888.67,3.5,0
sim-009908,19,group_a,31458.61,0.2689,65.4,1,4921.78,3.1,0
sim-009909,19,group_b,47981.01,0.4143,98.4,3,3495.45,3.5,0
sim-009910,19,group_a,49829.85,0.6455,57.9,3,10863.33,3.0,1
sim-009911,19,group_b,64934.35,0.3371,51.1,1,5564.89,16.3,0
sim-009912,19,group_b,75332.47,0.475,69.5,0,5431.37,5.9,0
sim-009913,19,group_a,57952.0,0.225,38.5,1,28949.64,9.8,0
sim-009914,19,group_a,30234.19,0.5678,36.1,3,5860.19,5.6,1
sim-009915,19,group_a,24589.81,0.5456,119.8,1,13287.73,10.0,0
sim-009916,19,group_a,53982.13,0.7589,83.7,4,4432.36,8.9,1
sim-009917,19,group_a,81488.64,0.1712,42.3,0,9376.62,7.2,1
sim-009918,19,group_a,42941.22,0.2044,87.0,1,10913.11,9.3,0
sim-009919,19,group_b,22845.16,0.3345,52.6,2,3275.36,4.9,1
sim-009920,19,group_a,104151.05,0.4638,56.7,0,4156.08,12.4,0
sim-009921,19,group_a,53292.45,0.4495,45.3,3,14681.3,1.9,0
sim-009922,19,group_b,46624.41,0.8429,71.3,1,6546.15,5.6,1
sim-009923,19,group_a,26567.72,0.3265,78.7,3,8392.64,3.6,0
sim-009924,19,group_a,43687.22,0.3281,57.3,0,13832.52,9.5,0
sim-009925,19,group_b,57901.08,0.1081,36.1,0,15512.52,12.1,0
sim-009926,19,group_b,53598.09,0.3361,88.1,0,5910.35,14.0,0
sim-009927,19,group_a,32612.39,0.3417,45.1,1,7994.7,6.4,0
sim-009928,19,group_b,42363.08,0.1474,80.4,0,6218.18,8.4,0
sim-009929,19,group_a,33499.21,0.4245,120.6,0,7311.58,8.7,0
sim-009930,19,group_a,87286.22,0.5876,120.6,0,5892.03,1.7,0
sim-009931,19,group_b,63186.57,0.5246,32.9,2,6529.34,4.5,0
sim-009932,19,group_a,34814.16,0.1851,49.0,1,21782.1,6.8,1
sim-009933,19,group_a,26562.16,0.4687,74.5,2,6212.5,3.6,0
sim-009934,19,group_b,48760.82,0.2551,100.3,0,2093.72,6.4,0
sim-009935,19,group_a,35278.07,0.4416,31.0,0,7088.08,8.0,1
sim-009936,19,group_a,36399.53,0.1901,21.1,2,3317.22,11.5,0
sim-009937,19,group_a,26935.76,0.1062,106.1,0,9535.23,2.5,0
sim-009938,19,group_b,28373.43,0.4961,78.4,2,7348.52,5.1,0
sim-009939,19,group_b,46458.81,0.2518,110.5,1,23227.33,6.1,0
sim-009940,19,group_b,38789.74,0.3108,32.5,1,13319.59,3.4,0
sim-009941,19,group_a,123814.04,0.2243,53.5,1,2754.77,1.0,0
sim-009942,19,group_b,55691.7,0.3028,77.7,2,4182.33,0.5,1
sim-009943,19,group_a,26749.95,0.3184,61.5,0,6892.24,7.1,0
sim-009944,19,group_a,22766.21,0.1503,57.3,0,9132.18,7.0,0
sim-009945,19,group_a,51289.02,0.3085,24.8,2,12807.74,1.8,0
sim-009946,19,group_b,36728.78,0.327,55.0,1,10729.24,11.7,0
sim-009947,19,group_a,75903.61,0.3314,33.3,0,10465.69,2.2,0
sim-009948,19,group_b,48843.8,0.641,158.2,2,6254.71,16.1,0
sim-009949,19,group_a,18870.24,0.5165,79.3,2,6740.72,5.2,1
sim-009950,19,group_a,28278.07,0.2466,211.3,2,9503.04,9.5,0
sim-009951,19,group_b,32675.52,0.4468,49.4,1,9483.34,7.6,0
sim-009952,19,group_b,52242.7,0.1082,60.7,0,10150.53,7.3,0
sim-009953,19,group_a,27884.99,0.192,121.7,0,5184.9,30.0,0
sim-009954,19,group_b,46266.96,0.4154,58.9,1,7827.64,3.9,0
sim-009955,19,group_a,24755.85,0.6128,128.7,2,13109.24,8.9,0
sim-009956,19,group_b,43503.55,0.1555,145.5,1,5971.81,8.2,0
sim-009957,19,group_a,50686.3,0.2222,68.4,2,10361.63,1.4,0
sim-009958,19,group_a,80164.36,0.1688,116.8,1,5167.07,3.6,1
sim-009959,19,group_a,48105.01,0.2949,96.4,2,7820.83,4.6,0
sim-009960,19,group_a,30790.8,0.3755,23.6,2,11014.87,3.7,0
sim-009961,19,group_a,81231.8,0.5243,129.0,1,12147.95,0.8,0
sim-009962,19,group_a,40177.61,0.3899,88.4,1,5216.93,2.9,0
sim-009963,19,group_b,60047.91,0.1965,68.3,1,1697.53,14.9,0
sim-009964,19,group_a,33543.01,0.4467,64.1,3,15960.46,4.7,0
sim-009965,19,group_a,45076.98,0.7864,154.2,2,15272.69,7.4,1
sim-009966,19,group_a,30991.48,0.6138,64.9,1,3040.87,26.0,0
sim-009967,19,group_b,49679.58,0.2661,82.8,3,10343.85,3.6,0
sim-009968,19,group_a,60815.98,0.2618,104.5,1,8496.3,7.4,0
sim-009969,19,group_a,35248.71,0.4793,94.7,2,16084.8,5.3,1
sim-009970,19,group_b,34426.32,0.1549,61.4,1,15327.53,4.6,0
sim-009971,19,group_a,50405.91,0.3924,161.1,1,12911.19,15.4,0
sim-009972,19,group_b,30683.9,0.1274,34.5,0,6895.68,5.9,0
sim-009973,19,group_a,22936.01,0.1084,91.9,0,2433.94,9.3,0
sim-009974,19,group_b,50329.29,0.2895,53.6,6,10082.82,2.1,1
sim-009975,19,group_a,41471.73,0.0926,76.0,1,4596.05,8.6,0
sim-009976,19,group_b,41104.75,0.2931,72.9,0,3282.16,4.8,0
sim-009977,19,group_b,54005.95,0.0509,54.1,0,34425.77,11.2,0
sim-009978,19,group_a,57269.02,0.3168,113.5,2,5661.08,4.6,1
sim-009979,19,group_a,40553.57,0.4171,105.2,1,10556.43,11.7,0
sim-009980,19,group_a,27078.05,0.7969,42.5,1,12527.89,9.9,1
sim-009981,19,group_a,33183.02,0.2919,165.9,1,10094.4,15.4,0
sim-009982,19,group_b,55474.84,0.227,61.3,1,1946.25,8.9,1
sim-009983,19,group_b,45949.08,0.3464,80.6,1,17108.74,7.5,0
sim-009984,19,group_b,34444.38,0.3016,31.7,0,7920.79,2.2,0
sim-009985,19,group_b,31211.99,0.7542,69.8,2,10140.49,5.6,0
sim-009986,19,group_b,56245.74,0.3436,101.1,2,5621.46,3.6,1
sim-009987,19,group_b,39533.59,0.3809,40.7,0,5147.67,4.7,0
sim-009988,19,group_a,59524.37,0.1145,69.7,1,5290.61,16.0,0
sim-009989,19,group_a,62775.56,0.243,77.5,2,5430.03,3.4,0
sim-009990,19,group_a,38048.13,0.154,81.4,1,5961.47,10.1,1
sim-009991,19,group_a,64657.02,0.2628,18.5,2,14912.38,1.2,1
sim-009992,19,group_a,45987.83,0.4261,47.1,0,6524.91,2.8,0
sim-009993,19,group_a,48555.29,0.3007,77.7,0,10597.46,3.0,0
sim-009994,19,group_a,17304.56,0.633,90.0,2,6035.41,2.0,0
sim-009995,19,group_a,28860.04,0.1292,62.7,0,9904.44,6.3,0
sim-009996,19,group_a,29524.87,0.3486,127.1,0,7938.27,7.1,0
sim-009997,19,group_a,37955.32,0.413,79.5,1,5946.88,3.5,1
sim-009998,19,group_a,45525.48,0.0817,68.0,1,4012.96,8.9,0
sim-009999,19,group_a,46314.26,0.5831,62.9,3,9813.16,6.1,0
sim-010000,20,group_b,49514.15,0.2508,71.4,2,4943.38,4.4,0
sim-010001,20,group_b,32936.06,0.4761,36.4,1,10373.37,2.9,1
sim-010002,20,group_a,58710.42,0.4734,69.2,1,3680.72,2.4,0
sim-010003,20,group_a,93892.06,0.4694,52.9,2,5657.73,5.0,1
sim-010004,20,group_a,37858.23,0.3158,72.9,1,2709.83,8.5,0
sim-010005,20,group_a,33231.7,0.2597,53.9,3,4848.27,4.5,0
sim-010006,20,group_a,32930.7,0.572,61.9,3,6387.29,11.0,0
sim-010007,20,group_b,45519.52,0.5438,67.8,2,15648.17,2.5,0
sim-010008,20,group_a,35213.31,0.4099,45.6,3,16537.04,2.5,0
sim-010009,20,group_a,21231.94,0.271,74.2,2,13396.63,11.8,1
sim-010010,20,group_b,23817.22,0.2856,84.5,0,10749.87,3.3,0
sim-010011,20,group_a,67405.36,0.5716,89.2,2,8825.12,2.4,0
sim-010012,20,group_a,75233.62,0.1545,121.1,1,5910.27,13.6,0
sim-010013,20,group_a,85987.19,0.3239,58.8,2,7156.82,5.3,1
sim-010014,20,group_b,48293.29,0.5746,89.1,1,5709.48,4.9,0
sim-010015,20,group_a,28964.31,0.2583,103.0,1,13737.82,1.5,0
sim-010016,20,group_b,36535.26,0.1134,42.1,0,6525.47,8.1,0
sim-010017,20,group_b,23473.26,0.2917,76.5,1,14068.81,12.6,0
sim-010018,20,group_a,23096.71,0.1265,111.8,0,4007.67,2.7,0
sim-010019,20,group_b,48884.24,0.1602,73.6,1,17298.65,8.6,0
sim-010020,20,group_a,55071.35,0.2853,116.1,2,5564.29,6.1,0
sim-010021,20,group_a,99959.15,0.2592,83.5,2,6475.85,3.5,0
sim-010022,20,group_a,42408.36,0.2761,117.9,0,9192.22,7.8,0
sim-010023,20,group_b,24827.55,0.3512,114.3,0,4022.7,12.6,0
sim-010024,20,group_a,41722.4,0.1954,111.3,1,7992.09,1.9,0
sim-010025,20,group_a,39001.96,0.1067,76.9,3,6408.02,7.7,0
sim-010026,20,group_b,35727.74,0.4604,89.2,0,14617.31,1.0,0
sim-010027,20,group_a,50735.18,0.6131,76.7,1,5839.37,20.2,1
sim-010028,20,group_b,26368.4,0.4642,39.3,1,16281.84,4.3,1
sim-010029,20,group_b,46392.96,0.1393,40.5,1,8576.81,9.4,0
sim-010030,20,group_a,57737.18,0.5304,97.6,2,5410.84,6.7,1
sim-010031,20,group_b,79721.12,0.5224,181.8,3,9257.56,6.1,0
sim-010032,20,group_b,50028.99,0.4805,49.8,3,8703.08,4.8,1
sim-010033,20,group_a,68057.66,0.2893,71.2,1,4747.2,5.0,0
sim-010034,20,group_b,36445.15,0.1139,73.9,0,6422.94,4.4,1
sim-010035,20,group_b,38645.98,0.3819,55.4,4,8406.74,3.7,0
sim-010036,20,group_b,77349.99,0.081,79.8,0,14969.25,6.3,0
sim-010037,20,group_b,24684.59,0.7155,86.2,4,15831.77,1.7,1
sim-010038,20,group_a,37074.37,0.7093,100.9,4,6861.05,2.6,0
sim-010039,20,group_a,70540.86,0.2274,77.9,1,12557.42,15.6,0
sim-010040,20,group_a,40188.38,0.3033,33.7,2,18766.24,2.4,1
sim-010041,20,group_a,38950.51,0.4044,137.8,0,6442.74,2.9,0
sim-010042,20,group_b,39283.53,0.2211,73.7,3,6014.29,4.3,0
sim-010043,20,group_b,46129.31,0.1336,58.5,2,7442.18,2.7,0
sim-010044,20,group_a,69296.88,0.213,55.7,1,12926.08,1.7,0
sim-010045,20,group_a,64742.77,0.4029,37.3,2,11209.34,4.6,1
sim-010046,20,group_b,44126.33,0.2494,65.4,2,7646.07,5.5,1
sim-010047,20,group_a,69480.62,0.3569,58.2,2,10751.62,5.6,0
sim-010048,20,group_b,50693.5,0.5312,109.6,3,3931.86,12.1,0
sim-010049,20,group_b,62996.25,0.5707,43.7,2,4572.18,5.5,0
sim-010050,20,group_a,28512.13,0.3044,49.3,0,11634.98,10.9,1
sim-010051,20,group_a,91143.65,0.3243,85.2,0,2984.53,2.8,0
sim-010052,20,group_b,48169.89,0.5575,61.7,1,5603.55,1.6,0
sim-010053,20,group_a,13845.42,0.2215,139.0,0,14601.25,3.4,0
sim-010054,20,group_b,88168.18,0.3724,50.8,1,9410.35,8.8,0
sim-010055,20,group_a,44007.84,0.4767,92.4,1,12659.2,15.9,0
sim-010056,20,group_a,37193.62,0.2503,97.1,1,7770.37,7.6,0
sim-010057,20,group_a,34050.95,0.107,33.5,2,28195.0,3.9,0
sim-010058,20,group_b,52817.13,0.494,67.1,3,20068.36,10.6,1
sim-010059,20,group_b,30238.66,0.5859,35.5,3,6144.53,5.6,1
sim-010060,20,group_b,34464.99,0.734,55.5,2,2290.04,8.0,0
sim-010061,20,group_a,34814.57,0.1978,22.2,0,6247.24,12.8,0
sim-010062,20,group_b,38841.95,0.2038,49.4,1,31410.38,2.5,1
sim-010063,20,group_a,35369.76,0.6409,77.8,2,8331.05,22.5,0
sim-010064,20,group_a,62829.62,0.4787,46.4,2,4097.11,5.8,1
sim-010065,20,group_b,49209.71,0.6006,76.3,2,9384.7,11.8,1
sim-010066,20,group_a,51796.37,0.3528,161.1,3,6620.54,8.7,0
sim-010067,20,group_b,56752.38,0.2911,92.8,0,4696.62,4.5,0
sim-010068,20,group_a,42230.6,0.3109,110.0,0,3283.47,3.1,1
sim-010069,20,group_a,28608.81,0.3997,29.7,0,6088.99,2.1,0
sim-010070,20,group_a,93729.89,0.3933,29.9,2,7510.36,2.9,1
sim-010071,20,group_b,64832.65,0.219,49.8,0,13560.02,2.3,0
sim-010072,20,group_a,86455.69,0.4219,32.0,1,7992.04,0.8,1
sim-010073,20,group_b,67812.79,0.5147,19.4,1,8815.05,4.6,1
sim-010074,20,group_a,36193.83,0.4575,52.5,1,4517.08,3.8,1
sim-010075,20,group_b,16380.54,0.3597,76.8,3,6320.26,3.6,0
sim-010076,20,group_a,26206.94,0.4568,46.3,2,8294.79,8.1,1
sim-010077,20,group_a,57373.58,0.3029,57.4,2,7239.27,2.4,0
sim-010078,20,group_b,42077.39,0.1298,61.5,1,9625.66,7.3,1
sim-010079,20,group_b,36815.09,0.2466,48.5,1,5383.44,14.6,0
sim-010080,20,group_a,15396.07,0.3567,37.7,0,11553.42,5.3,1
sim-010081,20,group_a,43673.05,0.3398,76.2,1,16273.43,8.2,0
sim-010082,20,group_a,27879.67,0.2152,54.8,3,3146.6,1.8,0
sim-010083,20,group_b,32395.0,0.1891,40.9,0,7419.6,6.7,0
sim-010084,20,group_b,62758.15,0.171,138.6,0,19758.7,2.7,0
sim-010085,20,group_b,28502.88,0.2096,67.3,0,3273.92,1.1,1
sim-010086,20,group_b,29668.78,0.3809,30.5,0,5417.84,4.0,0
sim-010087,20,group_b,47474.3,0.1866,54.4,1,13779.47,3.5,1
sim-010088,20,group_a,63347.59,0.23,93.0,1,8878.97,13.3,1
sim-010089,20,group_a,37081.13,0.2611,55.0,1,7930.46,13.6,0
sim-010090,20,group_b,81326.77,0.3291,53.6,3,4114.32,6.9,1
sim-010091,20,group_a,25666.94,0.1749,65.1,1,10468.21,5.9,0
sim-010092,20,group_a,23844.21,0.2672,37.9,1,14684.07,4.7,0
sim-010093,20,group_b,23005.76,0.2496,23.0,0,9682.84,4.4,0
sim-010094,20,group_b,21940.35,0.2794,110.8,0,6078.31,3.3,0
sim-010095,20,group_b,50581.97,0.5246,75.9,1,7424.22,6.2,0
sim-010096,20,group_a,29124.31,0.1056,68.2,0,5153.99,4.1,0
sim-010097,20,group_b,24287.55,0.2219,62.8,4,6693.82,5.9,0
sim-010098,20,group_a,51509.14,0.4111,65.7,2,3699.41,5.9,1
sim-010099,20,group_a,62072.52,0.278,149.7,1,6369.31,6.0,0
sim-010100,20,group_b,68279.2,0.3385,45.2,1,11868.54,2.3,1
sim-010101,20,group_b,63425.39,0.3396,108.2,3,8251.87,2.0,0
sim-010102,20,group_b,29863.63,0.1835,110.1,0,7379.21,4.4,0
sim-010103,20,group_b,49313.75,0.4477,81.0,0,5199.55,3.5,0
sim-010104,20,group_b,54105.23,0.1471,108.7,1,8599.31,4.5,0
sim-010105,20,group_a,35973.9,0.248,72.4,2,9519.31,6.9,0
sim-010106,20,group_a,47060.81,0.1722,52.5,0,5520.26,6.6,0
sim-010107,20,group_b,25960.21,0.3058,78.3,4,6205.18,5.3,1
sim-010108,20,group_b,33738.94,0.7035,197.3,3,3731.88,0.8,1
sim-010109,20,group_a,51336.16,0.2431,75.8,1,12098.97,1.1,0
sim-010110,20,group_a,82715.97,0.2205,81.1,3,18581.3,3.9,0
sim-010111,20,group_a,71225.39,0.436,26.3,0,6227.49,2.2,1
sim-010112,20,group_a,57963.02,0.5284,35.8,3,11047.53,0.6,0
sim-010113,20,group_b,45409.38,0.4732,52.0,2,13389.06,4.7,0
sim-010114,20,group_a,42548.64,0.3589,65.1,1,7692.99,0.6,0
sim-010115,20,group_a,23908.95,0.3002,89.5,0,10287.64,2.0,0
sim-010116,20,group_b,30917.8,0.4984,136.2,1,5365.9,6.9,0
sim-010117,20,group_a,31344.72,0.1647,37.6,0,12146.2,20.6,0
sim-010118,20,group_a,55904.43,0.754,64.2,2,5988.13,3.9,1
sim-010119,20,group_a,65308.54,0.1609,94.7,1,9312.08,4.0,0
sim-010120,20,group_a,59835.88,0.533,44.9,1,10792.79,11.2,0
sim-010121,20,group_a,72165.68,0.3556,142.8,2,9154.31,4.0,0
sim-010122,20,group_a,45267.66,0.214,68.6,1,12345.02,9.3,1
sim-010123,20,group_a,29061.49,0.368,53.4,0,4395.75,9.9,0
sim-010124,20,group_a,43003.13,0.53,60.1,1,10552.58,5.6,1
sim-010125,20,group_a,32388.81,0.3997,26.6,2,7394.55,2.6,0
sim-010126,20,group_a,57890.07,0.2297,123.3,1,8106.89,11.1,0
sim-010127,20,group_b,37766.71,0.0706,72.5,0,7743.77,3.0,1
sim-010128,20,group_a,42134.27,0.4503,131.1,2,7390.64,9.4,0
sim-010129,20,group_a,58766.15,0.3434,66.4,2,16487.31,2.9,1
sim-010130,20,group_b,32168.42,0.0849,160.2,1,10997.95,4.5,0
sim-010131,20,group_a,65832.58,0.3558,34.6,1,2241.62,5.2,0
sim-010132,20,group_a,24934.55,0.14,99.3,3,11777.73,1.1,0
sim-010133,20,group_b,49948.68,0.1186,53.5,1,10540.38,11.1,0
sim-010134,20,group_a,42269.56,0.499,132.5,0,5638.01,2.6,1
sim-010135,20,group_a,62161.03,0.1656,55.3,4,9635.73,4.3,0
sim-010136,20,group_b,24655.69,0.37,27.0,0,8004.59,17.3,0
sim-010137,20,group_b,23087.99,0.2893,36.9,0,8984.95,4.2,0
sim-010138,20,group_a,60175.38,0.1878,40.4,0,5478.3,8.8,0
sim-010139,20,group_a,37265.11,0.077,41.9,0,3987.29,9.7,0
sim-010140,20,group_a,42271.28,0.1734,35.3,0,15650.23,4.7,0
sim-010141,20,group_b,33286.44,0.3064,105.5,3,6353.75,4.9,0
sim-010142,20,group_a,64432.95,0.5364,71.1,0,5807.89,5.2,1
sim-010143,20,group_a,49795.05,0.1748,46.6,1,10415.78,8.0,0
sim-010144,20,group_a,48585.43,0.2803,63.1,0,6466.71,8.5,0
sim-010145,20,group_b,26869.83,0.645,124.9,1,9149.54,6.2,0
sim-010146,20,group_a,54210.63,0.6864,79.1,3,5502.58,3.7,0
sim-010147,20,group_a,28948.41,0.5222,52.5,2,10315.08,5.8,1
sim-010148,20,group_a,33303.17,0.7073,45.5,3,13238.56,6.2,1
sim-010149,20,group_b,24749.34,0.274,129.7,1,8924.18,8.3,0
sim-010150,20,group_a,41120.11,0.3506,47.0,1,4826.99,7.0,0
sim-010151,20,group_b,68670.76,0.5618,20.9,0,9870.78,4.7,0
sim-010152,20,group_a,48301.21,0.4808,98.8,4,5600.97,0.5,0
sim-010153,20,group_a,36476.93,0.2847,32.3,0,9051.59,11.0,0
sim-010154,20,group_a,45974.47,0.2639,99.7,2,3098.7,3.5,1
sim-010155,20,group_a,45867.77,0.6082,43.4,3,12911.99,6.1,0
sim-010156,20,group_a,45150.15,0.3114,39.2,0,9306.53,6.7,1
sim-010157,20,group_b,47310.17,0.4576,23.1,0,8959.05,7.4,0
sim-010158,20,group_a,28373.26,0.1001,74.4,2,13390.4,0.7,0
sim-010159,20,group_b,45924.14,0.2445,92.4,0,3484.35,4.9,0
sim-010160,20,group_a,21010.88,0.3852,67.8,2,5402.52,4.3,0
sim-010161,20,group_a,55924.73,0.3057,56.4,1,6690.9,1.0,0
sim-010162,20,group_a,27635.19,0.1572,46.1,0,2598.51,2.3,0
sim-010163,20,group_a,72012.22,0.3686,52.0,1,9172.47,22.7,0
sim-010164,20,group_a,15724.9,0.3102,66.0,0,4741.28,4.9,0
sim-010165,20,group_b,88721.58,0.4506,57.8,1,15041.66,11.3,0
sim-010166,20,group_b,22060.13,0.1341,53.2,0,5217.01,1.5,0
sim-010167,20,group_b,26529.89,0.3639,51.9,2,14132.75,5.7,0
sim-010168,20,group_b,49791.72,0.3571,111.3,1,4936.81,5.5,1
sim-010169,20,group_a,56946.09,0.4018,30.5,1,14575.84,2.4,0
sim-010170,20,group_a,38986.79,0.1477,225.6,2,7158.43,7.7,1
sim-010171,20,group_a,63888.49,0.1204,155.8,0,5717.09,5.2,0
sim-010172,20,group_b,31427.77,0.1491,38.2,1,19837.47,6.2,0
sim-010173,20,group_a,37128.1,0.3863,121.2,2,13035.8,11.5,0
sim-010174,20,group_a,38681.91,0.0574,58.6,0,7460.45,2.4,0
sim-010175,20,group_b,35026.97,0.2754,25.5,1,3479.48,3.3,0
sim-010176,20,group_a,19489.77,0.4584,80.9,0,4994.2,3.7,0
sim-010177,20,group_b,43461.89,0.2855,52.1,0,8601.71,4.2,1
sim-010178,20,group_a,41843.72,0.1854,116.4,2,6054.13,8.4,0
sim-010179,20,group_b,69067.31,0.2508,164.1,0,4995.08,5.5,0
sim-010180,20,group_b,25588.63,0.1949,33.4,1,7506.25,3.3,0
sim-010181,20,group_b,33572.04,0.1757,44.1,1,12598.47,8.7,1
sim-010182,20,group_a,72799.64,0.424,60.6,1,19988.59,9.4,0
sim-010183,20,group_a,49671.24,0.3495,76.1,0,5146.05,8.4,0
sim-010184,20,group_a,55311.69,0.4053,40.1,1,5865.41,9.3,0
sim-010185,20,group_a,53127.08,0.1917,86.5,0,13772.25,3.4,0
sim-010186,20,group_a,53226.2,0.0766,31.7,1,4819.31,6.0,0
sim-010187,20,group_a,94357.02,0.3108,34.4,3,6221.34,1.4,0
sim-010188,20,group_a,45635.77,0.3922,8.1,0,8698.48,6.6,1
sim-010189,20,group_a,28716.75,0.3565,103.2,0,14257.51,5.0,0
sim-010190,20,group_b,57428.44,0.1438,60.9,0,3722.81,5.2,0
sim-010191,20,group_a,34615.2,0.1575,58.6,1,7394.55,6.9,0
sim-010192,20,group_a,41932.92,0.3314,95.4,2,4805.93,7.2,0
sim-010193,20,group_a,51301.54,0.3722,14.5,1,14595.25,4.2,0
sim-010194,20,group_a,31102.12,0.1425,56.0,1,9840.58,5.3,0
sim-010195,20,group_b,35442.83,0.1949,68.1,0,7299.89,3.9,0
sim-010196,20,group_a,53629.6,0.4803,32.2,0,7216.01,7.5,0
sim-010197,20,group_b,34876.52,0.3412,61.9,0,10362.9,3.7,1
sim-010198,20,group_b,66093.25,0.2826,110.1,1,5681.17,7.8,0
sim-010199,20,group_b,29022.13,0.2571,86.0,1,7059.18,2.9,1
sim-010200,20,group_b,28981.12,0.576,16.5,2,6475.25,9.2,1
sim-010201,20,group_b,97786.66,0.6703,61.4,1,7872.64,1.9,1
sim-010202,20,group_a,23093.46,0.4806,111.5,2,13617.5,1.4,1
sim-010203,20,group_a,43424.5,0.6282,91.2,1,5427.61,8.7,0
sim-010204,20,group_b,95570.86,0.3176,56.1,3,11266.5,3.9,0
sim-010205,20,group_a,43390.32,0.2599,99.7,4,9019.68,2.8,0
sim-010206,20,group_a,77315.03,0.4297,106.5,0,7278.28,3.8,0
sim-010207,20,group_a,57759.29,0.3236,47.3,2,11473.27,8.8,1
sim-010208,20,group_a,43781.88,0.4333,96.4,2,8124.31,4.8,0
sim-010209,20,group_a,41569.79,0.6303,47.2,0,9800.14,8.4,1
sim-010210,20,group_a,18031.7,0.1809,43.5,0,14293.76,5.3,0
sim-010211,20,group_a,38406.16,0.7318,74.1,2,6544.09,0.5,1
sim-010212,20,group_a,48413.39,0.2986,35.9,0,6395.89,1.6,0
sim-010213,20,group_a,48402.1,0.1415,57.1,0,10453.1,2.0,0
sim-010214,20,group_b,123705.71,0.1433,44.0,1,7767.97,8.4,0
sim-010215,20,group_a,49414.66,0.2156,57.6,1,13219.61,3.6,0
sim-010216,20,group_b,57220.13,0.2361,139.3,0,22342.2,6.2,1
sim-010217,20,group_a,71631.09,0.2114,172.8,2,17232.17,8.4,0
sim-010218,20,group_a,55105.82,0.3937,36.2,1,5056.67,4.3,1
sim-010219,20,group_b,42355.75,0.3347,150.4,3,11279.23,3.8,1
sim-010220,20,group_b,42442.32,0.401,45.3,2,3276.67,4.5,0
sim-010221,20,group_b,37900.71,0.4471,98.4,1,9495.66,5.7,0
sim-010222,20,group_b,52921.69,0.532,41.8,2,7143.57,9.1,0
sim-010223,20,group_b,40882.82,0.3238,76.3,3,10146.49,4.1,1
sim-010224,20,group_b,57095.08,0.5747,88.0,2,7922.18,2.2,0
sim-010225,20,group_b,28743.97,0.2327,102.8,0,6411.78,11.0,0
sim-010226,20,group_b,46708.26,0.4117,153.4,2,8788.81,5.3,0
sim-010227,20,group_a,84277.34,0.5742,52.2,1,14248.84,1.8,1
sim-010228,20,group_a,39960.95,0.3316,91.0,3,24672.69,7.0,0
sim-010229,20,group_a,95230.99,0.2924,75.0,1,15344.48,1.6,1
sim-010230,20,group_a,47039.46,0.4442,141.8,1,11994.39,6.1,1
sim-010231,20,group_b,42884.54,0.4177,113.5,3,12593.09,7.3,1
sim-010232,20,group_a,46118.98,0.4391,105.1,0,7457.09,0.8,0
sim-010233,20,group_a,38530.38,0.1265,20.7,0,7792.03,5.4,1
sim-010234,20,group_b,19113.81,0.0932,169.4,0,11537.13,6.1,0
sim-010235,20,group_a,63555.79,0.3155,29.9,1,3534.18,3.7,0
sim-010236,20,group_b,110297.83,0.6173,33.1,0,9917.09,7.2,0
sim-010237,20,group_a,53732.88,0.3834,53.1,2,7540.47,3.8,0
sim-010238,20,group_a,55124.79,0.4279,68.7,1,7202.8,3.0,0
sim-010239,20,group_a,40672.65,0.3049,91.5,1,4720.46,5.3,0
sim-010240,20,group_a,71415.59,0.2111,20.7,0,8919.95,9.6,1
sim-010241,20,group_a,43196.12,0.1984,91.3,0,5673.88,9.5,0
sim-010242,20,group_a,49130.36,0.0929,67.7,2,8967.29,4.5,0
sim-010243,20,group_a,22756.57,0.0786,100.6,1,8404.97,13.4,0
sim-010244,20,group_a,35160.42,0.3329,209.0,0,5864.62,5.4,0
sim-010245,20,group_b,51240.64,0.1841,140.5,1,13908.18,13.6,0
sim-010246,20,group_a,64281.61,0.4183,53.3,1,7230.56,12.2,0
sim-010247,20,group_a,65034.6,0.6465,56.0,3,10503.01,3.4,1
sim-010248,20,group_a,22623.49,0.0906,43.5,0,4833.91,6.5,0
sim-010249,20,group_b,23607.8,0.3276,89.0,1,7116.34,11.6,0
sim-010250,20,group_b,56125.05,0.3749,37.6,2,5012.07,1.7,0
sim-010251,20,group_b,32091.31,0.2894,40.8,0,8207.73,5.8,0
sim-010252,20,group_b,63941.82,0.426,67.6,0,9514.93,8.2,0
sim-010253,20,group_a,22144.17,0.4497,71.4,2,9472.85,7.0,1
sim-010254,20,group_b,42136.42,0.1577,79.0,2,18589.8,12.6,1
sim-010255,20,group_a,43287.56,0.4207,22.2,1,12687.14,2.2,1
sim-010256,20,group_b,53733.73,0.3995,41.7,0,3892.41,12.7,0
sim-010257,20,group_a,28478.73,0.1134,71.1,0,12124.04,4.6,1
sim-010258,20,group_a,19224.85,0.1528,122.4,1,5679.46,6.6,1
sim-010259,20,group_b,47189.87,0.3964,56.0,0,11924.81,2.8,0
sim-010260,20,group_b,54781.11,0.3155,147.9,1,3489.67,9.3,0
sim-010261,20,group_b,67045.79,0.0967,114.1,1,7381.06,1.2,1
sim-010262,20,group_a,37775.21,0.3282,25.1,1,9624.93,4.3,0
sim-010263,20,group_a,60826.83,0.5569,105.7,1,5052.52,3.5,0
sim-010264,20,group_a,53853.62,0.4735,43.0,2,15659.38,6.1,0
sim-010265,20,group_a,76527.86,0.0891,81.3,3,21971.11,5.5,0
sim-010266,20,group_a,42904.72,0.2387,40.8,0,7793.31,5.9,0
sim-010267,20,group_a,21235.77,0.3642,31.0,0,11987.08,8.3,1
sim-010268,20,group_b,42684.15,0.2971,35.8,2,12632.37,3.0,1
sim-010269,20,group_a,45576.58,0.6046,79.4,1,5956.66,6.6,1
sim-010270,20,group_b,54591.94,0.1841,89.6,2,5887.16,10.2,0
sim-010271,20,group_b,23069.66,0.2314,29.4,1,9665.78,8.8,0
sim-010272,20,group_b,38520.32,0.3909,39.4,2,16895.4,4.6,1
sim-010273,20,group_a,63234.39,0.4333,42.0,2,13430.94,4.6,1
sim-010274,20,group_a,42036.1,0.9358,27.5,3,3832.92,10.2,1
sim-010275,20,group_a,38622.55,0.0976,54.2,1,14771.87,5.6,0
sim-010276,20,group_b,97797.77,0.2268,163.6,2,14500.69,10.3,1
sim-010277,20,group_a,28017.88,0.5226,74.7,2,1951.42,5.9,0
sim-010278,20,group_a,73712.3,0.4559,60.8,2,11810.62,3.2,0
sim-010279,20,group_b,67435.37,0.2235,94.0,2,8289.57,1.8,0
sim-010280,20,group_b,39951.84,0.2567,104.8,3,15610.16,9.4,0
sim-010281,20,group_b,43312.04,0.3973,43.8,1,13363.36,1.2,1
sim-010282,20,group_a,43247.18,0.2062,43.4,2,10775.6,3.2,0
sim-010283,20,group_b,47401.92,0.4419,52.9,1,8872.94,12.4,0
sim-010284,20,group_a,34210.66,0.3835,28.5,1,9783.08,2.2,1
sim-010285,20,group_a,36687.0,0.5055,36.0,2,3780.28,2.9,1
sim-010286,20,group_b,37828.03,0.3976,92.1,2,3627.94,7.7,0
sim-010287,20,group_b,38338.69,0.3769,37.0,3,11033.95,6.0,0
sim-010288,20,group_a,38541.17,0.6926,37.8,2,8631.64,4.5,1
sim-010289,20,group_a,17134.57,0.1713,131.3,1,11248.98,7.5,0
sim-010290,20,group_a,45753.0,0.2326,170.8,3,6484.54,5.3,0
sim-010291,20,group_b,35188.11,0.647,59.0,1,5663.86,0.7,1
sim-010292,20,group_b,20049.1,0.345,84.0,0,6376.44,3.3,0
sim-010293,20,group_a,37910.32,0.0984,75.3,0,5448.49,2.7,0
sim-010294,20,group_a,37421.39,0.2724,57.2,0,13771.65,6.1,0
sim-010295,20,group_b,75026.95,0.4214,105.6,4,11565.01,4.6,0
sim-010296,20,group_b,35014.71,0.4704,34.0,1,10694.65,10.8,0
sim-010297,20,group_a,58132.02,0.3772,57.7,0,16512.52,1.3,0
sim-010298,20,group_b,78494.28,0.5162,63.1,0,5527.58,10.6,1
sim-010299,20,group_b,33732.3,0.126,28.6,0,4240.83,2.7,0
sim-010300,20,group_a,43047.14,0.396,62.6,2,7234.72,16.2,0
sim-010301,20,group_a,90766.95,0.2156,38.0,0,9943.76,8.4,0
sim-010302,20,group_b,48347.51,0.3694,74.6,2,5722.93,5.4,0
sim-010303,20,group_a,51378.49,0.1033,77.8,1,4717.24,4.3,0
sim-010304,20,group_b,37010.37,0.2739,93.4,1,5359.56,8.1,1
sim-010305,20,group_b,58604.18,0.3085,66.5,2,12219.72,8.8,0
sim-010306,20,group_a,43189.39,0.0865,74.6,0,10874.2,7.2,0
sim-010307,20,group_a,20343.5,0.133,93.0,0,16353.96,1.3,0
sim-010308,20,group_b,37827.9,0.4384,188.2,3,16659.56,9.6,1
sim-010309,20,group_a,26717.26,0.4125,30.7,0,9407.33,7.5,1
sim-010310,20,group_a,46034.26,0.4031,148.4,2,3145.86,1.8,0
sim-010311,20,group_a,29879.49,0.4595,20.7,1,9269.5,9.8,0
sim-010312,20,group_a,53680.98,0.4458,42.3,3,8442.16,6.2,1
sim-010313,20,group_b,44747.94,0.3134,85.4,0,9313.62,10.7,0
sim-010314,20,group_b,25999.59,0.5302,42.6,3,5875.39,3.4,1
sim-010315,20,group_b,35708.14,0.2479,61.8,2,4478.86,7.6,0
sim-010316,20,group_a,56990.3,0.1777,89.2,2,9229.57,8.1,0
sim-010317,20,group_a,71122.36,0.2558,29.4,0,3799.25,6.1,0
sim-010318,20,group_b,30060.97,0.2978,108.5,1,13224.42,6.5,0
sim-010319,20,group_a,27696.88,0.3115,46.7,0,3998.93,4.5,1
sim-010320,20,group_b,99649.44,0.3744,120.6,1,3006.06,4.5,0
sim-010321,20,group_a,43734.72,0.5133,71.6,0,9978.75,0.7,1
sim-010322,20,group_a,45634.39,0.2744,56.5,2,6804.47,3.0,1
sim-010323,20,group_b,32191.44,0.4902,26.5,2,3103.88,5.1,0
sim-010324,20,group_a,48068.99,0.2654,41.1,1,5671.03,6.7,0
sim-010325,20,group_a,90250.12,0.0914,70.4,2,11363.77,5.9,0
sim-010326,20,group_a,48865.82,0.3651,90.3,0,9108.4,8.5,0
sim-010327,20,group_a,68684.89,0.33,47.4,1,6650.44,2.6,1
sim-010328,20,group_a,44452.35,0.4565,102.5,3,8018.94,22.1,1
sim-010329,20,group_b,28542.88,0.549,101.0,3,7279.03,4.2,0
sim-010330,20,group_a,32959.69,0.4521,80.8,1,4553.71,4.9,1
sim-010331,20,group_b,27461.03,0.1672,34.9,0,3679.26,11.9,0
sim-010332,20,group_a,48120.83,0.3316,40.6,3,7376.95,7.2,0
sim-010333,20,group_a,73425.99,0.5355,123.4,2,11145.58,6.0,0
sim-010334,20,group_a,46986.92,0.371,41.0,1,6850.03,3.4,1
sim-010335,20,group_b,38589.35,0.3884,73.3,1,9501.68,9.9,1
sim-010336,20,group_b,31519.17,0.623,47.9,1,14014.06,8.3,1
sim-010337,20,group_b,50985.03,0.4585,73.4,3,4145.14,9.3,0
sim-010338,20,group_a,26107.67,0.432,51.0,2,11604.97,3.5,0
sim-010339,20,group_b,27273.68,0.3687,78.0,1,3674.27,10.7,0
sim-010340,20,group_b,64091.6,0.3474,87.4,1,23940.74,3.6,1
sim-010341,20,group_b,39079.42,0.3622,34.4,0,6221.86,4.8,0
sim-010342,20,group_a,38757.1,0.4285,24.8,4,14002.12,4.2,1
sim-010343,20,group_b,40904.37,0.2552,154.7,2,8493.01,8.5,0
sim-010344,20,group_a,59567.53,0.2643,45.5,1,4954.98,3.4,1
sim-010345,20,group_b,47075.65,0.1896,34.2,0,2881.91,7.1,0
sim-010346,20,group_a,32141.58,0.3789,91.2,1,9287.39,6.0,1
sim-010347,20,group_a,32631.11,0.1699,58.6,1,8473.52,9.9,0
sim-010348,20,group_a,40459.37,0.216,57.6,1,9230.52,4.0,0
sim-010349,20,group_b,49857.9,0.3632,27.4,3,5916.48,1.1,0
sim-010350,20,group_a,43264.42,0.5295,74.1,0,8202.71,5.2,0
sim-010351,20,group_a,41677.39,0.1401,43.1,1,10385.17,9.3,0
sim-010352,20,group_a,44776.52,0.2465,41.0,1,12821.78,8.4,0
sim-010353,20,group_b,43251.44,0.0677,29.7,0,8044.6,4.5,1
sim-010354,20,group_a,31641.95,0.1844,92.3,1,3179.89,4.3,0
sim-010355,20,group_b,69909.82,0.1599,53.5,2,7520.74,1.8,0
sim-010356,20,group_a,35861.84,0.4524,48.4,2,5908.85,3.0,1
sim-010357,20,group_b,46363.72,0.171,72.1,1,9058.99,6.5,0
sim-010358,20,group_b,18483.97,0.1864,84.6,1,8738.76,2.5,0
sim-010359,20,group_b,40119.86,0.2928,96.3,1,11177.7,3.6,0
sim-010360,20,group_b,27671.89,0.1013,68.5,0,5678.04,6.0,0
sim-010361,20,group_a,29109.24,0.4475,76.4,0,5657.75,8.1,0
sim-010362,20,group_a,121457.31,0.4672,64.4,1,13329.0,3.6,0
sim-010363,20,group_b,48766.6,0.3371,40.2,0,4724.03,3.3,0
sim-010364,20,group_a,73491.81,0.6137,110.2,2,7553.01,7.2,1
sim-010365,20,group_a,62895.35,0.0566,59.6,3,8112.7,5.5,0
sim-010366,20,group_b,66367.45,0.4548,147.1,2,2855.16,1.5,1
sim-010367,20,group_a,40392.12,0.3144,90.9,1,8244.56,2.1,0
sim-010368,20,group_a,86222.71,0.4017,34.9,0,8109.91,1.6,0
sim-010369,20,group_b,62668.15,0.1756,112.2,1,8381.8,3.7,0
sim-010370,20,group_a,44683.55,0.1356,71.4,0,5064.31,2.7,0
sim-010371,20,group_a,49049.32,0.6067,53.1,1,4470.0,12.8,0
sim-010372,20,group_a,41463.65,0.5325,31.8,1,4139.36,6.0,0
sim-010373,20,group_a,44888.66,0.4124,64.8,1,14244.52,9.1,1
sim-010374,20,group_b,43117.65,0.2663,50.6,0,8942.21,1.6,0
sim-010375,20,group_b,51546.73,0.7134,95.1,3,5698.88,3.9,0
sim-010376,20,group_a,91198.07,0.546,85.6,1,4442.71,2.0,1
sim-010377,20,group_a,26471.13,0.2226,65.0,3,4186.38,4.2,0
sim-010378,20,group_a,70954.14,0.4118,26.9,1,8130.22,10.0,0
sim-010379,20,group_a,37621.9,0.5081,61.8,2,7696.17,6.6,1
sim-010380,20,group_b,74851.28,0.2686,38.6,1,3527.45,5.2,0
sim-010381,20,group_b,38175.64,0.5062,60.2,2,4486.39,4.2,0
sim-010382,20,group_a,52227.09,0.3199,48.8,0,5349.98,4.7,0
sim-010383,20,group_b,41080.36,0.4614,125.2,3,12171.72,3.2,1
sim-010384,20,group_b,21229.59,0.371,31.8,2,5152.79,8.1,0
sim-010385,20,group_a,91159.89,0.2017,47.0,0,7612.2,7.7,0
sim-010386,20,group_b,29556.04,0.3058,83.5,0,12914.41,9.0,0
sim-010387,20,group_b,45489.23,0.2769,105.2,1,12716.97,3.2,0
sim-010388,20,group_a,28225.55,0.6458,139.5,1,10888.05,0.8,1
sim-010389,20,group_a,25045.75,0.1287,90.4,1,16387.24,5.4,1
sim-010390,20,group_b,40292.69,0.1637,89.0,0,8906.01,9.0,0
sim-010391,20,group_b,34225.47,0.34,114.4,1,5385.84,5.8,0
sim-010392,20,group_a,26878.92,0.1259,127.1,0,18002.43,7.6,0
sim-010393,20,group_a,43265.82,0.5097,148.8,4,10221.83,4.4,1
sim-010394,20,group_b,23566.92,0.2731,144.9,3,5417.45,6.2,1
sim-010395,20,group_a,46290.82,0.3078,82.1,5,10419.21,2.5,1
sim-010396,20,group_a,41627.77,0.1811,39.5,0,3068.41,4.5,0
sim-010397,20,group_a,15494.33,0.3789,98.6,0,8591.58,3.4,0
sim-010398,20,group_b,35252.57,0.4636,120.4,2,2683.08,7.9,0
sim-010399,20,group_b,53462.31,0.3402,80.6,0,5347.63,10.1,0
sim-010400,20,group_b,28093.98,0.2339,85.0,0,5907.75,6.0,0
sim-010401,20,group_a,54445.35,0.0744,32.6,0,4494.09,3.6,0
sim-010402,20,group_a,52665.99,0.3454,63.9,0,7916.72,3.7,0
sim-010403,20,group_b,28639.92,0.4144,48.5,2,5349.21,4.5,1
sim-010404,20,group_a,43688.55,0.1986,38.1,0,8016.42,8.1,0
sim-010405,20,group_a,62099.69,0.12,51.9,0,14296.04,0.9,0
sim-010406,20,group_b,30391.03,0.1692,93.9,0,4858.41,8.9,0
sim-010407,20,group_b,40277.95,0.3307,65.3,1,11239.53,7.7,0
sim-010408,20,group_b,71189.49,0.3849,39.7,0,24118.12,8.7,0
sim-010409,20,group_a,30631.82,0.5005,58.2,1,8222.69,4.1,0
sim-010410,20,group_a,53254.97,0.436,106.9,3,3567.29,7.1,1
sim-010411,20,group_a,27909.98,0.6645,110.3,1,9562.63,1.1,0
sim-010412,20,group_a,41043.84,0.4252,52.0,2,7071.89,9.2,0
sim-010413,20,group_a,52977.64,0.332,99.6,2,15927.31,4.8,1
sim-010414,20,group_a,15996.08,0.1621,107.2,2,4456.97,4.1,1
sim-010415,20,group_b,35086.94,0.1801,125.1,1,7175.77,11.3,0
sim-010416,20,group_a,52592.01,0.6019,64.9,2,6946.05,3.3,0
sim-010417,20,group_a,48283.95,0.4813,21.5,2,7326.96,6.8,0
sim-010418,20,group_a,35263.41,0.3315,54.8,1,5826.04,3.1,0
sim-010419,20,group_b,27613.93,0.3314,115.6,0,7924.34,5.1,0
sim-010420,20,group_a,57179.76,0.3328,35.7,0,11696.06,2.2,0
sim-010421,20,group_a,38353.04,0.4587,71.0,3,7897.11,12.1,1
sim-010422,20,group_a,55218.09,0.4143,30.2,1,10974.0,4.3,0
sim-010423,20,group_a,51518.37,0.2724,48.4,0,13363.94,3.8,0
sim-010424,20,group_b,36391.27,0.3466,25.3,1,6648.52,3.2,0
sim-010425,20,group_a,68904.44,0.4303,81.6,1,3345.79,4.5,0
sim-010426,20,group_a,34214.45,0.2606,59.8,0,6483.4,2.8,0
sim-010427,20,group_b,72402.11,0.3585,39.2,1,4319.24,7.5,1
sim-010428,20,group_a,76492.11,0.2741,65.1,1,13483.43,1.9,0
sim-010429,20,group_b,68257.88,0.2084,72.6,1,7995.51,6.7,0
sim-010430,20,group_a,40707.37,0.4572,36.5,0,10739.1,8.8,0
sim-010431,20,group_b,127998.43,0.3938,41.5,1,10722.12,5.5,0
sim-010432,20,group_a,46806.37,0.2107,46.6,0,14019.32,6.9,0
sim-010433,20,group_a,48593.44,0.3349,22.3,2,12806.32,3.4,1
sim-010434,20,group_a,43509.48,0.1676,102.8,0,4618.94,9.6,0
sim-010435,20,group_b,27323.38,0.287,90.9,0,5229.61,2.9,0
sim-010436,20,group_a,75654.39,0.8486,36.9,3,7783.87,8.1,0
sim-010437,20,group_b,34530.23,0.4302,57.5,1,17282.23,12.0,0
sim-010438,20,group_b,64617.25,0.4225,13.4,0,3931.31,9.4,0
sim-010439,20,group_a,71468.52,0.5755,178.5,3,7962.51,6.2,1
sim-010440,20,group_a,56579.1,0.2499,48.4,1,11237.55,5.5,1
sim-010441,20,group_a,32839.03,0.302,63.5,0,6698.54,3.0,0
sim-010442,20,group_b,38053.45,0.4446,71.3,4,18815.48,5.4,1
sim-010443,20,group_b,14265.91,0.2594,71.1,2,5575.48,10.4,0
sim-010444,20,group_a,41818.06,0.0936,53.9,1,6618.05,1.8,1
sim-010445,20,group_a,61521.27,0.1634,61.0,1,10901.48,12.7,0
sim-010446,20,group_b,39745.34,0.4216,46.3,0,6734.29,10.0,0
sim-010447,20,group_a,34274.82,0.3189,30.3,1,10377.43,4.3,0
sim-010448,20,group_a,38752.34,0.2146,44.5,0,15755.28,6.2,0
sim-010449,20,group_a,73163.63,0.4735,92.2,0,6633.21,1.7,1
sim-010450,20,group_a,42923.14,0.4509,98.6,2,2313.0,5.8,0
sim-010451,20,group_b,95829.4,0.3346,92.5,1,15740.58,8.0,0
sim-010452,20,group_b,34554.46,0.3599,76.1,0,15531.75,10.4,0
sim-010453,20,group_a,48109.62,0.306,61.2,1,3178.45,12.0,0
sim-010454,20,group_a,36606.14,0.5306,38.6,2,7682.15,3.5,1
sim-010455,20,group_b,104954.72,0.218,36.2,1,8187.37,14.7,0
sim-010456,20,group_a,47357.3,0.4955,8.9,0,6503.42,8.2,0
sim-010457,20,group_a,107343.79,0.6428,70.3,1,9600.87,2.0,0
sim-010458,20,group_a,36810.8,0.4387,107.9,1,8208.48,7.4,1
sim-010459,20,group_b,83414.99,0.5836,93.9,2,7603.73,6.3,0
sim-010460,20,group_b,46145.81,0.1847,76.9,1,9175.94,5.5,0
sim-010461,20,group_b,62404.67,0.484,82.7,0,20334.53,0.9,1
sim-010462,20,group_a,26310.45,0.2476,16.7,1,5245.95,1.6,1
sim-010463,20,group_b,50834.67,0.3061,93.2,1,5437.86,3.4,1
sim-010464,20,group_a,28028.28,0.1227,57.0,3,12266.66,4.6,1
sim-010465,20,group_b,48921.9,0.1312,128.1,1,11789.72,8.2,0
sim-010466,20,group_a,23208.55,0.3221,73.2,1,4564.85,2.7,1
sim-010467,20,group_a,42213.07,0.5048,87.5,2,5569.6,5.4,0
sim-010468,20,group_a,69574.75,0.158,37.4,1,6349.03,6.8,1
sim-010469,20,group_a,55269.29,0.1716,66.8,1,5959.11,10.1,0
sim-010470,20,group_a,26153.57,0.2187,90.2,1,4648.28,10.0,0
sim-010471,20,group_a,19784.97,0.0912,80.5,1,16323.21,3.6,0
sim-010472,20,group_b,54106.89,0.2061,87.7,0,5574.44,10.1,0
sim-010473,20,group_b,85314.82,0.2373,162.2,3,9326.43,8.5,0
sim-010474,20,group_a,29294.14,0.1925,80.4,0,7992.74,6.5,0
sim-010475,20,group_a,105969.83,0.2389,79.7,2,8364.19,3.1,0
sim-010476,20,group_a,43794.91,0.1323,42.7,0,9553.08,8.6,0
sim-010477,20,group_a,19290.13,0.4757,121.6,2,5866.28,2.7,0
sim-010478,20,group_a,22798.05,0.0998,22.3,0,8314.71,3.3,0
sim-010479,20,group_b,60680.56,0.5546,21.7,1,2629.23,2.8,1
sim-010480,20,group_b,46370.49,0.1293,74.5,0,4221.64,5.0,0
sim-010481,20,group_a,81840.93,0.4396,51.7,2,8799.16,9.1,0
sim-010482,20,group_b,26550.07,0.3902,72.9,2,6936.3,10.4,0
sim-010483,20,group_b,46155.33,0.3277,115.1,1,4316.12,11.3,0
sim-010484,20,group_a,44039.39,0.4886,87.3,1,6539.54,5.8,1
sim-010485,20,group_b,41354.39,0.3464,59.0,0,12422.4,0.9,1
sim-010486,20,group_a,37395.47,0.3284,93.4,2,22637.23,16.6,1
sim-010487,20,group_a,37709.46,0.3219,86.8,3,3813.04,8.1,0
sim-010488,20,group_b,47256.77,0.2455,54.6,1,4451.8,5.2,0
sim-010489,20,group_b,49865.47,0.5803,47.0,0,20916.89,7.9,1
sim-010490,20,group_a,48829.04,0.307,124.9,2,7392.15,2.3,0
sim-010491,20,group_a,72876.01,0.4611,33.9,2,10975.53,0.6,1
sim-010492,20,group_b,26514.92,0.429,167.4,0,8967.46,6.1,1
sim-010493,20,group_a,20518.72,0.2423,83.0,1,9737.26,14.2,0
sim-010494,20,group_b,67314.12,0.2976,15.1,1,4924.13,4.4,0
sim-010495,20,group_b,29546.47,0.6694,45.7,3,8216.29,5.1,0
sim-010496,20,group_a,37444.69,0.3381,65.3,2,7061.81,23.1,0
sim-010497,20,group_b,33959.3,0.1898,66.4,1,12096.43,10.8,0
sim-010498,20,group_b,33655.27,0.4598,102.0,3,17621.65,12.8,0
sim-010499,20,group_b,23802.1,0.5963,38.5,3,5970.99,7.5,1
sim-010500,21,group_a,34989.33,0.423,82.3,0,9645.83,16.2,0
sim-010501,21,group_a,58379.44,0.3598,52.4,0,8556.17,6.1,0
sim-010502,21,group_a,44371.33,0.4001,59.6,3,9950.82,1.2,1
sim-010503,21,group_b,54934.29,0.517,108.7,0,9728.11,4.1,1
sim-010504,21,group_b,36085.47,0.3335,32.6,3,12883.16,4.3,1
sim-010505,21,group_b,64938.46,0.0518,32.2,0,6095.21,6.4,0
sim-010506,21,group_b,35899.84,0.52,28.4,3,3456.57,7.0,0
sim-010507,21,group_a,18332.05,0.3714,136.6,1,5695.15,5.2,0
sim-010508,21,group_a,50765.99,0.2926,67.6,0,6305.3,2.5,0
sim-010509,21,group_b,61347.0,0.3976,63.2,0,14570.36,5.9,0
sim-010510,21,group_a,35140.85,0.2629,69.7,0,11964.96,6.1,0
sim-010511,21,group_b,73546.02,0.2344,121.1,1,18840.62,2.4,0
sim-010512,21,group_a,31092.11,0.4298,45.2,0,7998.44,2.7,0
sim-010513,21,group_a,58906.41,0.3427,50.7,0,12764.66,2.7,0
sim-010514,21,group_b,92485.38,0.2734,53.7,0,8235.59,2.8,0
sim-010515,21,group_a,45135.62,0.2747,112.2,1,5157.02,8.2,1
sim-010516,21,group_a,40411.8,0.1642,29.7,0,4972.75,8.7,0
sim-010517,21,group_b,42515.24,0.3638,46.5,1,1733.53,6.7,0
sim-010518,21,group_b,88069.72,0.3871,66.5,1,10299.57,4.3,1
sim-010519,21,group_b,52636.69,0.2955,76.8,0,17441.56,4.8,0
sim-010520,21,group_b,109378.01,0.1338,58.6,1,11439.23,4.3,0
sim-010521,21,group_b,49975.37,0.4852,116.9,1,9655.33,10.7,1
sim-010522,21,group_a,33772.61,0.1583,71.7,0,13960.92,3.6,0
sim-010523,21,group_a,34784.5,0.5327,90.4,2,5031.53,2.7,0
sim-010524,21,group_b,45609.67,0.4791,49.3,1,8610.05,2.9,1
sim-010525,21,group_a,18857.09,0.6062,43.2,5,7109.82,10.5,1
sim-010526,21,group_b,36406.56,0.3533,74.8,2,10670.35,3.9,1
sim-010527,21,group_b,36747.48,0.6039,59.5,0,6444.89,8.0,1
sim-010528,21,group_a,49153.91,0.6714,100.1,0,19844.12,8.4,0
sim-010529,21,group_a,100464.9,0.3877,148.2,3,16711.45,8.6,0
sim-010530,21,group_b,45479.77,0.2422,75.3,1,3774.3,2.8,1
sim-010531,21,group_a,19820.72,0.5262,46.1,1,23399.55,8.3,1
sim-010532,21,group_a,30277.46,0.4043,116.2,1,9093.29,9.1,1
sim-010533,21,group_b,49620.58,0.0953,50.6,0,8633.24,9.2,0
sim-010534,21,group_a,46214.91,0.4292,193.4,2,10995.25,10.6,1
sim-010535,21,group_a,87927.8,0.3356,27.9,1,12558.41,9.6,0
sim-010536,21,group_b,66518.31,0.7277,74.8,4,4148.06,2.5,1
sim-010537,21,group_b,65686.49,0.4437,72.7,2,12832.55,7.3,0
sim-010538,21,group_a,40570.81,0.2836,43.1,2,6759.0,3.2,0
sim-010539,21,group_b,70518.53,0.4222,103.4,0,24164.94,2.5,0
sim-010540,21,group_b,30507.03,0.084,130.8,1,2710.94,11.7,0
sim-010541,21,group_a,66748.27,0.2479,77.4,1,7170.24,14.7,0
sim-010542,21,group_a,39473.47,0.5516,52.0,0,5722.02,5.6,0
sim-010543,21,group_b,24193.58,0.3282,49.8,0,8966.53,10.1,0
sim-010544,21,group_a,57020.12,0.1954,32.5,0,7197.5,4.7,0
sim-010545,21,group_b,79934.94,0.8996,132.3,1,6391.53,1.3,0
sim-010546,21,group_b,37467.43,0.2875,45.2,3,3476.44,6.9,0
sim-010547,21,group_a,85678.73,0.2653,31.8,0,6522.8,6.3,0
sim-010548,21,group_a,22170.21,0.1652,56.6,0,11914.14,2.7,1
sim-010549,21,group_a,26885.62,0.253,27.1,1,9862.19,2.4,0
sim-010550,21,group_b,41788.44,0.5942,113.8,0,7488.3,2.6,1
sim-010551,21,group_a,38035.65,0.155,71.8,2,5749.55,2.9,0
sim-010552,21,group_b,33583.96,0.6115,61.8,1,5651.65,5.6,1
sim-010553,21,group_a,47011.36,0.4625,25.3,0,5020.05,3.6,1
sim-010554,21,group_b,35596.12,0.326,17.9,2,6388.0,5.8,0
sim-010555,21,group_b,38224.45,0.2503,81.5,1,9533.73,7.2,0
sim-010556,21,group_a,49958.03,0.2086,75.0,0,9137.1,1.4,0
sim-010557,21,group_a,33578.27,0.873,82.5,4,5752.43,1.4,1
sim-010558,21,group_b,42509.05,0.1497,40.7,3,4173.53,4.5,0
sim-010559,21,group_b,33889.94,0.2745,29.5,2,17166.29,7.9,0
sim-010560,21,group_a,26786.13,0.4931,97.8,2,6429.65,11.6,0
sim-010561,21,group_a,61252.19,0.4226,51.0,1,5079.21,10.4,1
sim-010562,21,group_b,91059.98,0.5195,29.8,3,8758.91,7.0,1
sim-010563,21,group_a,69502.66,0.3587,81.3,3,6655.24,6.0,0
sim-010564,21,group_b,51088.81,0.2402,55.1,2,14821.22,1.4,0
sim-010565,21,group_a,33947.08,0.337,82.4,0,5595.07,11.5,0
sim-010566,21,group_a,39398.94,0.2597,116.0,2,4619.33,3.8,0
sim-010567,21,group_b,69282.59,0.4404,38.1,1,7902.81,9.3,0
sim-010568,21,group_a,17047.78,0.2117,116.6,2,7513.96,12.2,0
sim-010569,21,group_b,38155.71,0.5819,66.5,1,5938.53,1.6,0
sim-010570,21,group_a,60495.77,0.2453,42.2,1,6474.45,8.3,1
sim-010571,21,group_a,27554.53,0.3833,69.8,4,10527.95,10.8,1
sim-010572,21,group_a,53094.21,0.1634,78.9,2,14594.77,2.8,0
sim-010573,21,group_a,52069.54,0.7656,80.0,0,4332.43,3.0,1
sim-010574,21,group_b,24129.26,0.1012,142.4,0,7109.09,1.5,0
sim-010575,21,group_b,46098.27,0.3165,33.0,2,11161.2,4.7,1
sim-010576,21,group_b,34292.19,0.3186,85.7,1,13066.8,16.3,1
sim-010577,21,group_a,52931.9,0.6605,45.8,0,15003.37,8.6,0
sim-010578,21,group_a,58883.21,0.381,98.1,3,4110.65,1.6,0
sim-010579,21,group_a,52551.79,0.2186,140.2,1,7183.25,10.5,0
sim-010580,21,group_b,45820.59,0.3466,57.1,2,9743.26,1.5,0
sim-010581,21,group_a,50177.7,0.2752,75.5,1,4677.99,4.1,0
sim-010582,21,group_a,27120.7,0.5601,154.7,0,8202.42,1.2,0
sim-010583,21,group_a,43874.31,0.2589,49.1,2,3464.12,1.3,1
sim-010584,21,group_a,31808.12,0.3435,128.4,1,4877.75,6.1,0
sim-010585,21,group_b,68545.04,0.0988,97.5,1,3433.18,3.2,0
sim-010586,21,group_b,59216.77,0.5185,113.3,2,5574.97,1.1,0
sim-010587,21,group_b,59146.26,0.0909,46.4,1,2045.9,6.8,0
sim-010588,21,group_a,91278.13,0.106,51.7,0,11888.3,6.4,0
sim-010589,21,group_a,38692.83,0.1741,85.6,1,8984.86,2.6,0
sim-010590,21,group_a,35292.19,0.1126,79.4,2,7475.05,7.0,1
sim-010591,21,group_b,38310.79,0.3496,87.2,1,4730.63,4.5,0
sim-010592,21,group_b,22675.96,0.2632,37.0,1,2771.0,6.1,0
sim-010593,21,group_a,23437.56,0.2055,53.6,0,9577.03,11.6,0
sim-010594,21,group_b,57691.39,0.3478,46.8,1,4819.13,11.5,0
sim-010595,21,group_a,24736.65,0.3967,51.0,2,7205.63,2.8,0
sim-010596,21,group_a,28297.73,0.3013,102.6,0,11602.89,2.1,1
sim-010597,21,group_a,42585.86,0.321,91.1,2,3280.4,7.0,0
sim-010598,21,group_a,37379.0,0.3796,57.4,1,8431.51,1.4,0
sim-010599,21,group_b,64471.21,0.215,42.1,1,7966.27,1.8,0
sim-010600,21,group_b,45587.72,0.0933,110.0,1,46929.27,6.0,1
sim-010601,21,group_b,31781.61,0.2255,21.2,1,6098.47,0.7,1
sim-010602,21,group_b,66841.93,0.3031,191.0,4,2790.55,4.3,0
sim-010603,21,group_b,60360.63,0.228,31.1,0,5772.95,4.1,0
sim-010604,21,group_a,24572.59,0.3212,78.0,1,3394.5,0.2,0
sim-010605,21,group_a,49412.17,0.1674,173.8,1,15997.18,0.7,0
sim-010606,21,group_a,32914.47,0.2074,95.6,2,17788.25,9.6,0
sim-010607,21,group_b,32552.07,0.2841,81.6,1,7066.95,6.6,1
sim-010608,21,group_b,97459.89,0.6849,28.7,2,10465.58,5.4,0
sim-010609,21,group_b,46826.0,0.0828,149.5,0,8863.76,3.3,0
sim-010610,21,group_a,40563.9,0.2609,43.8,2,7356.81,6.5,0
sim-010611,21,group_a,46059.05,0.2242,117.8,0,4231.15,5.1,0
sim-010612,21,group_b,64162.93,0.3222,34.9,0,11080.01,3.9,0
sim-010613,21,group_a,33101.24,0.2433,81.6,2,8778.96,5.6,0
sim-010614,21,group_b,35562.36,0.5625,21.1,1,27562.67,3.4,1
sim-010615,21,group_a,58559.7,0.541,56.3,2,7803.56,5.7,0
sim-010616,21,group_a,23508.48,0.6442,57.0,0,10140.73,3.2,1
sim-010617,21,group_b,67381.39,0.4031,68.0,1,8892.92,3.8,0
sim-010618,21,group_b,22647.95,0.2242,47.4,2,6272.42,2.0,0
sim-010619,21,group_b,40085.82,0.2905,78.1,2,8806.9,3.2,0
sim-010620,21,group_a,22708.4,0.3616,17.7,0,7335.94,2.2,1
sim-010621,21,group_a,28520.38,0.5894,51.5,1,4347.26,8.4,0
sim-010622,21,group_b,76651.16,0.3592,41.3,1,13669.32,6.4,1
sim-010623,21,group_a,68917.97,0.1862,62.3,1,6066.12,12.8,0
sim-010624,21,group_a,72081.69,0.1653,124.3,0,12181.33,9.6,0
sim-010625,21,group_b,24183.48,0.3538,27.4,1,8117.02,1.7,0
sim-010626,21,group_a,28582.69,0.2581,73.7,0,9690.63,4.2,0
sim-010627,21,group_a,51264.13,0.2094,37.4,0,8763.48,8.8,0
sim-010628,21,group_b,60020.01,0.4527,84.3,0,16416.25,2.8,0
sim-010629,21,group_b,31767.67,0.1487,79.6,1,15452.83,3.9,0
sim-010630,21,group_a,34851.55,0.4572,99.0,1,8339.45,5.2,0
sim-010631,21,group_a,27634.88,0.2687,90.1,0,12866.6,3.5,1
sim-010632,21,group_b,89184.54,0.3724,50.8,0,8521.37,2.9,0
sim-010633,21,group_b,36407.08,0.5467,21.9,3,9547.46,7.8,1
sim-010634,21,group_b,45032.64,0.1935,100.4,1,21744.47,14.8,1
sim-010635,21,group_a,46033.78,0.4608,149.3,2,7327.67,3.8,1
sim-010636,21,group_b,70711.29,0.3301,37.8,3,13535.68,6.3,0
sim-010637,21,group_b,29791.07,0.335,86.7,1,10435.95,4.8,0
sim-010638,21,group_a,72596.32,0.1684,31.5,1,7850.95,1.9,0
sim-010639,21,group_a,25976.23,0.4155,74.3,3,9134.93,2.0,1
sim-010640,21,group_b,72518.9,0.3982,143.7,3,9151.15,4.7,0
sim-010641,21,group_b,21624.33,0.2106,86.6,1,9228.47,7.1,0
sim-010642,21,group_b,42535.17,0.4458,35.9,2,9808.92,4.1,1
sim-010643,21,group_b,87964.06,0.3784,39.2,2,8812.87,2.5,0
sim-010644,21,group_b,59566.44,0.2548,102.4,0,9637.06,6.8,0
sim-010645,21,group_a,53046.37,0.4586,58.3,3,13346.96,3.4,0
sim-010646,21,group_a,28614.41,0.2279,78.7,1,13605.99,6.3,1
sim-010647,21,group_b,32642.93,0.4697,39.4,3,11139.74,4.9,0
sim-010648,21,group_a,78170.39,0.1223,62.7,1,19286.71,14.3,0
sim-010649,21,group_a,54197.09,0.3095,130.4,1,6947.9,11.7,0
sim-010650,21,group_b,64595.8,0.2305,97.3,1,4694.23,9.7,0
sim-010651,21,group_a,45843.72,0.2178,76.1,1,8517.34,12.0,0
sim-010652,21,group_b,39484.87,0.1868,85.0,0,5816.52,5.1,0
sim-010653,21,group_a,61328.37,0.1172,123.1,0,15585.1,7.3,0
sim-010654,21,group_a,49559.45,0.1692,91.2,2,2117.48,1.9,0
sim-010655,21,group_a,41382.64,0.1643,93.5,0,6250.11,5.2,1
sim-010656,21,group_b,24541.41,0.3185,24.0,2,3251.5,12.7,0
sim-010657,21,group_b,66346.18,0.0915,102.2,0,8917.45,8.9,0
sim-010658,21,group_a,53466.53,0.7323,52.9,1,4583.07,5.6,1
sim-010659,21,group_a,34453.64,0.165,74.8,1,8317.54,9.8,0
sim-010660,21,group_a,72932.25,0.4971,53.8,0,17597.15,1.6,0
sim-010661,21,group_b,49237.03,0.0688,61.8,0,7710.86,13.3,1
sim-010662,21,group_b,49643.74,0.1473,119.8,0,13740.74,5.0,0
sim-010663,21,group_b,64423.65,0.3788,114.4,1,13926.36,1.1,0
sim-010664,21,group_a,58856.45,0.5314,45.0,1,12709.18,4.0,0
sim-010665,21,group_b,50279.03,0.4505,41.7,1,3444.25,6.3,0
sim-010666,21,group_a,41060.19,0.5381,53.5,1,16599.51,1.7,0
sim-010667,21,group_a,102246.2,0.1843,75.8,0,7015.17,3.8,0
sim-010668,21,group_a,32656.65,0.3902,40.2,1,10981.86,10.2,0
sim-010669,21,group_a,60797.76,0.5144,46.0,4,8877.57,4.9,1
sim-010670,21,group_a,42906.52,0.4496,59.8,0,5461.04,7.1,0
sim-010671,21,group_b,53797.36,0.5406,50.0,0,5084.35,2.6,1
sim-010672,21,group_a,74610.59,0.2399,83.1,1,25557.98,2.9,0
sim-010673,21,group_b,38992.99,0.1796,76.7,0,4794.5,2.4,0
sim-010674,21,group_b,57226.44,0.2145,62.5,1,8230.3,12.1,0
sim-010675,21,group_a,49688.76,0.361,56.8,2,20734.29,7.3,0
sim-010676,21,group_a,33950.31,0.1978,29.0,0,6243.64,1.0,1
sim-010677,21,group_b,75387.86,0.2151,40.2,1,17083.1,2.3,1
sim-010678,21,group_a,59916.0,0.176,30.8,2,10901.52,10.7,0
sim-010679,21,group_a,37030.2,0.2238,89.4,1,16720.68,6.9,0
sim-010680,21,group_a,70651.13,0.4865,74.6,2,19906.71,6.8,1
sim-010681,21,group_b,31344.8,0.1958,19.8,2,8192.93,3.6,1
sim-010682,21,group_b,43907.82,0.4207,128.7,0,2658.43,4.1,1
sim-010683,21,group_b,37113.13,0.1944,43.2,5,2966.17,4.5,0
sim-010684,21,group_b,60934.27,0.4678,16.4,0,8777.87,3.8,0
sim-010685,21,group_a,36334.86,0.2937,84.4,0,5776.15,7.2,0
sim-010686,21,group_b,61118.07,0.3289,28.6,0,6937.81,2.7,0
sim-010687,21,group_b,57049.42,0.7839,46.8,2,12602.83,14.6,1
sim-010688,21,group_a,37964.07,0.5949,44.5,1,3546.29,13.7,0
sim-010689,21,group_b,95844.41,0.2969,80.2,2,6760.01,8.5,0
sim-010690,21,group_b,32500.2,0.0942,118.6,0,3264.97,10.1,1
sim-010691,21,group_a,24592.93,0.2217,58.0,1,3264.67,14.2,0
sim-010692,21,group_a,63675.91,0.3774,46.0,1,12634.77,6.7,0
sim-010693,21,group_a,18020.2,0.7117,34.9,4,9697.45,3.0,1
sim-010694,21,group_b,83163.44,0.359,85.4,1,3407.13,7.7,0
sim-010695,21,group_a,46385.24,0.4033,42.0,1,10787.83,6.2,0
sim-010696,21,group_a,24408.0,0.2561,68.6,2,2010.27,5.5,1
sim-010697,21,group_b,29841.19,0.5189,82.1,0,5584.08,5.2,1
sim-010698,21,group_b,22374.62,0.7077,142.4,1,15270.35,1.1,0
sim-010699,21,group_b,52198.59,0.4429,140.3,2,4234.31,6.8,1
sim-010700,21,group_b,25455.73,0.089,43.0,1,9499.36,14.6,0
sim-010701,21,group_a,54878.53,0.2471,116.7,1,10635.6,3.7,0
sim-010702,21,group_a,39103.76,0.3159,114.3,2,5954.14,1.4,0
sim-010703,21,group_b,36400.84,0.2428,56.2,1,6335.94,2.8,0
sim-010704,21,group_a,55046.05,0.3941,105.1,1,4872.86,3.1,0
sim-010705,21,group_a,57749.78,0.1465,73.9,0,12582.24,5.2,0
sim-010706,21,group_b,71914.79,0.5204,83.2,0,5559.91,3.7,0
sim-010707,21,group_a,34057.76,0.3515,143.8,2,5722.74,6.1,0
sim-010708,21,group_b,43891.68,0.2727,48.4,1,4913.89,6.2,1
sim-010709,21,group_b,34035.61,0.5866,68.1,3,30169.95,8.1,0
sim-010710,21,group_b,47593.66,0.4326,157.0,0,18306.35,8.5,0
sim-010711,21,group_a,32052.11,0.1483,121.9,0,10033.89,4.5,0
sim-010712,21,group_a,37193.13,0.154,92.7,1,9101.78,13.0,0
sim-010713,21,group_a,37272.82,0.512,74.9,0,16562.94,0.5,1
sim-010714,21,group_b,50272.4,0.4371,110.2,2,5618.72,9.0,1
sim-010715,21,group_a,44499.85,0.1849,71.3,3,4851.67,10.1,0
sim-010716,21,group_a,54975.71,0.4244,309.2,0,14524.66,3.1,0
sim-010717,21,group_b,42491.59,0.6437,132.7,1,21223.95,5.7,0
sim-010718,21,group_a,34839.39,0.1486,36.6,0,5896.05,6.6,0
sim-010719,21,group_a,48162.64,0.3258,69.0,2,9647.75,3.0,0
sim-010720,21,group_a,30235.82,0.4778,35.0,0,11000.1,8.7,1
sim-010721,21,group_a,56446.37,0.3148,33.6,1,8906.01,5.2,0
sim-010722,21,group_a,39423.0,0.3504,42.4,2,10230.94,4.1,0
sim-010723,21,group_a,48431.13,0.4221,58.4,0,7623.3,9.4,0
sim-010724,21,group_b,48747.54,0.1634,149.3,0,2234.41,4.1,0
sim-010725,21,group_b,87085.8,0.2757,20.4,2,7766.73,5.5,0
sim-010726,21,group_b,52170.12,0.7547,56.6,3,12028.65,7.4,0
sim-010727,21,group_b,45832.65,0.1043,63.9,1,10526.95,3.1,0
sim-010728,21,group_b,33229.86,0.3714,60.8,2,6507.99,2.9,1
sim-010729,21,group_b,62255.48,0.3649,58.6,0,13525.24,2.0,0
sim-010730,21,group_a,39676.47,0.2947,47.1,1,8190.04,3.7,1
sim-010731,21,group_a,23418.89,0.2468,50.3,1,9935.55,2.5,0
sim-010732,21,group_b,40948.19,0.1774,37.3,2,6010.63,6.7,0
sim-010733,21,group_b,48166.82,0.5241,32.8,1,6667.61,3.5,0
sim-010734,21,group_a,31515.27,0.2537,80.1,2,9295.27,5.6,1
sim-010735,21,group_a,42292.47,0.0768,45.9,0,8332.02,9.4,0
sim-010736,21,group_a,43130.13,0.3097,40.7,4,6930.63,7.5,0
sim-010737,21,group_a,43413.19,0.5921,63.5,0,6351.67,7.2,0
sim-010738,21,group_b,74648.79,0.3338,84.7,1,2555.41,31.7,1
sim-010739,21,group_a,25620.44,0.1937,64.2,0,4385.39,2.5,0
sim-010740,21,group_b,104422.14,0.2306,58.2,1,7592.5,5.0,0
sim-010741,21,group_b,43835.93,0.2785,87.3,0,7597.85,2.8,0
sim-010742,21,group_a,56709.03,0.2623,102.0,0,9730.77,13.0,0
sim-010743,21,group_b,46896.17,0.2361,110.9,2,15254.08,8.6,0
sim-010744,21,group_b,21527.15,0.3282,91.1,0,6319.7,8.6,0
sim-010745,21,group_a,28516.48,0.3899,69.3,0,4362.75,4.9,0
sim-010746,21,group_a,35660.69,0.4857,40.3,1,16999.21,5.1,0
sim-010747,21,group_b,67464.87,0.2039,87.1,1,10109.13,5.0,0
sim-010748,21,group_a,24849.31,0.4167,82.8,1,6112.02,7.3,1
sim-010749,21,group_a,31026.29,0.1656,53.2,1,3354.46,3.1,0
sim-010750,21,group_a,47630.92,0.3502,160.2,0,26623.87,3.6,0
sim-010751,21,group_a,54208.86,0.2699,59.1,1,7188.53,3.6,0
sim-010752,21,group_b,53527.07,0.1999,78.1,1,9861.66,6.6,0
sim-010753,21,group_a,29399.06,0.074,61.8,0,5063.09,6.0,1
sim-010754,21,group_b,22716.43,0.2298,57.9,2,4698.79,4.5,0
sim-010755,21,group_a,55737.31,0.2031,42.4,3,15116.76,3.0,0
sim-010756,21,group_b,81138.44,0.5216,50.0,2,6422.37,3.9,0
sim-010757,21,group_a,38444.59,0.2043,87.2,2,6090.33,3.0,1
sim-010758,21,group_b,27480.49,0.573,21.2,1,8279.0,7.0,1
sim-010759,21,group_b,37102.89,0.4276,35.8,1,8249.4,3.7,0
sim-010760,21,group_a,52444.27,0.3785,41.7,2,13752.94,5.0,0
sim-010761,21,group_b,40298.92,0.2511,64.7,1,7619.91,8.1,0
sim-010762,21,group_a,80259.57,0.309,43.3,2,10940.86,1.8,1
sim-010763,21,group_b,65544.7,0.2298,72.6,0,5773.15,8.8,0
sim-010764,21,group_b,48022.36,0.484,79.9,1,5049.35,7.7,1
sim-010765,21,group_a,19558.87,0.3229,32.3,2,5082.38,9.9,1
sim-010766,21,group_a,33231.36,0.1521,38.8,0,5554.31,5.1,0
sim-010767,21,group_a,35306.79,0.3295,80.2,1,18587.02,9.2,0
sim-010768,21,group_b,32481.35,0.1629,41.7,2,6141.57,13.7,0
sim-010769,21,group_b,48153.3,0.6101,98.0,4,6132.05,5.7,0
sim-010770,21,group_a,48572.15,0.4162,131.6,2,11755.19,10.2,1
sim-010771,21,group_a,22002.0,0.1668,177.5,0,11527.55,11.1,0
sim-010772,21,group_a,62313.36,0.159,135.4,1,4684.07,3.9,0
sim-010773,21,group_b,44746.65,0.2565,54.7,0,7260.62,9.5,0
sim-010774,21,group_a,51648.14,0.2043,115.5,1,2326.07,8.0,0
sim-010775,21,group_a,60768.51,0.5389,59.9,2,10487.3,7.9,1
sim-010776,21,group_b,32204.86,0.117,95.3,1,11340.81,19.2,0
sim-010777,21,group_a,75413.41,0.2376,68.9,1,11159.5,7.9,0
sim-010778,21,group_b,41875.1,0.195,66.5,2,22156.4,8.4,0
sim-010779,21,group_a,83890.68,0.5148,83.7,1,10191.38,4.6,0
sim-010780,21,group_a,30532.54,0.4841,118.4,1,8474.34,5.8,1
sim-010781,21,group_b,81313.19,0.5785,61.2,2,8850.46,12.9,1
sim-010782,21,group_a,30403.92,0.4672,52.2,2,6020.94,6.7,1
sim-010783,21,group_a,129636.3,0.1913,102.9,0,22997.41,7.5,0
sim-010784,21,group_b,29798.99,0.1444,142.0,1,19830.37,12.1,0
sim-010785,21,group_b,69269.95,0.5407,46.8,1,6143.39,10.8,0
sim-010786,21,group_b,38169.59,0.2819,30.0,1,4546.35,6.3,0
sim-010787,21,group_a,60012.57,0.4697,41.3,2,8388.12,5.4,0
sim-010788,21,group_a,43694.59,0.5105,70.5,2,7925.42,3.0,0
sim-010789,21,group_a,28104.45,0.2554,139.4,1,8389.14,12.1,0
sim-010790,21,group_b,13729.9,0.2949,96.8,0,8969.7,8.9,0
sim-010791,21,group_b,127412.48,0.3292,52.7,5,3418.89,5.2,0
sim-010792,21,group_a,45828.9,0.2864,80.5,0,7205.93,6.0,0
sim-010793,21,group_b,12909.48,0.1125,30.1,1,8687.8,3.4,0
sim-010794,21,group_a,50468.04,0.3361,136.6,3,4868.1,10.2,1
sim-010795,21,group_a,59374.87,0.1925,77.7,0,15026.31,10.0,0
sim-010796,21,group_a,32914.42,0.3496,37.7,0,6051.86,9.8,0
sim-010797,21,group_a,33007.53,0.3218,33.4,3,7111.53,2.6,0
sim-010798,21,group_b,44075.81,0.3391,141.7,1,19129.78,3.6,0
sim-010799,21,group_b,73650.75,0.2033,110.9,0,3553.85,14.6,1
sim-010800,21,group_a,46350.31,0.6915,61.3,2,7722.49,2.5,1
sim-010801,21,group_a,82170.75,0.2924,47.5,0,4880.97,8.3,1
sim-010802,21,group_b,71475.65,0.4294,70.0,1,9766.55,4.9,0
sim-010803,21,group_a,40372.75,0.3367,73.7,0,10191.69,10.0,1
sim-010804,21,group_a,22980.01,0.3138,68.8,1,8280.76,7.7,0
sim-010805,21,group_b,40408.61,0.3993,26.9,3,5106.37,6.7,1
sim-010806,21,group_a,55443.66,0.6084,133.6,1,5124.23,3.0,0
sim-010807,21,group_a,45576.85,0.1002,52.1,1,6067.8,1.2,0
sim-010808,21,group_a,58015.09,0.2824,35.6,2,4919.78,7.9,0
sim-010809,21,group_b,63872.0,0.072,44.7,4,10199.24,4.6,1
sim-010810,21,group_a,55545.66,0.332,88.2,0,6111.47,4.6,0
sim-010811,21,group_b,39591.19,0.5814,52.7,0,8716.95,2.2,1
sim-010812,21,group_a,55290.21,0.2899,49.8,3,6153.37,3.5,1
sim-010813,21,group_b,113652.79,0.3341,54.1,1,15026.7,1.0,0
sim-010814,21,group_a,23771.69,0.4712,68.3,0,13187.92,13.9,0
sim-010815,21,group_a,54538.42,0.5418,59.3,0,7780.13,7.7,0
sim-010816,21,group_b,95936.46,0.2857,96.2,1,10257.85,1.6,1
sim-010817,21,group_b,27137.51,0.3931,146.0,0,13207.38,3.9,1
sim-010818,21,group_a,67674.32,0.2664,59.1,1,8077.67,2.2,0
sim-010819,21,group_a,71580.73,0.1917,69.5,1,5618.78,9.3,0
sim-010820,21,group_b,23902.17,0.1399,127.1,0,11249.48,4.4,0
sim-010821,21,group_a,59945.55,0.6184,50.0,2,7578.44,4.5,1
sim-010822,21,group_a,39657.97,0.4499,105.9,3,3579.33,7.3,0
sim-010823,21,group_a,43330.53,0.5194,86.4,3,6534.1,2.6,1
sim-010824,21,group_a,38774.54,0.2809,54.2,1,14637.73,5.3,0
sim-010825,21,group_b,77136.31,0.5077,26.3,3,8698.39,7.5,0
sim-010826,21,group_b,42400.23,0.2032,91.1,0,3372.44,13.1,0
sim-010827,21,group_a,36585.54,0.5046,64.7,3,5805.24,7.2,0
sim-010828,21,group_b,36846.73,0.2499,31.8,0,6539.57,4.2,0
sim-010829,21,group_a,38514.27,0.3052,39.7,0,4776.94,6.8,0
sim-010830,21,group_b,28242.84,0.112,59.4,0,4024.82,3.8,1
sim-010831,21,group_a,36450.25,0.5336,83.7,2,2947.08,5.5,0
sim-010832,21,group_a,46696.35,0.3198,22.4,0,7536.37,14.0,0
sim-010833,21,group_b,52672.05,0.1669,46.8,0,9680.4,6.2,0
sim-010834,21,group_a,73695.45,0.419,49.7,0,2632.0,16.2,0
sim-010835,21,group_a,49178.47,0.2232,122.5,2,21605.79,2.8,0
sim-010836,21,group_a,36414.51,0.212,93.5,0,4733.5,5.8,0
sim-010837,21,group_b,29067.13,0.5266,34.7,1,9620.78,3.3,0
sim-010838,21,group_a,50296.18,0.176,196.7,1,10330.18,1.5,0
sim-010839,21,group_b,42306.85,0.2654,62.5,1,3965.96,2.4,1
sim-010840,21,group_b,42898.27,0.2404,43.2,0,7107.58,5.4,1
sim-010841,21,group_b,49625.61,0.1524,90.9,0,13110.65,11.9,0
sim-010842,21,group_a,55278.73,0.1726,84.0,1,4589.85,5.6,0
sim-010843,21,group_b,49776.03,0.4109,100.5,1,15628.29,5.8,1
sim-010844,21,group_a,41372.94,0.1726,105.8,2,2128.07,4.9,0
sim-010845,21,group_b,31742.75,0.2918,94.3,1,7991.92,5.4,0
sim-010846,21,group_b,34359.38,0.3217,80.6,1,10620.84,2.5,1
sim-010847,21,group_a,63466.6,0.3908,40.5,1,6286.8,0.6,0
sim-010848,21,group_b,37201.11,0.3922,82.9,0,12129.48,5.8,0
sim-010849,21,group_a,25252.04,0.3366,87.7,1,5957.35,12.4,0
sim-010850,21,group_a,72331.96,0.4549,45.3,2,8364.68,10.7,0
sim-010851,21,group_a,29917.56,0.3271,47.0,1,12416.92,13.9,1
sim-010852,21,group_b,45107.5,0.1924,39.9,2,4241.18,2.8,0
sim-010853,21,group_b,54627.27,0.3149,120.2,2,10221.38,8.1,0
sim-010854,21,group_b,44504.77,0.3362,158.6,1,6112.47,16.2,0
sim-010855,21,group_a,15696.33,0.2744,103.9,1,11198.18,7.6,0
sim-010856,21,group_b,52365.59,0.4472,61.8,2,5166.59,4.7,0
sim-010857,21,group_b,77583.85,0.405,105.9,0,13177.82,2.7,0
sim-010858,21,group_b,61842.34,0.1866,103.1,1,1467.45,14.0,0
sim-010859,21,group_a,18213.58,0.086,45.8,1,4786.7,6.5,0
sim-010860,21,group_a,108601.73,0.5168,34.6,4,21975.9,1.1,0
sim-010861,21,group_b,25467.09,0.393,28.4,2,10632.45,3.2,0
sim-010862,21,group_a,28256.08,0.2077,42.1,0,4881.29,1.2,0
sim-010863,21,group_a,61721.56,0.5921,69.1,2,4666.95,5.8,0
sim-010864,21,group_a,53755.08,0.3997,97.3,3,6229.62,3.5,0
sim-010865,21,group_a,45969.84,0.3215,66.8,0,7449.61,2.5,0
sim-010866,21,group_a,34991.11,0.2311,101.4,1,7150.58,1.5,0
sim-010867,21,group_a,77727.14,0.3637,49.0,1,14656.25,0.6,1
sim-010868,21,group_b,43716.6,0.5852,82.9,1,23022.65,3.8,1
sim-010869,21,group_b,23025.48,0.493,80.4,0,7499.85,6.8,0
sim-010870,21,group_a,74575.4,0.3326,170.0,2,9399.51,4.7,0
sim-010871,21,group_a,48732.42,0.2614,38.1,3,6823.14,1.1,1
sim-010872,21,group_b,70990.6,0.2583,169.9,1,4936.01,4.7,0
sim-010873,21,group_a,56526.82,0.2804,152.2,0,11466.95,8.6,0
sim-010874,21,group_b,121355.75,0.7488,38.9,1,8375.25,3.5,1
sim-010875,21,group_a,39019.33,0.268,68.6,2,14998.89,5.3,0
sim-010876,21,group_a,44746.08,0.2301,126.5,0,5662.92,6.6,0
sim-010877,21,group_a,60133.89,0.4987,23.9,1,7950.77,1.3,0
sim-010878,21,group_a,39120.71,0.348,42.4,1,3886.95,6.3,1
sim-010879,21,group_b,62262.08,0.5121,12.0,2,8062.9,6.5,0
sim-010880,21,group_a,12888.45,0.5341,99.5,0,9429.18,1.1,0
sim-010881,21,group_b,43106.58,0.1898,21.7,0,5865.17,9.1,0
sim-010882,21,group_b,42563.11,0.247,59.3,0,8458.39,4.3,0
sim-010883,21,group_b,41920.47,0.085,82.4,1,9381.92,7.5,1
sim-010884,21,group_b,30751.4,0.1425,32.6,1,3273.6,9.4,0
sim-010885,21,group_a,65027.89,0.1726,157.8,0,4240.95,4.0,0
sim-010886,21,group_a,35958.95,0.1885,91.3,1,7591.87,4.4,1
sim-010887,21,group_b,48344.86,0.2804,102.9,0,6156.61,7.1,0
sim-010888,21,group_a,43756.32,0.46,66.8,0,13571.5,3.6,0
sim-010889,21,group_a,54838.78,0.3492,73.2,3,9984.9,5.9,1
sim-010890,21,group_a,81064.75,0.3087,50.4,1,8787.0,3.5,0
sim-010891,21,group_a,48239.99,0.393,54.1,1,11153.37,4.0,0
sim-010892,21,group_b,63283.93,0.2419,48.6,2,11398.65,10.0,0
sim-010893,21,group_a,47232.88,0.2821,35.5,0,5789.36,1.6,0
sim-010894,21,group_b,35935.34,0.6318,52.3,4,10776.34,10.7,1
sim-010895,21,group_b,41879.25,0.4102,27.2,1,19243.21,4.6,0
sim-010896,21,group_a,39454.85,0.2776,170.5,2,11904.82,4.6,1
sim-010897,21,group_b,56422.77,0.2616,49.2,2,6851.62,1.1,0
sim-010898,21,group_a,46480.77,0.2826,45.0,1,3067.23,10.8,0
sim-010899,21,group_a,31837.78,0.2159,58.8,0,4023.82,11.0,0
sim-010900,21,group_a,40488.6,0.5026,78.8,1,8734.47,0.8,0
sim-010901,21,group_a,23414.6,0.1344,40.6,1,5195.25,18.8,0
sim-010902,21,group_a,41128.91,0.1504,79.3,0,4346.44,1.2,1
sim-010903,21,group_a,44469.04,0.3167,36.8,0,12050.25,7.7,1
sim-010904,21,group_a,94992.03,0.3032,34.3,4,14425.18,2.4,0
sim-010905,21,group_a,78303.68,0.3684,102.0,0,4754.09,7.2,1
sim-010906,21,group_b,28787.27,0.2411,48.7,0,17410.9,4.9,0
sim-010907,21,group_a,48375.23,0.3159,51.4,1,6031.01,4.0,1
sim-010908,21,group_b,48732.93,0.1621,22.3,0,8904.24,5.4,0
sim-010909,21,group_b,40344.74,0.2013,78.7,0,3396.18,4.8,0
sim-010910,21,group_b,41439.54,0.1625,52.9,0,12416.53,6.2,0
sim-010911,21,group_b,38305.21,0.1177,101.8,2,3638.42,9.1,1
sim-010912,21,group_b,97590.71,0.5236,102.4,1,3752.38,5.9,1
sim-010913,21,group_b,37316.94,0.3558,67.5,1,8828.84,16.2,0
sim-010914,21,group_b,51287.05,0.2682,63.7,0,3633.36,2.2,0
sim-010915,21,group_b,15364.38,0.3957,48.9,1,7456.76,6.7,1
sim-010916,21,group_a,62811.83,0.3533,175.7,2,4057.55,3.8,0
sim-010917,21,group_b,73085.63,0.1309,47.3,0,13060.3,9.7,0
sim-010918,21,group_b,28571.0,0.5432,118.3,3,12115.38,7.9,1
sim-010919,21,group_a,35846.73,0.3702,68.4,0,5289.49,3.4,0
sim-010920,21,group_a,53724.88,0.1989,19.7,1,11308.58,5.9,0
sim-010921,21,group_b,44809.41,0.2056,182.3,1,5493.29,2.0,1
sim-010922,21,group_b,54061.37,0.515,39.6,0,12084.07,9.6,0
sim-010923,21,group_a,39393.6,0.1046,48.4,1,8584.32,2.5,1
sim-010924,21,group_a,97204.42,0.2512,72.5,1,15138.45,6.4,0
sim-010925,21,group_a,33547.22,0.2256,101.8,1,5829.31,1.8,1
sim-010926,21,group_a,137648.88,0.557,78.1,0,7682.24,10.0,0
sim-010927,21,group_b,74877.45,0.3367,56.9,0,9921.48,6.6,1
sim-010928,21,group_b,63037.71,0.1915,58.4,2,17523.67,1.6,0
sim-010929,21,group_a,28709.96,0.5381,55.7,2,8375.66,3.4,0
sim-010930,21,group_a,65125.18,0.1344,67.6,0,4936.27,3.8,0
sim-010931,21,group_b,57276.98,0.5441,86.0,3,3370.16,6.7,0
sim-010932,21,group_b,18247.14,0.3398,108.4,3,6973.44,15.1,0
sim-010933,21,group_a,24638.56,0.458,71.7,1,7991.73,1.8,0
sim-010934,21,group_a,51647.84,0.2568,62.6,0,2791.19,4.4,1
sim-010935,21,group_a,42024.75,0.429,140.0,0,8168.91,2.6,1
sim-010936,21,group_b,35777.67,0.2631,53.4,1,11955.25,12.2,0
sim-010937,21,group_b,69923.61,0.2387,62.0,0,4018.03,5.5,1
sim-010938,21,group_a,30663.02,0.1067,50.2,1,5751.08,11.9,0
sim-010939,21,group_b,36709.79,0.2614,49.2,1,2563.5,3.4,1
sim-010940,21,group_b,33868.73,0.5237,80.8,0,6201.1,5.3,1
sim-010941,21,group_b,55065.08,0.2376,32.0,1,5759.6,7.0,0
sim-010942,21,group_a,21586.59,0.1849,58.0,1,12304.62,18.1,1
sim-010943,21,group_a,36061.38,0.6721,48.0,1,7471.31,4.1,0
sim-010944,21,group_b,21556.63,0.34,62.3,0,10227.36,1.8,1
sim-010945,21,group_b,38971.75,0.0937,59.3,1,12082.66,7.1,0
sim-010946,21,group_b,60215.23,0.4237,134.1,2,24521.87,2.1,1
sim-010947,21,group_b,60668.3,0.7992,106.4,2,8614.84,3.1,1
sim-010948,21,group_a,32741.83,0.4481,118.7,1,4957.46,7.4,0
sim-010949,21,group_a,55603.15,0.3005,61.7,1,5058.99,7.1,0
sim-010950,21,group_a,41119.24,0.3173,73.8,2,9727.0,2.7,0
sim-010951,21,group_b,78720.25,0.3622,81.2,2,10552.37,5.5,0
sim-010952,21,group_a,42083.69,0.5478,50.0,2,9301.13,3.4,1
sim-010953,21,group_b,12750.43,0.4039,31.2,0,5687.22,5.9,1
sim-010954,21,group_b,64716.15,0.15,48.0,0,16528.78,4.0,0
sim-010955,21,group_b,36650.35,0.1623,81.5,3,7753.16,10.0,1
sim-010956,21,group_b,39609.97,0.4429,106.2,2,5139.86,8.7,0
sim-010957,21,group_a,51179.17,0.444,233.8,0,15683.64,1.5,0
sim-010958,21,group_a,24431.36,0.3447,28.6,1,20396.39,5.5,1
sim-010959,21,group_b,45860.27,0.1546,93.1,0,18180.27,3.8,1
sim-010960,21,group_a,55630.6,0.6114,72.5,1,4268.84,8.1,0
sim-010961,21,group_a,51787.65,0.6095,156.0,3,20073.42,3.6,1
sim-010962,21,group_b,34559.88,0.116,106.6,2,6260.29,6.0,0
sim-010963,21,group_b,67414.23,0.4133,52.0,1,5726.37,2.2,1
sim-010964,21,group_a,29232.95,0.1474,49.8,1,9547.75,1.0,0
sim-010965,21,group_a,34176.07,0.2224,51.1,1,6919.43,5.2,0
sim-010966,21,group_a,41977.1,0.3153,26.1,0,5988.01,2.3,0
sim-010967,21,group_b,50316.92,0.3571,24.6,1,6436.22,6.0,0
sim-010968,21,group_b,38781.24,0.2341,39.9,1,8627.47,0.5,0
sim-010969,21,group_a,74459.19,0.3266,30.7,0,6551.17,10.2,0
sim-010970,21,group_a,50313.07,0.3351,16.1,1,11748.96,4.0,1
sim-010971,21,group_b,45879.62,0.3249,58.9,1,7407.04,2.7,0
sim-010972,21,group_b,49575.76,0.2351,67.9,1,5258.94,9.5,1
sim-010973,21,group_a,60465.03,0.3405,155.5,2,4399.44,13.7,0
sim-010974,21,group_b,49174.25,0.3476,10.9,0,9987.76,7.6,1
sim-010975,21,group_a,20785.33,0.4112,54.5,3,8576.55,4.3,1
sim-010976,21,group_a,70234.42,0.3643,62.5,1,9965.76,10.7,0
sim-010977,21,group_a,46735.7,0.4369,62.0,4,8415.86,9.0,1
sim-010978,21,group_a,59256.94,0.0754,150.6,1,10057.15,15.6,0
sim-010979,21,group_a,37477.79,0.5273,24.3,2,5691.52,6.7,0
sim-010980,21,group_a,20635.72,0.6038,55.7,1,7358.92,6.5,1
sim-010981,21,group_a,17066.25,0.219,32.4,0,18218.44,4.7,0
sim-010982,21,group_a,29892.58,0.586,44.3,1,9269.05,4.0,1
sim-010983,21,group_a,55230.11,0.1644,38.3,0,13949.14,4.8,1
sim-010984,21,group_b,76658.38,0.1613,94.5,2,4189.19,6.7,0
sim-010985,21,group_a,50454.54,0.2137,61.8,0,6264.35,9.3,1
sim-010986,21,group_a,28568.63,0.3983,89.9,1,5445.78,10.2,0
sim-010987,21,group_b,31973.66,0.253,133.4,0,4425.95,7.7,0
sim-010988,21,group_a,78710.27,0.4881,97.0,0,7872.94,9.6,0
sim-010989,21,group_b,25628.8,0.2665,11.1,1,6387.4,6.5,1
sim-010990,21,group_b,107446.1,0.1359,34.7,1,7324.56,8.7,0
sim-010991,21,group_b,97727.25,0.3224,110.3,1,8429.59,3.6,0
sim-010992,21,group_a,108943.35,0.5727,62.4,0,6607.86,0.1,0
sim-010993,21,group_a,52150.79,0.3753,71.3,0,10136.27,6.1,1
sim-010994,21,group_b,38505.62,0.2247,115.2,3,12803.79,9.4,0
sim-010995,21,group_b,51620.05,0.1792,25.1,0,3233.68,5.8,0
sim-010996,21,group_a,65095.17,0.1592,77.5,0,6437.79,1.1,0
sim-010997,21,group_b,33815.49,0.5395,23.9,2,12182.65,1.1,1
sim-010998,21,group_a,27986.98,0.3659,45.0,3,5704.78,5.5,1
sim-010999,21,group_b,39448.32,0.208,113.7,1,17652.16,3.0,0
sim-011000,22,group_b,32520.66,0.2167,47.3,0,18113.34,6.5,1
sim-011001,22,group_a,75748.38,0.1082,64.0,1,4877.99,5.8,0
sim-011002,22,group_b,34720.99,0.3695,106.8,0,6574.71,3.8,0
sim-011003,22,group_b,46824.85,0.2702,54.4,1,9706.89,6.5,1
sim-011004,22,group_b,67973.76,0.458,55.4,1,17912.07,7.4,0
sim-011005,22,group_a,76997.93,0.5411,53.4,2,10249.78,5.0,0
sim-011006,22,group_b,49099.05,0.5544,33.6,3,9389.11,2.8,1
sim-011007,22,group_b,52860.12,0.1989,88.5,1,9133.46,4.9,0
sim-011008,22,group_a,29344.6,0.1916,83.5,1,10203.49,10.5,0
sim-011009,22,group_b,69125.83,0.2752,136.8,1,8225.61,0.3,1
sim-011010,22,group_a,76471.99,0.5202,43.7,0,8204.06,3.0,0
sim-011011,22,group_b,20505.57,0.7344,77.7,4,7416.72,8.8,0
sim-011012,22,group_b,94318.94,0.2759,43.7,0,7925.2,7.9,0
sim-011013,22,group_a,33514.15,0.111,131.0,1,7307.24,0.6,0
sim-011014,22,group_b,57742.28,0.3289,69.3,1,16354.92,9.1,1
sim-011015,22,group_a,46470.64,0.4857,160.2,3,11540.4,4.0,0
sim-011016,22,group_a,43854.92,0.4878,52.5,1,8149.53,20.3,1
sim-011017,22,group_a,41244.06,0.1324,71.7,1,21431.63,5.6,0
sim-011018,22,group_a,29647.21,0.5141,52.5,1,3240.31,6.7,0
sim-011019,22,group_b,56050.47,0.6024,149.0,1,6759.45,9.1,0
sim-011020,22,group_a,39889.21,0.1605,105.4,0,8275.06,9.4,0
sim-011021,22,group_b,25953.0,0.4793,94.6,0,7818.82,8.6,1
sim-011022,22,group_b,29123.42,0.1561,101.2,0,10779.29,2.2,0
sim-011023,22,group_b,26138.71,0.5067,107.5,2,11125.45,5.2,1
sim-011024,22,group_a,36086.42,0.6112,80.7,1,9692.16,1.9,1
sim-011025,22,group_b,55146.12,0.1694,62.0,2,4634.47,8.6,0
sim-011026,22,group_a,33367.26,0.1423,37.7,0,13095.87,13.4,0
sim-011027,22,group_b,67757.16,0.381,33.7,1,6141.6,11.8,0
sim-011028,22,group_a,42784.45,0.4673,36.4,0,8085.42,6.4,0
sim-011029,22,group_b,39832.96,0.274,19.7,1,10128.93,5.1,0
sim-011030,22,group_a,45299.06,0.3325,93.1,3,2543.67,2.9,0
sim-011031,22,group_a,80818.81,0.4443,71.8,1,7061.75,7.8,1
sim-011032,22,group_b,25286.8,0.2471,48.6,0,2920.0,1.7,0
sim-011033,22,group_a,90190.03,0.5698,44.0,2,7436.12,3.8,0
sim-011034,22,group_b,67323.68,0.1503,28.4,1,2959.99,14.1,0
sim-011035,22,group_b,44573.92,0.5076,56.1,1,14355.36,2.5,1
sim-011036,22,group_a,73929.76,0.25,42.4,1,6144.7,9.3,0
sim-011037,22,group_a,39283.56,0.4081,36.6,2,5694.45,6.9,0
sim-011038,22,group_a,50715.4,0.2019,23.9,0,23669.52,5.9,1
sim-011039,22,group_b,35832.33,0.3062,43.7,1,7275.65,11.6,0
sim-011040,22,group_b,67502.48,0.0503,33.6,1,12153.61,10.9,0
sim-011041,22,group_a,33421.43,0.3463,94.1,1,4526.6,12.3,0
sim-011042,22,group_b,44021.15,0.2028,59.6,3,4775.58,4.4,0
sim-011043,22,group_a,59828.55,0.3976,88.3,1,7427.24,9.1,1
sim-011044,22,group_b,69859.38,0.6652,60.5,2,5763.25,4.9,1
sim-011045,22,group_b,31860.26,0.1411,113.9,2,5888.4,9.7,0
sim-011046,22,group_b,61717.21,0.2033,16.0,0,7345.94,3.9,1
sim-011047,22,group_a,29779.22,0.4568,47.5,2,5426.59,7.5,0
sim-011048,22,group_a,18230.68,0.2024,93.0,1,3549.22,5.6,0
sim-011049,22,group_a,32853.49,0.4109,47.3,3,9642.52,7.4,1
sim-011050,22,group_a,63866.94,0.302,47.8,2,7569.33,5.6,0
sim-011051,22,group_a,44750.99,0.0694,30.0,0,5961.48,9.8,1
sim-011052,22,group_b,35929.03,0.3743,47.6,2,18434.69,3.3,0
sim-011053,22,group_a,46041.61,0.3202,61.2,0,11266.97,6.5,0
sim-011054,22,group_a,45406.38,0.2571,144.8,4,6300.68,5.9,0
sim-011055,22,group_b,58407.37,0.3388,44.4,0,6894.61,7.0,0
sim-011056,22,group_a,22858.58,0.4337,61.8,1,2506.2,5.9,1
sim-011057,22,group_a,43088.51,0.1232,196.6,0,4892.44,4.0,0
sim-011058,22,group_b,47391.42,0.4771,143.6,3,9131.28,10.9,0
sim-011059,22,group_a,25350.27,0.2408,95.3,1,16843.23,3.2,0
sim-011060,22,group_a,25204.69,0.2977,83.9,1,5511.55,12.7,0
sim-011061,22,group_a,38592.86,0.3924,60.9,3,6597.0,2.6,0
sim-011062,22,group_a,45142.53,0.7289,92.1,1,7962.11,14.0,0
sim-011063,22,group_a,45209.36,0.1343,66.3,2,8893.16,2.3,0
sim-011064,22,group_a,35608.29,0.2918,18.1,2,4521.52,16.3,0
sim-011065,22,group_a,35000.56,0.5682,57.7,1,4261.86,4.8,0
sim-011066,22,group_b,38102.15,0.0515,50.2,0,28402.28,12.5,0
sim-011067,22,group_a,50989.71,0.2555,52.0,3,3587.33,5.6,0
sim-011068,22,group_a,75867.28,0.3408,63.8,1,15348.82,5.8,0
sim-011069,22,group_a,17702.01,0.2596,48.6,0,9734.05,4.5,0
sim-011070,22,group_b,58434.45,0.3255,103.8,1,7664.83,2.1,0
sim-011071,22,group_a,42929.58,0.4488,120.1,1,9135.69,1.8,1
sim-011072,22,group_b,56095.08,0.5582,109.4,1,18896.66,1.8,1
sim-011073,22,group_a,74007.98,0.2986,39.5,0,8370.52,2.6,0
sim-011074,22,group_b,32756.18,0.2222,122.8,1,10345.33,1.9,1
sim-011075,22,group_a,66876.84,0.138,57.2,0,18634.8,4.8,0
sim-011076,22,group_a,26563.73,0.44,191.6,1,13108.14,8.0,0
sim-011077,22,group_a,47457.59,0.5127,161.5,1,3434.51,11.8,0
sim-011078,22,group_a,40625.16,0.112,31.5,2,3463.35,3.9,0
sim-011079,22,group_b,45864.07,0.234,63.7,2,9027.71,11.8,0
sim-011080,22,group_b,29691.19,0.2607,46.0,1,5366.69,3.6,1
sim-011081,22,group_b,54040.61,0.4805,85.2,1,8812.54,2.2,0
sim-011082,22,group_a,87574.11,0.3892,87.3,0,9577.21,15.9,0
sim-011083,22,group_b,29906.17,0.3094,115.9,1,19250.96,1.1,0
sim-011084,22,group_a,48710.56,0.3787,131.9,2,6754.06,4.9,0
sim-011085,22,group_b,64438.51,0.2179,32.7,1,7300.24,4.8,0
sim-011086,22,group_b,39710.42,0.187,151.8,0,4537.0,6.4,0
sim-011087,22,group_b,79647.43,0.3589,64.1,1,7640.4,13.2,0
sim-011088,22,group_b,37553.84,0.5779,64.9,7,4566.8,2.2,1
sim-011089,22,group_b,42836.95,0.3581,24.3,0,10366.71,0.4,0
sim-011090,22,group_a,29639.86,0.4385,72.4,3,6522.47,10.5,1
sim-011091,22,group_a,47437.48,0.4569,48.9,1,6840.46,3.5,0
sim-011092,22,group_b,45038.35,0.3251,28.0,4,11880.09,5.9,0
sim-011093,22,group_a,58751.89,0.5695,62.2,1,7978.0,2.6,0
sim-011094,22,group_a,34433.78,0.4344,54.6,1,12012.25,6.4,0
sim-011095,22,group_b,33777.89,0.3553,131.4,2,5712.29,6.4,0
sim-011096,22,group_a,54624.99,0.3826,122.4,1,11828.06,10.3,0
sim-011097,22,group_b,80887.94,0.1352,51.8,1,4658.74,2.3,1
sim-011098,22,group_a,58582.09,0.6,77.7,1,12398.51,3.3,1
sim-011099,22,group_a,97725.04,0.239,112.2,1,5695.74,3.5,0
sim-011100,22,group_b,56796.45,0.1471,28.5,1,4560.41,4.0,0
sim-011101,22,group_a,55943.81,0.6526,60.8,2,8698.23,4.4,0
sim-011102,22,group_b,59832.42,0.1661,55.4,0,18048.76,11.6,0
sim-011103,22,group_b,84038.62,0.363,20.2,0,8094.61,5.9,0
sim-011104,22,group_b,75642.94,0.1156,49.4,0,8172.99,2.8,0
sim-011105,22,group_a,28519.72,0.208,19.3,3,4079.68,8.1,0
sim-011106,22,group_b,62959.34,0.2883,28.5,0,29499.74,12.5,0
sim-011107,22,group_a,50284.38,0.6338,48.6,3,4345.34,5.4,1
sim-011108,22,group_a,41460.87,0.3546,88.3,2,9243.77,4.5,1
sim-011109,22,group_a,21362.02,0.2783,30.0,1,9373.5,4.9,0
sim-011110,22,group_a,23555.92,0.5986,76.1,1,7507.09,3.0,1
sim-011111,22,group_a,38596.77,0.3687,99.8,1,10561.44,7.4,0
sim-011112,22,group_a,24315.56,0.0997,45.6,0,12034.02,3.9,0
sim-011113,22,group_a,38933.96,0.2551,86.9,2,3150.06,7.7,0
sim-011114,22,group_b,60719.69,0.3818,83.8,4,18566.41,12.4,0
sim-011115,22,group_a,35242.16,0.624,60.5,0,5441.48,8.5,0
sim-011116,22,group_a,46585.95,0.1094,50.6,1,6491.16,5.0,0
sim-011117,22,group_a,28699.08,0.1359,56.3,0,5422.89,1.8,0
sim-011118,22,group_a,50994.97,0.1862,179.3,0,4552.86,2.2,1
sim-011119,22,group_b,55682.26,0.2738,35.7,0,15230.96,9.0,0
sim-011120,22,group_b,24744.72,0.3194,151.0,1,6924.49,1.8,0
sim-011121,22,group_a,32800.79,0.252,39.1,1,12356.38,2.7,0
sim-011122,22,group_b,26417.67,0.2113,90.3,0,12619.3,14.4,0
sim-011123,22,group_a,55707.51,0.4951,24.1,2,17093.53,7.6,1
sim-011124,22,group_b,48188.84,0.2329,25.7,1,4240.48,13.1,0
sim-011125,22,group_a,44051.78,0.1238,130.3,1,6013.65,1.8,0
sim-011126,22,group_a,42621.83,0.2393,32.8,0,10147.11,12.0,0
sim-011127,22,group_a,51513.07,0.3396,96.8,0,13416.17,2.9,1
sim-011128,22,group_a,51947.95,0.2795,75.1,2,5023.99,6.9,0
sim-011129,22,group_b,36528.84,0.3784,64.6,2,4653.54,17.1,1
sim-011130,22,group_a,34442.6,0.3621,93.0,0,11196.37,5.4,0
sim-011131,22,group_a,43880.36,0.171,90.5,0,8306.96,2.7,0
sim-011132,22,group_a,41535.81,0.4163,64.5,4,5686.99,7.1,1
sim-011133,22,group_b,106882.62,0.16,16.6,1,3898.41,7.6,0
sim-011134,22,group_b,38283.12,0.4284,61.8,2,4801.18,5.1,0
sim-011135,22,group_b,50800.4,0.3262,155.0,1,10858.44,5.6,0
sim-011136,22,group_b,54703.84,0.3056,43.3,1,14011.03,13.8,1
sim-011137,22,group_b,81001.28,0.337,55.2,1,13620.85,3.1,0
sim-011138,22,group_a,31993.96,0.1377,27.4,0,4978.23,3.9,0
sim-011139,22,group_a,78956.48,0.2577,52.8,0,14019.55,7.0,0
sim-011140,22,group_a,42281.03,0.2447,64.8,1,15363.77,9.5,0
sim-011141,22,group_a,128613.23,0.1822,49.0,1,9768.61,12.1,0
sim-011142,22,group_b,52380.67,0.1754,62.6,1,8643.62,6.3,0
sim-011143,22,group_a,26845.4,0.1732,54.5,0,10936.82,2.4,0
sim-011144,22,group_a,41406.51,0.6682,126.2,2,3711.44,5.4,1
sim-011145,22,group_b,78844.52,0.3142,39.4,0,3327.37,2.5,0
sim-011146,22,group_a,46548.37,0.1307,106.8,0,7766.62,1.0,0
sim-011147,22,group_a,43868.74,0.5563,46.9,4,7541.6,5.6,1
sim-011148,22,group_a,60838.54,0.2494,40.4,0,1843.94,8.7,0
sim-011149,22,group_b,38913.67,0.2599,92.3,2,8986.69,3.6,0
sim-011150,22,group_a,41171.11,0.5716,38.1,0,13109.32,13.0,0
sim-011151,22,group_a,30249.55,0.1204,65.2,3,15868.06,4.9,1
sim-011152,22,group_a,92976.75,0.1616,59.8,1,9529.9,4.9,1
sim-011153,22,group_b,26916.73,0.5227,149.3,2,6222.13,4.0,1
sim-011154,22,group_a,48299.48,0.5418,63.5,2,14796.61,9.4,0
sim-011155,22,group_a,55025.47,0.3588,16.6,1,14655.22,3.9,0
sim-011156,22,group_b,44724.04,0.3323,74.8,0,8868.58,6.4,0
sim-011157,22,group_b,26565.74,0.0484,108.9,2,11514.0,1.1,0
sim-011158,22,group_a,29570.1,0.2559,89.5,0,11638.66,5.3,0
sim-011159,22,group_a,56019.61,0.2547,71.7,0,23235.3,4.6,0
sim-011160,22,group_a,32417.4,0.4458,53.2,1,1544.53,8.8,1
sim-011161,22,group_b,18840.29,0.2842,85.2,0,12404.41,8.8,1
sim-011162,22,group_a,52919.7,0.3809,64.3,0,7347.65,5.7,0
sim-011163,22,group_b,31180.62,0.357,71.2,2,8353.4,1.7,1
sim-011164,22,group_b,58636.47,0.3266,90.8,1,12061.45,1.7,0
sim-011165,22,group_b,41328.97,0.3429,128.7,1,8161.05,10.2,0
sim-011166,22,group_a,40500.87,0.2449,46.7,1,9246.13,5.9,0
sim-011167,22,group_b,45979.0,0.2621,46.3,0,7349.26,6.1,1
sim-011168,22,group_b,27884.68,0.2925,69.8,1,10564.96,2.5,0
sim-011169,22,group_b,31802.8,0.6465,64.9,3,9961.24,8.8,0
sim-011170,22,group_a,40329.23,0.3085,67.9,1,5036.88,6.1,0
sim-011171,22,group_b,27816.26,0.5175,46.2,2,10310.5,6.6,1
sim-011172,22,group_b,60706.34,0.4045,32.1,4,11776.35,7.0,0
sim-011173,22,group_b,39533.39,0.3694,29.3,0,9257.76,5.1,0
sim-011174,22,group_b,24470.82,0.1674,31.3,0,14800.4,7.1,0
sim-011175,22,group_a,35568.22,0.3467,4.5,1,7674.75,0.4,0
sim-011176,22,group_a,46934.35,0.1546,41.4,0,4977.98,2.3,0
sim-011177,22,group_b,37296.02,0.21,145.1,1,8649.59,2.8,1
sim-011178,22,group_b,53205.8,0.1427,80.3,1,7943.26,4.6,0
sim-011179,22,group_b,57244.98,0.263,98.9,0,3961.45,1.9,0
sim-011180,22,group_a,123341.74,0.4187,31.5,0,11508.88,8.9,0
sim-011181,22,group_a,72931.11,0.4971,62.3,1,21992.48,3.4,0
sim-011182,22,group_b,22623.05,0.135,92.6,2,7914.43,3.8,0
sim-011183,22,group_b,38665.47,0.3387,36.4,1,5943.15,12.4,1
sim-011184,22,group_a,40215.62,0.2676,67.3,1,2837.54,5.6,0
sim-011185,22,group_a,57269.86,0.3791,46.1,1,9843.0,3.5,0
sim-011186,22,group_b,30390.76,0.0865,28.3,1,13027.96,7.1,1
sim-011187,22,group_a,35985.6,0.3409,23.3,2,6863.06,6.9,0
sim-011188,22,group_a,26671.4,0.416,71.9,5,7558.29,3.7,1
sim-011189,22,group_a,34928.15,0.1565,51.3,3,3401.0,5.3,1
sim-011190,22,group_a,35479.65,0.5074,59.6,1,9245.23,4.7,1
sim-011191,22,group_a,39440.07,0.624,26.0,2,4565.86,7.9,0
sim-011192,22,group_b,27327.93,0.3082,82.9,3,10784.02,9.9,0
sim-011193,22,group_b,67944.79,0.2828,161.9,0,8654.67,11.8,0
sim-011194,22,group_b,54848.48,0.1913,100.8,0,7289.4,4.4,0
sim-011195,22,group_b,24477.06,0.4872,43.6,1,14521.25,3.4,0
sim-011196,22,group_a,45474.57,0.2526,19.5,0,4595.66,10.0,0
sim-011197,22,group_a,23308.96,0.2255,92.9,0,20027.99,8.6,0
sim-011198,22,group_a,79043.01,0.5935,111.1,0,10232.57,4.5,0
sim-011199,22,group_a,88603.4,0.231,82.3,1,8028.89,20.8,0
sim-011200,22,group_b,43940.44,0.3058,58.5,1,6145.21,7.6,0
sim-011201,22,group_a,31441.66,0.2858,108.4,1,12928.83,11.5,0
sim-011202,22,group_b,34030.31,0.5499,69.9,3,6420.61,0.5,0
sim-011203,22,group_a,37176.36,0.3335,56.9,1,14868.53,4.0,0
sim-011204,22,group_a,43007.62,0.3856,98.0,0,16104.84,8.1,1
sim-011205,22,group_a,79985.23,0.1691,121.8,1,5333.15,9.7,0
sim-011206,22,group_a,67194.91,0.3955,45.6,2,10377.63,2.1,0
sim-011207,22,group_b,67631.01,0.4504,39.5,0,3872.41,9.5,0
sim-011208,22,group_b,48322.03,0.5231,68.3,1,13937.8,4.5,1
sim-011209,22,group_a,27708.18,0.309,74.2,3,9893.66,5.9,0
sim-011210,22,group_b,32551.42,0.65,61.4,2,7482.54,14.9,1
sim-011211,22,group_b,46143.11,0.2071,116.5,1,3097.17,5.2,0
sim-011212,22,group_a,27161.02,0.3594,87.9,1,11000.15,1.5,1
sim-011213,22,group_a,51106.8,0.1957,75.6,0,8087.77,3.8,0
sim-011214,22,group_a,63079.55,0.5166,59.2,0,4700.69,4.5,0
sim-011215,22,group_a,56559.31,0.3548,146.0,1,9306.38,1.3,0
sim-011216,22,group_b,55613.41,0.3758,103.6,1,16611.94,10.2,1
sim-011217,22,group_a,20540.65,0.0966,155.7,0,17526.53,9.1,0
sim-011218,22,group_a,78748.1,0.4562,70.5,1,7175.34,2.6,0
sim-011219,22,group_b,23288.11,0.2279,48.7,1,4494.1,3.9,0
sim-011220,22,group_a,42186.07,0.2215,108.2,1,13464.68,1.5,1
sim-011221,22,group_b,58325.13,0.133,61.8,0,4056.2,8.3,1
sim-011222,22,group_a,52292.64,0.2874,46.6,0,5027.77,5.0,0
sim-011223,22,group_a,26299.59,0.4791,58.2,1,11705.25,8.4,1
sim-011224,22,group_a,28359.1,0.3333,91.9,0,14920.01,0.8,0
sim-011225,22,group_a,50745.09,0.4959,64.6,2,11362.52,9.5,0
sim-011226,22,group_a,55745.66,0.4417,49.6,1,7279.28,6.4,1
sim-011227,22,group_b,28253.55,0.2583,59.4,2,11338.92,14.8,0
sim-011228,22,group_b,53044.63,0.1693,48.0,2,14522.35,2.1,0
sim-011229,22,group_b,23803.43,0.3632,40.5,0,10523.75,5.8,1
sim-011230,22,group_a,58468.5,0.4696,29.3,0,2858.31,7.7,0
sim-011231,22,group_b,31032.38,0.3045,116.2,1,6027.34,15.0,0
sim-011232,22,group_a,46528.28,0.5456,115.6,3,13150.28,19.7,0
sim-011233,22,group_b,43360.01,0.2784,73.1,2,5839.65,0.9,1
sim-011234,22,group_b,73238.47,0.1447,43.1,0,13035.28,2.6,0
sim-011235,22,group_b,49796.23,0.3752,54.6,0,10110.83,5.9,0
sim-011236,22,group_a,34974.6,0.309,33.2,2,9711.07,7.6,0
sim-011237,22,group_b,52314.5,0.6977,30.4,1,15048.34,4.9,0
sim-011238,22,group_b,110615.29,0.2215,44.7,0,7250.98,1.1,0
sim-011239,22,group_a,61380.75,0.1934,83.9,0,11829.04,11.6,0
sim-011240,22,group_b,43877.19,0.2498,27.3,1,7530.81,5.8,1
sim-011241,22,group_a,31694.0,0.4986,88.1,0,9920.35,4.2,1
sim-011242,22,group_a,34720.08,0.4584,77.3,1,13093.39,1.8,0
sim-011243,22,group_b,59850.02,0.334,76.1,5,5340.38,8.4,0
sim-011244,22,group_b,31006.83,0.6367,64.9,2,9150.86,4.7,0
sim-011245,22,group_a,45032.03,0.5039,75.6,3,4810.79,3.8,1
sim-011246,22,group_a,82273.14,0.1809,60.5,2,6750.83,8.4,0
sim-011247,22,group_a,47914.09,0.325,26.9,0,6484.67,2.0,0
sim-011248,22,group_a,28588.64,0.233,46.4,0,5797.4,4.7,1
sim-011249,22,group_a,112273.83,0.3974,139.1,1,12947.48,5.8,0
sim-011250,22,group_a,94299.23,0.7023,51.4,1,8188.81,4.9,1
sim-011251,22,group_b,55519.75,0.144,53.5,0,29645.05,8.6,1
sim-011252,22,group_a,76865.87,0.2134,66.6,0,8395.75,3.3,0
sim-011253,22,group_a,40209.9,0.4887,153.0,1,6152.11,4.5,0
sim-011254,22,group_a,60978.15,0.3509,102.0,2,12256.36,2.2,1
sim-011255,22,group_a,37650.94,0.4847,72.8,0,10479.43,5.9,1
sim-011256,22,group_a,25456.48,0.405,64.3,2,13477.95,6.4,0
sim-011257,22,group_a,133600.26,0.2269,52.0,1,6558.17,3.8,0
sim-011258,22,group_a,24915.72,0.1201,80.2,1,6845.28,3.7,0
sim-011259,22,group_a,50969.08,0.3202,47.1,2,9312.02,11.4,1
sim-011260,22,group_a,50719.63,0.3166,62.8,0,7617.57,13.7,0
sim-011261,22,group_b,55866.62,0.4723,119.8,3,14627.8,4.1,0
sim-011262,22,group_a,43318.39,0.2704,60.0,0,4620.55,4.8,0
sim-011263,22,group_a,43508.65,0.2338,83.1,0,12788.4,4.7,1
sim-011264,22,group_a,47673.59,0.3885,54.0,0,22436.67,2.8,1
sim-011265,22,group_a,55025.1,0.323,51.7,0,12719.7,1.8,0
sim-011266,22,group_a,44946.9,0.4627,115.4,4,13182.18,1.5,0
sim-011267,22,group_b,43708.08,0.1339,93.4,1,8437.72,6.5,0
sim-011268,22,group_a,25825.92,0.1377,108.6,0,4662.44,1.7,0
sim-011269,22,group_a,104793.46,0.3225,79.8,1,2832.49,6.1,0
sim-011270,22,group_a,56330.63,0.115,68.1,0,10348.39,0.3,0
sim-011271,22,group_a,49106.21,0.5754,22.8,2,7759.73,7.7,0
sim-011272,22,group_b,34603.97,0.3161,38.5,0,4387.11,11.1,1
sim-011273,22,group_a,29509.93,0.4597,34.5,2,19149.79,1.5,1
sim-011274,22,group_a,64549.93,0.2706,57.8,2,6488.89,2.9,0
sim-011275,22,group_a,42060.22,0.3656,74.2,0,8674.6,6.5,0
sim-011276,22,group_a,58386.92,0.1988,35.6,0,8909.2,9.6,0
sim-011277,22,group_a,25491.41,0.1172,32.0,1,11859.83,11.8,0
sim-011278,22,group_a,86135.68,0.2581,54.3,0,10472.02,9.7,0
sim-011279,22,group_a,65681.89,0.2644,28.8,1,5039.54,10.5,0
sim-011280,22,group_a,43475.54,0.3089,117.7,1,3911.26,4.4,0
sim-011281,22,group_b,54742.88,0.204,37.4,0,7829.95,2.5,1
sim-011282,22,group_a,61403.48,0.2109,55.2,0,6795.1,7.7,0
sim-011283,22,group_a,25654.34,0.425,42.6,0,11900.33,2.2,0
sim-011284,22,group_b,91006.6,0.2846,55.3,2,5682.92,3.6,0
sim-011285,22,group_a,55103.56,0.1691,20.9,0,9331.68,3.5,0
sim-011286,22,group_b,33465.72,0.145,122.1,1,13142.49,11.8,0
sim-011287,22,group_b,28379.76,0.2626,134.2,0,4033.21,5.0,0
sim-011288,22,group_a,68089.69,0.7797,31.3,0,9949.29,3.6,0
sim-011289,22,group_a,49152.69,0.228,69.9,0,8791.95,3.6,0
sim-011290,22,group_b,55088.29,0.5427,72.6,1,6222.36,11.9,1
sim-011291,22,group_a,45487.79,0.2574,63.0,2,3602.16,9.8,0
sim-011292,22,group_a,29520.72,0.4194,110.3,0,2543.67,3.3,0
sim-011293,22,group_a,55693.54,0.4189,90.7,0,6834.25,5.4,0
sim-011294,22,group_a,41399.96,0.1848,48.6,2,8982.63,9.8,0
sim-011295,22,group_b,44573.27,0.1631,91.2,1,10016.61,7.1,0
sim-011296,22,group_b,122068.93,0.2225,47.2,1,6162.11,8.5,0
sim-011297,22,group_b,64796.64,0.1567,28.9,3,14707.14,8.6,0
sim-011298,22,group_b,66385.99,0.4412,131.6,3,13878.77,1.3,0
sim-011299,22,group_b,141014.74,0.3846,150.7,0,6531.78,1.8,0
sim-011300,22,group_a,52866.28,0.0947,32.8,0,7277.52,4.0,0
sim-011301,22,group_b,47300.55,0.5971,66.7,2,7547.69,2.7,1
sim-011302,22,group_b,33817.47,0.5305,109.8,3,8656.74,2.9,0
sim-011303,22,group_b,37194.95,0.4044,63.5,1,10141.28,5.9,0
sim-011304,22,group_b,19038.46,0.76,57.4,1,18369.78,17.8,1
sim-011305,22,group_a,62691.29,0.3499,74.6,1,4828.19,3.8,0
sim-011306,22,group_a,26420.44,0.2219,80.4,0,6674.94,5.6,0
sim-011307,22,group_b,65719.38,0.4223,64.4,0,9000.99,3.7,0
sim-011308,22,group_a,44175.65,0.3512,106.4,0,5225.66,7.7,1
sim-011309,22,group_a,47466.75,0.295,69.9,0,6321.8,1.9,0
sim-011310,22,group_a,44187.86,0.3052,54.4,2,20789.44,2.2,1
sim-011311,22,group_b,80511.17,0.4448,150.6,0,14161.7,5.2,0
sim-011312,22,group_a,74754.58,0.1864,41.4,2,10085.86,8.9,1
sim-011313,22,group_a,44438.68,0.3464,77.5,2,7579.19,1.6,0
sim-011314,22,group_a,30835.39,0.3023,57.0,0,5213.4,1.0,0
sim-011315,22,group_a,66305.85,0.5503,76.4,1,12067.55,6.3,1
sim-011316,22,group_a,29872.05,0.3007,36.6,4,12573.63,7.9,1
sim-011317,22,group_a,23410.93,0.2287,34.4,2,5616.29,2.2,0
sim-011318,22,group_b,55453.88,0.3331,69.6,1,10792.51,4.4,0
sim-011319,22,group_a,75039.19,0.4469,78.1,3,3790.2,10.7,0
sim-011320,22,group_a,37943.91,0.262,20.5,0,12747.01,4.7,0
sim-011321,22,group_a,53310.97,0.4014,75.1,1,4692.11,10.0,1
sim-011322,22,group_a,37775.54,0.4971,57.5,1,13047.71,7.6,1
sim-011323,22,group_b,60915.15,0.4013,25.2,1,12705.09,11.5,1
sim-011324,22,group_a,71247.32,0.6687,33.1,4,19872.2,11.0,1
sim-011325,22,group_a,40279.45,0.3458,31.8,1,12190.16,3.6,1
sim-011326,22,group_b,29214.1,0.2343,63.7,2,21052.07,8.7,1
sim-011327,22,group_a,24392.89,0.2563,17.2,0,5299.09,7.9,0
sim-011328,22,group_b,66355.98,0.293,76.3,2,4608.34,3.0,0
sim-011329,22,group_b,27907.26,0.1512,52.0,1,8854.99,17.5,0
sim-011330,22,group_b,52588.37,0.2025,153.1,1,3968.33,4.2,0
sim-011331,22,group_b,62349.5,0.1033,16.4,3,29879.05,5.2,0
sim-011332,22,group_a,36441.12,0.2021,47.5,0,15929.65,10.6,0
sim-011333,22,group_a,41948.23,0.3973,16.2,1,5623.02,7.0,1
sim-011334,22,group_a,68432.17,0.314,59.1,1,4805.7,3.2,0
sim-011335,22,group_a,32034.18,0.3376,46.4,3,8076.28,6.6,0
sim-011336,22,group_a,30697.03,0.2799,109.0,0,7984.38,2.5,0
sim-011337,22,group_a,40764.04,0.2988,42.8,1,3716.9,6.6,0
sim-011338,22,group_a,76935.55,0.0911,33.8,4,8599.28,3.5,0
sim-011339,22,group_a,88477.81,0.2501,45.7,0,9139.84,3.4,0
sim-011340,22,group_b,43153.17,0.4384,66.6,1,22120.76,3.9,0
sim-011341,22,group_a,33353.2,0.5086,54.3,2,9871.92,0.6,1
sim-011342,22,group_a,70328.2,0.6857,80.4,3,13869.2,6.9,0
sim-011343,22,group_a,22312.36,0.5671,81.6,0,11070.26,1.3,0
sim-011344,22,group_b,49910.99,0.4572,44.0,0,10598.1,2.9,0
sim-011345,22,group_a,44159.19,0.3399,38.6,2,5807.29,1.9,0
sim-011346,22,group_b,77451.54,0.4183,68.8,0,4826.81,2.0,1
sim-011347,22,group_a,80814.19,0.419,96.3,2,9654.69,3.7,0
sim-011348,22,group_a,30276.83,0.1668,19.5,3,6655.39,11.1,1
sim-011349,22,group_b,48263.21,0.2367,67.4,2,5059.44,1.3,0
sim-011350,22,group_a,35395.72,0.3598,50.8,1,8976.41,4.8,1
sim-011351,22,group_a,39767.39,0.1056,33.1,1,4772.44,0.9,0
sim-011352,22,group_a,58296.82,0.5914,77.1,2,17231.0,1.7,0
sim-011353,22,group_a,39079.15,0.2663,43.6,1,6210.54,13.3,0
sim-011354,22,group_a,48798.2,0.1924,104.5,1,2135.15,1.6,0
sim-011355,22,group_a,67242.07,0.4034,136.7,0,13554.64,2.7,0
sim-011356,22,group_a,84996.72,0.3338,34.2,2,18500.8,7.4,1
sim-011357,22,group_b,50779.38,0.2563,61.2,4,7459.73,9.3,0
sim-011358,22,group_a,47261.98,0.2686,49.2,2,7982.12,3.1,0
sim-011359,22,group_a,28252.53,0.4108,45.9,2,6584.4,7.1,0
sim-011360,22,group_b,87556.13,0.4827,51.8,2,20981.15,2.4,0
sim-011361,22,group_a,55392.22,0.1442,51.4,1,7574.6,8.0,0
sim-011362,22,group_b,47629.83,0.7755,125.8,1,4459.04,2.8,0
sim-011363,22,group_a,46617.01,0.7387,91.0,0,5854.82,7.9,1
sim-011364,22,group_b,52337.82,0.333,123.8,1,12383.59,8.9,1
sim-011365,22,group_b,62202.6,0.1949,33.4,0,14414.75,19.3,0
sim-011366,22,group_a,65521.34,0.1522,93.1,0,12381.24,5.9,0
sim-011367,22,group_b,88480.44,0.4547,69.5,1,6703.01,7.9,0
sim-011368,22,group_b,49807.91,0.6895,94.1,1,9673.26,5.1,1
sim-011369,22,group_b,93973.16,0.3453,37.5,0,4203.3,2.4,1
sim-011370,22,group_a,70139.67,0.4329,28.4,1,6988.21,1.6,0
sim-011371,22,group_a,43859.42,0.2099,37.8,1,5371.39,6.9,1
sim-011372,22,group_a,22330.37,0.5178,41.7,2,26648.57,4.8,1
sim-011373,22,group_b,46627.05,0.7727,57.4,2,6133.21,20.1,0
sim-011374,22,group_a,86557.19,0.2124,113.3,0,11859.72,5.4,0
sim-011375,22,group_a,32480.31,0.3454,85.3,2,15728.67,3.0,1
sim-011376,22,group_b,46566.39,0.3911,39.2,2,12901.67,4.0,0
sim-011377,22,group_a,48213.38,0.2827,55.2,0,5994.2,5.4,0
sim-011378,22,group_b,66815.69,0.5085,66.1,4,24009.82,10.8,0
sim-011379,22,group_a,38220.19,0.2334,12.0,0,6234.07,24.5,0
sim-011380,22,group_b,31221.39,0.3494,94.1,1,7178.62,7.4,0
sim-011381,22,group_a,57148.07,0.5896,83.9,3,20095.59,8.7,1
sim-011382,22,group_a,32918.08,0.4146,79.4,0,10678.21,5.7,0
sim-011383,22,group_a,20807.89,0.4078,50.5,2,8474.79,7.7,0
sim-011384,22,group_a,97436.5,0.4083,99.5,4,8495.68,5.9,0
sim-011385,22,group_a,66393.4,0.4036,65.8,0,3285.61,13.2,0
sim-011386,22,group_a,99212.85,0.2444,68.7,0,3203.38,9.2,0
sim-011387,22,group_b,64931.32,0.1347,112.0,1,10760.07,9.1,1
sim-011388,22,group_a,59859.37,0.2971,54.9,1,7077.75,9.6,1
sim-011389,22,group_a,52533.43,0.3504,22.7,3,5316.35,6.3,0
sim-011390,22,group_a,41600.53,0.4728,103.4,2,10348.08,9.2,0
sim-011391,22,group_a,55775.21,0.2465,26.1,2,4484.6,5.4,0
sim-011392,22,group_b,35654.92,0.1672,56.5,0,8204.06,2.7,0
sim-011393,22,group_a,28707.79,0.36,25.6,1,5804.53,6.0,1
sim-011394,22,group_b,39122.97,0.3146,35.8,0,12217.83,2.1,1
sim-011395,22,group_b,77375.6,0.2741,73.3,1,6982.68,4.1,0
sim-011396,22,group_b,26806.22,0.565,93.0,0,13406.34,2.9,1
sim-011397,22,group_b,26985.72,0.1319,104.7,2,6570.69,3.2,0
sim-011398,22,group_a,57661.78,0.5609,107.8,0,4996.61,10.2,1
sim-011399,22,group_b,37784.98,0.1239,102.4,2,8256.68,0.4,0
sim-011400,22,group_b,55155.29,0.2819,60.0,2,13536.28,7.0,0
sim-011401,22,group_a,68168.65,0.3645,109.9,3,4814.6,4.9,0
sim-011402,22,group_a,54602.97,0.1155,44.7,1,4735.21,4.8,0
sim-011403,22,group_a,34491.11,0.3746,19.9,1,5286.96,4.5,0
sim-011404,22,group_b,77097.97,0.0672,76.4,0,18720.92,1.6,0
sim-011405,22,group_a,61432.33,0.6056,28.7,1,5711.11,4.4,0
sim-011406,22,group_b,45490.91,0.318,34.8,1,14684.55,5.6,0
sim-011407,22,group_a,44575.3,0.2277,35.0,1,7324.99,4.2,0
sim-011408,22,group_a,52631.86,0.2854,40.6,0,6172.25,3.0,0
sim-011409,22,group_a,39457.0,0.1164,80.2,1,11571.69,6.1,0
sim-011410,22,group_a,22672.18,0.2223,125.4,0,7868.59,6.2,0
sim-011411,22,group_a,61640.0,0.3457,91.3,1,14017.54,13.9,0
sim-011412,22,group_b,60120.86,0.4239,37.0,1,5648.44,4.2,1
sim-011413,22,group_a,17112.29,0.3145,49.3,1,9114.08,3.9,0
sim-011414,22,group_b,55741.71,0.4656,17.0,1,4618.66,4.4,0
sim-011415,22,group_b,94063.29,0.0937,54.5,0,3733.43,4.2,0
sim-011416,22,group_b,28012.1,0.4664,74.8,1,6116.22,5.5,0
sim-011417,22,group_a,43617.67,0.2088,98.3,0,7190.95,7.5,0
sim-011418,22,group_b,41671.28,0.5595,35.2,1,6655.21,4.8,1
sim-011419,22,group_b,90343.38,0.2529,98.7,1,4181.88,7.1,0
sim-011420,22,group_b,72027.1,0.4989,40.4,1,6916.66,6.1,1
sim-011421,22,group_a,31103.18,0.3496,99.0,1,6854.8,1.2,0
sim-011422,22,group_b,51931.97,0.1151,97.4,1,17287.29,6.7,0
sim-011423,22,group_a,118316.95,0.4399,126.1,3,10404.9,5.7,0
sim-011424,22,group_a,34600.47,0.2022,186.8,0,3262.68,13.6,0
sim-011425,22,group_b,44770.98,0.276,44.1,1,5794.85,3.6,0
sim-011426,22,group_b,55808.03,0.2525,92.3,0,10784.88,4.9,0
sim-011427,22,group_a,34814.08,0.1503,51.2,0,6288.3,2.2,0
sim-011428,22,group_a,94329.13,0.4458,31.4,1,5467.42,1.4,1
sim-011429,22,group_b,36882.02,0.2192,76.1,1,4547.64,4.0,0
sim-011430,22,group_a,25099.55,0.2741,86.2,1,8312.38,5.7,0
sim-011431,22,group_a,36080.49,0.1457,53.1,0,19825.34,4.5,0
sim-011432,22,group_b,59175.83,0.2643,37.5,0,5108.86,4.8,0
sim-011433,22,group_b,32169.27,0.1873,76.8,2,14501.21,5.3,0
sim-011434,22,group_a,51068.53,0.0451,36.9,0,10038.61,5.6,0
sim-011435,22,group_a,56969.49,0.5295,56.1,1,6079.79,3.5,1
sim-011436,22,group_a,27071.8,0.4389,86.5,4,10366.83,3.1,1
sim-011437,22,group_a,35498.48,0.1967,73.9,0,3750.25,8.2,0
sim-011438,22,group_b,52081.64,0.3669,92.5,0,11301.27,9.7,0
sim-011439,22,group_b,60416.23,0.5635,42.2,0,7395.55,2.7,0
sim-011440,22,group_a,35871.94,0.3517,56.2,0,7797.62,2.7,0
sim-011441,22,group_a,47941.86,0.5225,46.3,2,8255.34,4.1,0
sim-011442,22,group_a,39924.55,0.1396,63.9,0,12890.84,8.9,0
sim-011443,22,group_a,61065.18,0.1492,42.5,0,5349.45,4.9,0
sim-011444,22,group_a,55946.64,0.2143,56.2,1,2625.32,7.1,0
sim-011445,22,group_a,38450.89,0.2676,62.4,0,2418.95,1.1,0
sim-011446,22,group_b,54992.19,0.5845,119.9,2,6711.85,4.6,1
sim-011447,22,group_a,37824.36,0.2348,49.5,0,24840.97,11.8,0
sim-011448,22,group_b,54507.41,0.5064,71.0,0,6661.66,8.9,0
sim-011449,22,group_a,54827.31,0.3005,116.0,2,16690.8,7.5,0
sim-011450,22,group_b,121763.94,0.3428,27.1,2,5656.58,2.3,0
sim-011451,22,group_b,39056.71,0.2191,79.2,0,11827.58,1.4,0
sim-011452,22,group_a,42389.98,0.3403,78.9,0,5941.71,2.5,0
sim-011453,22,group_a,34274.7,0.5638,67.2,2,4075.03,8.7,1
sim-011454,22,group_b,29150.11,0.2375,59.5,1,8180.64,17.9,0
sim-011455,22,group_a,37133.94,0.3408,111.1,2,9024.08,1.8,0
sim-011456,22,group_a,59476.84,0.2938,12.4,1,9062.36,6.9,1
sim-011457,22,group_a,61312.18,0.1229,74.3,0,13934.39,9.8,0
sim-011458,22,group_b,50928.89,0.1155,68.1,1,10644.28,5.2,0
sim-011459,22,group_a,39726.7,0.2589,66.2,2,15498.53,8.3,0
sim-011460,22,group_a,36562.65,0.4132,50.5,0,15432.08,7.2,0
sim-011461,22,group_a,30605.38,0.1651,45.9,1,7962.8,4.1,0
sim-011462,22,group_b,35600.22,0.2396,48.2,0,3277.76,7.0,0
sim-011463,22,group_a,26109.28,0.4853,55.3,0,6480.83,1.3,1
sim-011464,22,group_b,79562.69,0.2467,56.8,1,10371.14,5.3,0
sim-011465,22,group_b,97304.8,0.199,17.6,0,8624.58,3.9,0
sim-011466,22,group_a,19949.07,0.535,81.3,2,19259.59,3.7,1
sim-011467,22,group_a,50791.83,0.7074,29.7,1,15730.5,0.9,0
sim-011468,22,group_b,50439.54,0.1763,68.6,2,11146.05,3.3,1
sim-011469,22,group_b,49104.19,0.152,39.4,2,9264.72,1.5,1
sim-011470,22,group_a,35068.11,0.6809,69.2,1,6973.83,2.1,1
sim-011471,22,group_a,69110.08,0.3837,128.8,1,11802.82,9.1,0
sim-011472,22,group_a,53444.58,0.5259,30.2,0,7934.18,15.3,0
sim-011473,22,group_a,69447.83,0.4843,65.8,2,4636.79,2.9,0
sim-011474,22,group_a,32999.41,0.4247,64.2,0,14465.56,2.3,0
sim-011475,22,group_a,25161.32,0.1161,32.7,0,3077.04,5.4,0
sim-011476,22,group_a,53995.73,0.1078,115.1,1,5708.76,3.3,0
sim-011477,22,group_b,30018.33,0.4945,33.5,3,6610.03,8.5,0
sim-011478,22,group_b,70047.71,0.0671,24.9,0,5050.47,0.7,0
sim-011479,22,group_b,18413.13,0.2686,46.9,1,5106.01,0.4,0
sim-011480,22,group_b,36946.02,0.2887,117.5,2,8832.67,10.1,0
sim-011481,22,group_b,34728.39,0.0864,68.4,1,6369.84,5.1,0
sim-011482,22,group_a,39120.5,0.4609,112.0,0,10361.99,12.3,1
sim-011483,22,group_b,50194.54,0.2847,76.2,1,8466.25,17.8,0
sim-011484,22,group_a,53125.86,0.1099,89.6,3,8380.34,4.9,1
sim-011485,22,group_a,58846.63,0.5877,34.2,1,10990.2,6.5,1
sim-011486,22,group_b,61765.13,0.4566,21.5,1,4996.61,2.4,1
sim-011487,22,group_b,41854.69,0.2943,85.5,0,2974.82,2.8,1
sim-011488,22,group_a,109060.26,0.3045,43.1,4,11635.63,6.2,0
sim-011489,22,group_b,80545.53,0.2904,23.7,0,7359.45,0.2,0
sim-011490,22,group_a,39456.93,0.5071,82.6,0,10307.97,3.6,0
sim-011491,22,group_a,42468.29,0.1281,76.4,2,2114.06,4.0,0
sim-011492,22,group_a,39109.47,0.2923,137.1,6,6019.43,4.1,0
sim-011493,22,group_a,52395.99,0.6461,52.2,0,7387.18,5.0,1
sim-011494,22,group_b,29905.15,0.2037,57.9,0,8697.03,9.4,0
sim-011495,22,group_a,32286.17,0.2411,85.1,1,13536.41,6.4,1
sim-011496,22,group_a,18100.71,0.3578,137.0,0,5893.24,5.3,0
sim-011497,22,group_b,38046.44,0.1667,106.3,1,2829.36,7.8,0
sim-011498,22,group_a,70347.24,0.4676,34.8,2,5051.79,7.0,0
sim-011499,22,group_a,42197.56,0.1782,53.4,1,6816.68,9.4,0
sim-011500,23,group_a,43722.23,0.304,69.6,1,9916.1,7.4,1
sim-011501,23,group_a,51165.81,0.1311,62.6,0,9634.1,2.7,1
sim-011502,23,group_a,29883.46,0.2556,36.6,2,4509.03,2.5,0
sim-011503,23,group_b,46010.28,0.4746,130.3,3,13322.0,5.1,0
sim-011504,23,group_b,66167.08,0.3324,53.2,2,3743.9,8.5,0
sim-011505,23,group_a,51779.86,0.2604,27.1,0,28155.1,3.7,0
sim-011506,23,group_a,68653.62,0.2248,55.1,2,7247.95,5.3,1
sim-011507,23,group_a,77414.97,0.4199,91.3,1,4473.37,4.5,1
sim-011508,23,group_b,60131.42,0.5339,114.8,4,6450.0,2.3,0
sim-011509,23,group_a,33738.19,0.199,45.4,2,4913.71,14.0,0
sim-011510,23,group_a,39397.72,0.3429,64.9,0,5084.0,3.2,0
sim-011511,23,group_b,102459.75,0.2195,62.9,1,11650.78,3.6,0
sim-011512,23,group_b,51945.52,0.2323,64.8,0,13637.39,7.2,1
sim-011513,23,group_a,49119.03,0.3042,128.3,3,6734.2,0.8,0
sim-011514,23,group_a,31723.63,0.1781,35.5,0,7316.9,4.1,0
sim-011515,23,group_a,43808.64,0.3152,156.4,2,4360.92,6.8,0
sim-011516,23,group_b,61505.19,0.3646,20.5,0,13710.56,8.4,0
sim-011517,23,group_a,45808.97,0.3391,57.5,0,6176.99,6.2,0
sim-011518,23,group_a,36602.11,0.0663,112.6,0,13105.02,1.7,0
sim-011519,23,group_a,40348.03,0.2696,122.0,1,8895.34,1.4,1
sim-011520,23,group_a,75099.31,0.5408,108.5,0,6233.46,2.9,0
sim-011521,23,group_a,60262.66,0.2257,53.0,1,4636.99,8.1,0
sim-011522,23,group_b,56970.96,0.513,121.2,1,19008.7,6.6,0
sim-011523,23,group_a,54784.93,0.1638,126.3,2,10392.27,7.0,0
sim-011524,23,group_b,27698.33,0.2368,105.9,0,7906.51,3.8,0
sim-011525,23,group_b,51041.11,0.3082,24.4,1,13733.98,3.4,0
sim-011526,23,group_a,71293.69,0.7733,39.5,4,8884.12,2.5,1
sim-011527,23,group_b,40799.0,0.2076,74.8,0,6649.24,11.9,0
sim-011528,23,group_b,68632.38,0.4911,100.6,2,3842.48,9.8,1
sim-011529,23,group_b,57239.26,0.1715,36.7,0,4200.52,2.3,0
sim-011530,23,group_a,64448.56,0.6635,50.7,2,12204.21,1.7,1
sim-011531,23,group_a,46508.64,0.2564,59.1,2,6007.7,2.9,0
sim-011532,23,group_a,66063.12,0.4894,63.7,3,5006.31,5.0,1
sim-011533,23,group_b,24608.17,0.0469,75.7,2,11483.64,5.7,0
sim-011534,23,group_a,46162.41,0.189,87.5,1,6736.21,9.5,1
sim-011535,23,group_a,61418.49,0.4259,17.9,1,6358.45,3.3,1
sim-011536,23,group_a,51557.13,0.548,86.9,0,3992.63,3.5,1
sim-011537,23,group_a,72125.43,0.3404,91.8,0,4441.17,3.2,1
sim-011538,23,group_b,42617.43,0.4419,54.1,1,8031.1,1.6,0
sim-011539,23,group_b,36173.02,0.34,99.4,0,7639.42,2.1,0
sim-011540,23,group_b,22870.16,0.3619,47.7,3,6634.36,2.2,1
sim-011541,23,group_a,40593.13,0.1374,102.5,1,17491.88,4.8,1
sim-011542,23,group_a,56561.71,0.2248,65.3,0,7902.73,7.5,0
sim-011543,23,group_b,62669.09,0.3678,41.9,1,9558.16,9.5,0
sim-011544,23,group_a,25294.49,0.4945,102.7,1,4238.96,15.8,0
sim-011545,23,group_b,74580.66,0.3944,100.1,1,7321.72,3.4,1
sim-011546,23,group_b,30234.63,0.2391,114.7,1,7086.08,7.4,0
sim-011547,23,group_a,43265.8,0.3348,80.8,3,6050.85,15.6,0
sim-011548,23,group_a,35849.94,0.6806,71.5,1,22862.84,2.0,1
sim-011549,23,group_b,54243.85,0.1342,45.2,0,7214.73,9.8,0
sim-011550,23,group_a,47358.96,0.165,36.2,2,9119.65,3.1,0
sim-011551,23,group_b,60521.07,0.1765,140.9,3,10625.78,4.7,0
sim-011552,23,group_a,98755.06,0.4715,24.2,1,7383.17,7.4,1
sim-011553,23,group_a,53803.73,0.4752,77.6,3,7887.6,7.0,0
sim-011554,23,group_b,35731.74,0.2527,32.8,1,11928.86,8.3,0
sim-011555,23,group_a,55251.4,0.2778,78.4,1,4050.07,4.3,0
sim-011556,23,group_a,103048.86,0.3224,105.7,1,17424.97,2.3,0
sim-011557,23,group_b,59973.79,0.1647,84.1,3,9642.72,2.2,0
sim-011558,23,group_b,67723.69,0.2122,31.7,1,16953.78,6.5,0
sim-011559,23,group_b,23311.4,0.0887,59.5,0,11116.33,7.4,1
sim-011560,23,group_b,53556.32,0.5519,78.3,0,3301.48,2.0,0
sim-011561,23,group_a,40677.59,0.3939,34.2,1,5170.65,15.3,1
sim-011562,23,group_a,34212.54,0.4394,63.2,0,6548.44,9.3,0
sim-011563,23,group_a,45099.51,0.2075,66.4,2,3818.26,7.6,1
sim-011564,23,group_a,47649.45,0.5478,44.9,0,7299.45,3.7,0
sim-011565,23,group_a,35022.83,0.1945,57.7,1,4401.2,7.4,0
sim-011566,23,group_a,49274.14,0.4945,91.7,2,6836.24,5.3,0
sim-011567,23,group_b,42325.09,0.2993,62.4,0,5160.38,7.3,1
sim-011568,23,group_a,61146.28,0.3609,99.9,2,7238.14,4.3,0
sim-011569,23,group_b,50090.24,0.1131,95.7,3,14424.07,1.9,0
sim-011570,23,group_b,53310.46,0.1747,101.4,0,5472.89,11.6,0
sim-011571,23,group_b,68688.9,0.0763,64.0,1,8862.27,3.8,0
sim-011572,23,group_a,57473.63,0.3929,86.8,4,5078.67,6.2,1
sim-011573,23,group_b,45408.04,0.1209,100.0,1,10437.49,4.2,0
sim-011574,23,group_b,18948.72,0.5288,81.7,2,5750.55,2.4,0
sim-011575,23,group_a,56487.0,0.2592,107.1,3,9800.01,15.1,0
sim-011576,23,group_a,31038.77,0.0513,21.7,1,3054.25,6.7,0
sim-011577,23,group_a,43904.85,0.2207,135.0,0,4081.83,6.9,0
sim-011578,23,group_b,53201.39,0.8108,74.4,2,10262.6,4.3,1
sim-011579,23,group_a,79687.83,0.2999,86.5,1,14950.23,4.2,0
sim-011580,23,group_a,98693.62,0.0932,180.3,1,12969.58,8.1,0
sim-011581,23,group_b,30917.83,0.5786,105.3,2,8976.47,4.2,0
sim-011582,23,group_a,26195.36,0.4073,48.6,1,5773.14,12.2,0
sim-011583,23,group_a,52198.09,0.2943,102.4,0,4259.9,2.7,0
sim-011584,23,group_b,50403.69,0.5806,151.3,2,7353.08,5.8,1
sim-011585,23,group_b,27479.96,0.137,80.3,1,4649.13,14.2,0
sim-011586,23,group_b,45207.88,0.588,61.7,4,6286.82,7.0,1
sim-011587,23,group_a,58510.83,0.1871,132.4,0,9956.96,3.9,0
sim-011588,23,group_a,27155.54,0.2014,82.7,0,5898.83,4.2,0
sim-011589,23,group_a,29979.65,0.1715,44.2,0,6370.5,19.0,0
sim-011590,23,group_a,34733.25,0.3396,58.5,3,7140.03,13.1,1
sim-011591,23,group_a,41641.42,0.4104,80.3,2,9896.21,2.8,0
sim-011592,23,group_b,60929.21,0.1649,26.6,0,6732.4,2.8,0
sim-011593,23,group_b,39690.94,0.6415,109.0,1,14549.24,5.7,1
sim-011594,23,group_a,46594.28,0.5288,46.6,3,11736.08,12.0,0
sim-011595,23,group_a,116937.48,0.464,68.1,2,14673.41,5.6,0
sim-011596,23,group_a,30465.48,0.3442,110.2,2,9622.23,1.9,1
sim-011597,23,group_a,34604.63,0.7385,100.7,1,17350.56,11.6,0
sim-011598,23,group_b,60524.13,0.2302,85.9,1,8768.6,4.1,0
sim-011599,23,group_a,68939.06,0.333,31.0,0,10289.62,2.9,1
sim-011600,23,group_b,54188.09,0.2693,84.7,2,3549.88,10.7,0
sim-011601,23,group_a,97320.64,0.4383,47.6,2,9648.9,8.2,0
sim-011602,23,group_a,52017.29,0.4452,52.5,1,10832.7,4.6,0
sim-011603,23,group_b,19851.53,0.2922,94.9,3,9783.33,8.1,1
sim-011604,23,group_a,47417.1,0.5465,40.5,2,12222.24,6.8,0
sim-011605,23,group_a,35817.32,0.3316,87.7,1,9396.37,0.7,0
sim-011606,23,group_b,81405.73,0.2788,128.3,1,7586.1,8.4,0
sim-011607,23,group_a,68264.29,0.4027,64.7,3,15374.05,5.3,1
sim-011608,23,group_a,23349.48,0.3245,119.8,2,4629.68,6.2,0
sim-011609,23,group_a,80268.58,0.4268,61.4,0,11749.59,7.7,0
sim-011610,23,group_a,67544.0,0.1954,50.6,0,7865.54,6.4,0
sim-011611,23,group_a,39724.6,0.3048,53.4,0,9854.29,8.8,0
sim-011612,23,group_a,44048.84,0.8315,97.6,2,6130.97,4.4,1
sim-011613,23,group_b,81692.25,0.0881,63.5,1,10773.47,6.4,0
sim-011614,23,group_b,19889.85,0.4241,54.4,0,4895.37,3.2,0
sim-011615,23,group_a,54888.94,0.1638,136.5,1,6565.81,2.2,0
sim-011616,23,group_a,72058.39,0.2363,129.7,1,9106.74,2.9,0
sim-011617,23,group_a,43859.23,0.268,66.1,0,5337.78,3.3,0
sim-011618,23,group_a,59761.81,0.2544,61.8,0,13630.45,6.8,1
sim-011619,23,group_a,47539.91,0.3663,26.5,3,13418.46,7.2,1
sim-011620,23,group_b,32751.48,0.4169,59.6,0,5956.94,1.3,0
sim-011621,23,group_a,32409.52,0.4994,25.7,1,11373.22,4.7,0
sim-011622,23,group_a,61390.49,0.4693,82.5,3,6136.2,1.7,1
sim-011623,23,group_b,34856.79,0.3651,24.9,2,17153.73,6.6,1
sim-011624,23,group_b,23996.81,0.1744,65.3,1,2635.89,5.2,0
sim-011625,23,group_a,47925.71,0.3191,68.4,2,11977.59,8.7,0
sim-011626,23,group_a,36699.04,0.1859,76.9,1,12330.88,8.1,1
sim-011627,23,group_b,27511.92,0.3358,221.8,0,5781.65,5.1,0
sim-011628,23,group_a,46916.93,0.4898,25.7,2,9882.84,10.3,0
sim-011629,23,group_b,62834.29,0.1193,141.1,1,5909.02,3.4,0
sim-011630,23,group_b,45911.14,0.4388,121.4,0,5821.46,4.0,0
sim-011631,23,group_a,29090.85,0.1351,76.3,0,13231.96,13.7,0
sim-011632,23,group_a,55734.66,0.5011,133.6,0,16978.07,15.8,0
sim-011633,23,group_a,70316.78,0.2463,132.8,0,5204.07,7.8,0
sim-011634,23,group_a,115320.95,0.2458,105.3,2,13513.44,14.3,0
sim-011635,23,group_a,83414.25,0.5476,45.4,0,12831.97,6.3,1
sim-011636,23,group_b,29844.31,0.5773,52.2,3,3759.92,6.9,0
sim-011637,23,group_b,65276.98,0.2267,99.1,0,5836.01,8.0,0
sim-011638,23,group_b,50702.98,0.5238,48.3,0,4990.56,8.2,0
sim-011639,23,group_b,28060.51,0.2903,41.4,1,8451.73,5.2,0
sim-011640,23,group_b,51287.07,0.3324,86.3,1,5593.89,0.9,1
sim-011641,23,group_a,101909.88,0.2742,58.4,0,8100.99,6.2,0
sim-011642,23,group_a,75226.81,0.161,35.1,1,12769.82,5.5,0
sim-011643,23,group_b,29743.06,0.1823,34.8,0,10311.06,6.9,0
sim-011644,23,group_b,45787.26,0.6147,120.3,2,5838.71,1.7,1
sim-011645,23,group_a,55966.2,0.2142,137.0,1,12773.55,5.0,0
sim-011646,23,group_b,22014.15,0.5237,30.0,0,12850.97,13.0,0
sim-011647,23,group_a,22335.13,0.109,95.6,2,13175.58,4.5,0
sim-011648,23,group_a,48578.86,0.3572,137.4,3,12467.1,6.1,0
sim-011649,23,group_b,48845.79,0.2683,75.6,1,4476.18,12.4,1
sim-011650,23,group_a,21029.81,0.5622,20.5,0,12189.63,6.1,0
sim-011651,23,group_a,53580.95,0.345,65.4,3,6866.5,6.7,0
sim-011652,23,group_a,71863.54,0.3065,86.2,2,6789.95,0.9,1
sim-011653,23,group_a,41535.9,0.3662,58.8,1,8048.86,5.8,0
sim-011654,23,group_a,46682.33,0.5173,179.9,3,8307.2,10.2,0
sim-011655,23,group_b,57872.23,0.4135,71.3,0,3247.32,10.5,0
sim-011656,23,group_a,54742.32,0.4026,120.6,2,10300.18,6.7,0
sim-011657,23,group_b,22588.1,0.5057,68.1,5,8566.81,5.0,1
sim-011658,23,group_a,31127.57,0.477,128.0,1,8918.99,4.2,1
sim-011659,23,group_b,38551.16,0.5087,38.5,2,3922.76,3.0,1
sim-011660,23,group_b,31712.07,0.3773,37.1,2,5338.58,8.3,0
sim-011661,23,group_a,84299.13,0.2841,26.2,0,6628.2,5.6,0
sim-011662,23,group_a,59425.57,0.2444,11.7,0,9679.72,4.5,0
sim-011663,23,group_a,28564.37,0.271,74.3,0,12247.31,2.4,0
sim-011664,23,group_b,41605.14,0.2643,36.8,1,5730.22,5.9,0
sim-011665,23,group_b,73186.39,0.4491,36.5,2,12018.79,4.5,0
sim-011666,23,group_b,34702.93,0.1545,17.7,0,5861.05,2.8,0
sim-011667,23,group_b,65099.05,0.2575,76.3,2,6367.73,6.2,0
sim-011668,23,group_a,81384.12,0.4341,116.6,1,7490.18,7.8,0
sim-011669,23,group_b,75870.2,0.1339,105.8,1,6251.57,9.1,0
sim-011670,23,group_a,49107.63,0.5329,30.3,2,9501.07,10.0,1
sim-011671,23,group_b,76989.98,0.3534,64.5,0,5697.27,11.3,0
sim-011672,23,group_a,36558.17,0.0752,37.6,0,10298.68,4.8,0
sim-011673,23,group_b,129323.22,0.4989,71.2,0,8398.5,11.6,0
sim-011674,23,group_a,50370.29,0.2578,121.0,0,4271.54,0.9,0
sim-011675,23,group_a,73692.3,0.26,43.7,0,12555.68,3.8,0
sim-011676,23,group_a,39103.07,0.1761,85.2,1,9813.2,12.2,0
sim-011677,23,group_b,56148.44,0.1816,114.9,1,9037.48,12.1,0
sim-011678,23,group_a,57196.88,0.1196,84.4,0,6117.39,8.2,0
sim-011679,23,group_a,30819.1,0.103,111.3,0,3790.12,1.8,0
sim-011680,23,group_a,30438.2,0.4591,74.6,1,9635.13,2.7,0
sim-011681,23,group_a,41777.32,0.1074,79.9,0,30599.79,10.4,0
sim-011682,23,group_b,72420.14,0.3309,62.1,2,2221.71,11.5,0
sim-011683,23,group_b,21095.19,0.3149,25.8,2,12843.45,7.5,1
sim-011684,23,group_b,39089.27,0.2137,15.9,2,4662.42,1.6,1
sim-011685,23,group_b,78916.57,0.5527,48.3,1,10917.6,13.6,0
sim-011686,23,group_a,27132.99,0.1837,153.7,0,4817.59,4.1,0
sim-011687,23,group_a,77083.02,0.2385,96.8,0,11091.28,8.0,0
sim-011688,23,group_b,28348.43,0.2224,50.8,0,14669.22,8.5,0
sim-011689,23,group_b,30978.62,0.4541,121.5,0,8307.86,19.8,1
sim-011690,23,group_a,42794.58,0.253,81.5,0,10316.64,2.5,0
sim-011691,23,group_b,99992.73,0.2535,33.8,0,9126.39,3.7,0
sim-011692,23,group_a,34793.89,0.2006,65.9,0,5560.59,9.8,0
sim-011693,23,group_a,21985.88,0.1655,47.7,0,7605.97,4.0,0
sim-011694,23,group_a,25265.29,0.0797,56.9,1,10528.59,3.6,0
sim-011695,23,group_b,67333.84,0.4047,100.2,2,15490.43,2.9,0
sim-011696,23,group_b,25771.1,0.2861,21.4,3,6073.72,4.2,0
sim-011697,23,group_a,74977.63,0.1695,48.8,0,10259.69,15.2,1
sim-011698,23,group_b,46878.39,0.3713,39.9,1,6810.89,2.9,0
sim-011699,23,group_b,44911.36,0.2352,22.6,0,11045.55,4.7,0
sim-011700,23,group_a,51578.89,0.4842,46.2,1,11580.37,1.2,0
sim-011701,23,group_b,32520.09,0.4676,105.6,0,7629.83,3.2,0
sim-011702,23,group_a,48238.19,0.2021,65.3,0,10003.22,4.3,0
sim-011703,23,group_a,27581.74,0.1454,33.0,1,3856.34,10.3,0
sim-011704,23,group_a,80220.49,0.4732,119.3,3,10752.16,7.7,1
sim-011705,23,group_a,29570.6,0.3969,26.7,0,9778.07,2.0,1
sim-011706,23,group_a,54738.9,0.2151,112.7,0,13619.41,5.4,0
sim-011707,23,group_a,29478.16,0.433,67.4,1,3235.68,4.7,0
sim-011708,23,group_a,36390.17,0.3833,65.1,1,7693.52,10.3,0
sim-011709,23,group_b,38909.38,0.1973,140.1,0,4420.73,8.5,0
sim-011710,23,group_b,159239.74,0.5666,63.5,2,4517.2,2.4,1
sim-011711,23,group_a,45248.85,0.2871,69.8,1,2976.69,2.1,0
sim-011712,23,group_a,32239.82,0.2235,75.7,0,9199.28,1.3,0
sim-011713,23,group_a,37770.61,0.2297,121.3,1,6015.8,3.4,0
sim-011714,23,group_b,24198.3,0.3859,75.4,0,8559.81,4.4,0
sim-011715,23,group_b,42515.75,0.2657,50.3,0,8641.07,3.5,0
sim-011716,23,group_a,99057.56,0.5314,61.1,2,10012.4,10.5,0
sim-011717,23,group_b,52424.88,0.2135,22.2,0,11072.5,2.4,1
sim-011718,23,group_a,66531.34,0.3031,48.5,0,15551.7,12.7,0
sim-011719,23,group_b,31064.58,0.3594,106.3,0,7858.42,3.9,0
sim-011720,23,group_a,41797.69,0.2017,29.7,1,6796.18,15.8,0
sim-011721,23,group_a,49594.69,0.5808,86.8,0,4544.52,8.4,1
sim-011722,23,group_b,33569.43,0.4789,24.2,0,10378.72,3.9,0
sim-011723,23,group_a,53852.43,0.1504,71.6,0,5421.63,6.5,0
sim-011724,23,group_a,58952.06,0.5109,88.4,1,8897.06,1.6,0
sim-011725,23,group_a,57182.1,0.5288,68.8,1,21946.13,3.0,1
sim-011726,23,group_a,42725.24,0.2027,133.9,1,3762.02,7.2,0
sim-011727,23,group_b,71982.82,0.5224,63.8,2,4601.7,4.2,0
sim-011728,23,group_b,40855.66,0.2019,59.7,2,8501.22,6.8,0
sim-011729,23,group_a,39320.26,0.2324,70.6,2,4618.56,6.7,1
sim-011730,23,group_b,83403.57,0.1142,91.9,1,14796.39,14.9,0
sim-011731,23,group_a,28597.49,0.3984,102.0,0,4921.33,5.5,0
sim-011732,23,group_b,22264.6,0.3416,91.7,4,7798.22,13.8,0
sim-011733,23,group_a,31619.12,0.4092,176.4,0,10052.66,11.7,0
sim-011734,23,group_b,53564.49,0.3017,69.9,0,4125.1,8.3,0
sim-011735,23,group_b,78050.26,0.3271,148.2,1,8276.75,8.0,0
sim-011736,23,group_b,34495.43,0.5713,50.5,0,15940.03,4.8,0
sim-011737,23,group_b,97560.87,0.3696,8.9,0,10395.35,6.1,0
sim-011738,23,group_a,46047.23,0.3102,62.5,1,6674.31,9.4,0
sim-011739,23,group_b,43368.02,0.3333,89.4,1,11417.92,5.0,1
sim-011740,23,group_a,31857.43,0.534,45.0,0,2550.9,3.9,1
sim-011741,23,group_a,103318.24,0.4155,62.1,1,6072.89,1.9,0
sim-011742,23,group_b,42739.49,0.2121,132.1,0,3798.33,14.0,0
sim-011743,23,group_a,26018.55,0.618,108.5,3,9057.39,9.4,1
sim-011744,23,group_a,127799.87,0.3645,34.1,1,8374.42,4.2,1
sim-011745,23,group_b,53709.3,0.2065,94.5,1,5130.19,13.2,0
sim-011746,23,group_a,63672.55,0.5821,59.9,0,13477.32,11.2,0
sim-011747,23,group_a,92249.79,0.2652,27.1,0,2981.28,2.1,0
sim-011748,23,group_a,58928.16,0.3264,79.3,1,18166.77,5.0,0
sim-011749,23,group_b,68559.24,0.0816,122.0,1,13289.0,7.1,0
sim-011750,23,group_b,46574.88,0.2062,156.2,0,8469.99,8.3,0
sim-011751,23,group_a,61955.25,0.2615,30.4,1,6160.46,4.0,0
sim-011752,23,group_b,44875.79,0.4309,12.5,2,7045.12,1.4,0
sim-011753,23,group_a,45139.45,0.3129,111.8,0,9378.56,2.3,0
sim-011754,23,group_b,47871.76,0.3433,109.4,0,5788.63,5.7,0
sim-011755,23,group_b,38535.6,0.2879,61.5,3,7455.91,5.0,1
sim-011756,23,group_b,56265.6,0.497,105.8,0,9413.97,7.4,0
sim-011757,23,group_a,56205.79,0.4393,99.0,1,10716.02,11.0,0
sim-011758,23,group_a,64211.97,0.0751,59.3,2,15730.91,4.3,0
sim-011759,23,group_b,59553.76,0.5961,49.8,2,16699.94,3.5,0
sim-011760,23,group_a,105452.73,0.5773,62.4,1,7698.02,3.8,0
sim-011761,23,group_a,70834.72,0.2564,34.6,1,3655.34,1.9,1
sim-011762,23,group_a,41729.11,0.2427,51.9,1,7952.13,6.4,0
sim-011763,23,group_a,55066.13,0.3304,56.2,0,15538.21,3.8,0
sim-011764,23,group_b,82399.38,0.3583,96.0,1,7611.83,14.4,1
sim-011765,23,group_a,30546.68,0.3715,35.2,0,17858.87,15.6,1
sim-011766,23,group_b,106083.47,0.4415,48.8,3,4344.48,9.8,0
sim-011767,23,group_b,32881.04,0.3233,82.7,2,9920.47,5.6,1
sim-011768,23,group_a,66444.06,0.1471,55.4,1,9914.27,5.7,0
sim-011769,23,group_a,45650.61,0.1368,32.9,1,19052.73,4.8,0
sim-011770,23,group_a,44560.74,0.1638,70.1,1,8289.43,3.5,0
sim-011771,23,group_a,26338.23,0.3324,69.9,2,10025.18,3.3,0
sim-011772,23,group_a,66645.98,0.1783,138.0,0,11357.71,14.1,0
sim-011773,23,group_b,26499.72,0.3749,23.4,3,4707.71,2.5,0
sim-011774,23,group_a,24835.68,0.3457,112.8,0,6011.77,4.9,0
sim-011775,23,group_a,74092.92,0.2665,40.1,0,9518.86,10.2,0
sim-011776,23,group_a,96532.44,0.6838,135.6,2,8815.42,6.9,0
sim-011777,23,group_a,34398.11,0.2012,91.1,0,6988.43,5.6,0
sim-011778,23,group_a,69376.67,0.2788,167.1,1,9856.48,4.5,0
sim-011779,23,group_b,63610.96,0.5656,64.5,2,8751.23,1.4,1
sim-011780,23,group_a,43807.58,0.2046,15.9,2,13026.35,3.2,0
sim-011781,23,group_a,79781.19,0.301,85.1,1,6174.96,7.1,0
sim-011782,23,group_a,42500.82,0.1474,48.5,0,9400.25,6.0,1
sim-011783,23,group_b,56577.37,0.1074,81.7,1,6673.83,6.1,0
sim-011784,23,group_b,26887.5,0.6338,41.5,2,6236.17,8.1,1
sim-011785,23,group_a,27374.51,0.5125,67.2,0,15311.11,6.4,1
sim-011786,23,group_b,74384.2,0.3189,74.0,2,13023.91,2.0,1
sim-011787,23,group_a,57383.16,0.2355,89.5,1,8525.38,5.2,0
sim-011788,23,group_b,42880.31,0.6846,67.3,1,6154.91,2.4,1
sim-011789,23,group_a,101447.33,0.4359,31.4,2,15578.7,8.8,0
sim-011790,23,group_b,100999.68,0.6781,115.4,0,20057.75,6.7,0
sim-011791,23,group_b,54745.51,0.1204,30.7,1,3939.35,4.6,0
sim-011792,23,group_b,24701.64,0.3051,26.2,0,5945.84,3.8,1
sim-011793,23,group_a,43439.67,0.0714,53.3,1,6151.17,12.2,0
sim-011794,23,group_b,32090.51,0.2024,38.2,0,7222.89,3.6,1
sim-011795,23,group_b,47268.33,0.6433,84.6,5,6629.76,8.1,1
sim-011796,23,group_a,30722.64,0.218,63.7,1,7510.25,4.2,0
sim-011797,23,group_a,27545.24,0.5914,108.9,0,11224.42,7.4,0
sim-011798,23,group_a,17600.85,0.1627,88.0,0,6931.28,7.5,1
sim-011799,23,group_a,48837.22,0.0986,88.5,1,6523.6,9.1,0
sim-011800,23,group_b,17335.64,0.3101,47.1,0,7626.5,3.1,0
sim-011801,23,group_a,39795.09,0.5114,43.4,1,9107.03,1.2,1
sim-011802,23,group_b,60940.1,0.3578,16.3,2,8497.5,2.4,0
sim-011803,23,group_b,33614.74,0.2828,97.4,0,9438.33,2.3,1
sim-011804,23,group_b,28864.62,0.2677,111.0,1,7916.0,1.9,0
sim-011805,23,group_b,44245.29,0.374,85.8,1,6048.76,6.9,1
sim-011806,23,group_b,32144.15,0.2512,25.7,2,9461.7,1.4,1
sim-011807,23,group_a,49216.11,0.6179,54.9,2,3716.96,7.4,0
sim-011808,23,group_a,29501.94,0.4911,36.0,2,10705.01,3.8,0
sim-011809,23,group_b,43569.5,0.5337,71.7,1,12642.86,2.6,0
sim-011810,23,group_b,39359.92,0.429,26.3,1,4695.63,1.0,1
sim-011811,23,group_a,45304.47,0.3649,86.1,1,12852.98,0.4,0
sim-011812,23,group_b,90469.1,0.1857,108.1,1,16787.47,2.8,0
sim-011813,23,group_b,49509.54,0.3707,31.4,2,5242.0,2.2,1
sim-011814,23,group_a,56267.17,0.4063,11.7,2,9239.19,7.1,1
sim-011815,23,group_b,35016.93,0.144,45.8,0,6674.92,1.2,0
sim-011816,23,group_b,49999.47,0.1796,13.5,3,7414.1,2.8,1
sim-011817,23,group_a,40561.82,0.3292,61.6,1,6211.52,4.4,0
sim-011818,23,group_a,46094.81,0.5384,75.0,1,4351.59,13.1,0
sim-011819,23,group_a,59787.81,0.3138,94.9,1,16479.41,6.0,1
sim-011820,23,group_b,36897.6,0.2417,51.0,0,7855.79,7.7,1
sim-011821,23,group_a,38515.69,0.2672,73.7,0,8561.07,5.4,0
sim-011822,23,group_b,37112.38,0.3772,47.6,1,11492.91,2.6,0
sim-011823,23,group_b,36812.68,0.2617,75.6,0,10521.91,1.5,1
sim-011824,23,group_b,48959.99,0.2219,38.7,1,6336.39,5.8,0
sim-011825,23,group_a,39070.68,0.1375,67.8,0,6424.09,3.5,0
sim-011826,23,group_a,85403.44,0.7663,75.9,3,7123.07,3.6,1
sim-011827,23,group_a,140259.33,0.496,78.2,1,13792.48,2.9,0
sim-011828,23,group_a,35863.1,0.2334,52.3,1,6598.26,9.0,0
sim-011829,23,group_a,51507.42,0.2417,115.5,0,6079.27,1.3,0
sim-011830,23,group_a,70401.03,0.341,38.7,0,6075.81,14.4,0
sim-011831,23,group_a,40716.37,0.4129,35.1,0,8260.7,10.6,0
sim-011832,23,group_b,29982.1,0.1355,50.7,0,9553.62,8.5,0
sim-011833,23,group_a,94469.55,0.0871,50.6,3,31012.59,2.2,0
sim-011834,23,group_a,60729.57,0.2655,28.0,1,4567.53,2.1,1
sim-011835,23,group_b,52044.27,0.5588,51.2,1,4656.92,3.5,0
sim-011836,23,group_a,83718.85,0.6494,128.2,4,17689.55,1.1,1
sim-011837,23,group_b,62912.36,0.2784,17.7,0,2698.67,3.2,0
sim-011838,23,group_b,44616.87,0.5785,16.9,3,13205.38,5.8,0
sim-011839,23,group_a,30206.58,0.5029,64.1,0,5638.57,13.1,0
sim-011840,23,group_b,37004.72,0.5453,36.0,0,7559.7,0.9,1
sim-011841,23,group_b,75510.41,0.5831,67.3,1,7532.98,7.5,1
sim-011842,23,group_b,60625.81,0.4655,97.0,0,16955.28,4.9,0
sim-011843,23,group_a,42091.45,0.3294,100.8,0,6814.36,3.3,0
sim-011844,23,group_a,95602.72,0.4615,79.6,0,12154.15,4.2,1
sim-011845,23,group_a,42615.23,0.3564,55.9,3,6449.1,3.8,1
sim-011846,23,group_b,68923.85,0.1536,56.2,0,5479.4,6.4,1
sim-011847,23,group_a,49931.95,0.5977,28.0,3,5893.93,2.6,0
sim-011848,23,group_a,102522.78,0.2657,57.4,0,6434.22,6.1,0
sim-011849,23,group_a,62459.84,0.2146,65.3,0,4200.38,8.7,0
sim-011850,23,group_a,46415.42,0.3967,12.5,1,7010.73,3.4,0
sim-011851,23,group_a,42230.73,0.4764,44.7,0,15721.76,6.9,1
sim-011852,23,group_a,45231.25,0.634,96.0,2,11763.05,6.4,1
sim-011853,23,group_b,33568.16,0.5138,42.8,0,7940.43,4.6,1
sim-011854,23,group_a,25641.94,0.4151,33.1,6,9871.8,13.2,0
sim-011855,23,group_a,51827.12,0.3998,158.2,2,6778.72,2.7,0
sim-011856,23,group_a,36385.38,0.335,89.9,2,8439.59,8.5,0
sim-011857,23,group_a,36344.8,0.3352,51.0,3,9752.53,3.7,1
sim-011858,23,group_b,43856.89,0.1462,47.3,0,4137.92,13.0,0
sim-011859,23,group_a,46533.78,0.1787,123.2,1,10292.51,11.9,0
sim-011860,23,group_b,45665.48,0.3665,133.5,2,10208.7,1.0,0
sim-011861,23,group_b,94474.39,0.0749,85.2,0,5830.04,8.7,0
sim-011862,23,group_b,60126.1,0.3612,71.9,0,6263.56,3.3,1
sim-011863,23,group_b,110335.67,0.3115,36.1,2,13188.45,7.0,0
sim-011864,23,group_a,37859.0,0.2565,32.4,1,14349.18,3.3,1
sim-011865,23,group_a,63269.75,0.2205,94.7,4,6673.53,6.9,0
sim-011866,23,group_a,38753.13,0.45,56.1,1,11102.34,8.4,1
sim-011867,23,group_b,35965.83,0.3208,98.3,3,17151.06,2.5,1
sim-011868,23,group_a,112097.9,0.1944,72.3,1,8977.28,1.3,0
sim-011869,23,group_a,32970.8,0.181,83.2,1,4322.07,9.3,1
sim-011870,23,group_a,17830.61,0.2318,73.4,1,6413.71,7.4,1
sim-011871,23,group_b,33815.05,0.1904,101.7,0,3897.31,6.6,0
sim-011872,23,group_b,19584.7,0.7437,75.8,3,15174.36,4.2,1
sim-011873,23,group_a,30529.35,0.3797,26.1,2,22533.89,1.8,1
sim-011874,23,group_a,31740.87,0.4043,90.2,1,9879.16,3.3,0
sim-011875,23,group_a,46203.85,0.2523,46.9,2,5220.4,3.0,1
sim-011876,23,group_b,19248.13,0.5063,120.3,0,12696.96,8.4,0
sim-011877,23,group_a,75229.59,0.1671,70.7,0,5213.32,0.8,0
sim-011878,23,group_a,20705.96,0.1775,121.8,2,20995.85,4.0,0
sim-011879,23,group_b,43145.99,0.4297,112.2,1,5399.91,2.1,0
sim-011880,23,group_b,39729.73,0.2971,87.7,3,8825.17,9.4,1
sim-011881,23,group_b,64385.72,0.3177,79.7,2,12725.32,12.2,0
sim-011882,23,group_b,52767.36,0.156,46.9,2,8816.33,12.1,0
sim-011883,23,group_b,74943.26,0.4019,101.1,1,3331.44,6.6,0
sim-011884,23,group_a,39112.2,0.1813,20.0,1,10260.92,11.0,0
sim-011885,23,group_a,37451.66,0.3367,47.2,0,5404.5,4.2,0
sim-011886,23,group_b,54142.36,0.5479,65.7,1,9138.88,6.9,0
sim-011887,23,group_a,70141.14,0.4715,66.9,1,4376.47,7.0,0
sim-011888,23,group_b,64378.11,0.2725,67.5,0,9072.22,2.3,0
sim-011889,23,group_a,52112.6,0.758,37.5,4,11129.23,7.2,1
sim-011890,23,group_a,50197.39,0.2428,40.3,1,13718.47,6.3,0
sim-011891,23,group_a,44835.64,0.2275,24.2,2,12374.85,12.8,0
sim-011892,23,group_b,54077.35,0.399,92.5,0,17218.52,4.8,0
sim-011893,23,group_b,107009.45,0.1673,39.6,1,11157.07,15.3,0
sim-011894,23,group_a,41114.63,0.4193,44.2,0,7082.53,2.7,0
sim-011895,23,group_a,39062.34,0.5061,55.0,0,8692.73,11.2,0
sim-011896,23,group_a,37826.17,0.5049,36.8,1,11779.48,12.2,0
sim-011897,23,group_a,53612.45,0.6158,105.6,0,3665.65,3.8,0
sim-011898,23,group_a,18673.62,0.1897,162.0,2,3002.94,8.4,0
sim-011899,23,group_b,43013.71,0.1671,16.2,1,9478.02,5.7,0
sim-011900,23,group_a,65898.55,0.0463,81.5,1,23640.29,3.8,0
sim-011901,23,group_a,36496.92,0.3354,29.2,0,14162.22,5.0,0
sim-011902,23,group_a,49237.75,0.3273,73.1,0,6994.76,9.3,1
sim-011903,23,group_a,110406.13,0.39,91.9,1,13384.33,9.5,0
sim-011904,23,group_a,52327.22,0.099,19.8,0,7059.53,6.9,0
sim-011905,23,group_b,17774.58,0.383,89.9,2,5445.91,5.6,0
sim-011906,23,group_b,25181.09,0.3615,137.2,2,4261.62,7.9,0
sim-011907,23,group_b,40969.31,0.3043,113.3,3,7642.22,7.3,0
sim-011908,23,group_a,32480.43,0.49,24.2,0,5491.62,6.9,1
sim-011909,23,group_b,47544.48,0.1382,150.2,2,12536.98,1.8,0
sim-011910,23,group_b,40226.37,0.1836,158.7,2,3750.6,7.6,0
sim-011911,23,group_b,74291.37,0.2521,55.3,0,11350.67,2.4,0
sim-011912,23,group_b,28785.9,0.2109,25.2,0,5322.49,12.3,0
sim-011913,23,group_a,41724.77,0.2062,91.7,1,8920.78,7.7,0
sim-011914,23,group_b,49873.67,0.2447,78.7,0,5844.39,9.2,0
sim-011915,23,group_b,52537.18,0.5473,112.5,1,13184.93,0.9,0
sim-011916,23,group_b,48419.51,0.3205,48.6,1,7143.22,10.6,0
sim-011917,23,group_b,16535.5,0.574,74.5,2,11908.56,11.1,0
sim-011918,23,group_b,47144.97,0.2034,79.9,2,9253.12,1.3,0
sim-011919,23,group_a,42731.14,0.5789,16.1,2,13079.2,1.6,0
sim-011920,23,group_b,65442.43,0.337,65.4,1,6327.32,18.8,0
sim-011921,23,group_b,61675.84,0.1884,51.1,1,16655.16,9.3,0
sim-011922,23,group_b,50370.18,0.2173,102.6,1,6278.51,6.2,0
sim-011923,23,group_b,51923.61,0.1442,30.2,0,8540.44,1.8,0
sim-011924,23,group_a,80338.23,0.277,63.6,1,7777.32,4.7,0
sim-011925,23,group_a,73800.76,0.2427,52.3,2,11816.28,5.3,0
sim-011926,23,group_a,51105.09,0.2363,118.8,1,16955.22,3.8,0
sim-011927,23,group_b,112092.05,0.3558,48.0,1,7910.9,6.7,0
sim-011928,23,group_b,34966.91,0.2107,32.4,0,13171.36,9.8,0
sim-011929,23,group_b,27670.27,0.2701,114.2,2,4718.38,7.4,0
sim-011930,23,group_b,45317.48,0.3358,78.0,2,9362.21,9.4,0
sim-011931,23,group_b,38909.74,0.4124,121.4,0,18318.51,5.5,0
sim-011932,23,group_a,16164.24,0.2471,99.7,0,8473.83,0.6,0
sim-011933,23,group_b,34613.53,0.5115,54.6,1,9842.55,2.5,1
sim-011934,23,group_b,52591.29,0.5467,62.0,1,14167.23,5.0,1
sim-011935,23,group_b,44428.14,0.546,190.5,0,6246.79,6.4,0
sim-011936,23,group_b,32855.89,0.1792,67.3,1,23179.48,8.6,0
sim-011937,23,group_b,46340.74,0.147,189.3,2,7198.14,5.4,0
sim-011938,23,group_a,47939.28,0.1957,77.9,1,9766.67,7.0,0
sim-011939,23,group_b,61471.64,0.3892,43.3,1,3616.57,14.3,0
sim-011940,23,group_a,34772.07,0.4837,56.2,0,14125.82,8.2,1
sim-011941,23,group_a,65710.88,0.0969,40.6,0,9410.89,6.9,0
sim-011942,23,group_a,28794.22,0.1475,83.9,2,7608.84,6.9,1
sim-011943,23,group_a,36848.92,0.0635,78.2,2,4976.68,2.0,0
sim-011944,23,group_a,92927.71,0.438,57.5,0,21813.64,7.1,0
sim-011945,23,group_b,29613.08,0.1643,44.0,1,10609.63,6.7,0
sim-011946,23,group_a,34520.81,0.6774,62.4,4,19210.76,1.9,1
sim-011947,23,group_a,26894.94,0.5563,178.0,1,9421.99,13.0,0
sim-011948,23,group_a,32162.23,0.5045,23.5,0,9541.66,2.8,1
sim-011949,23,group_a,48248.14,0.2391,124.2,1,9393.03,7.6,0
sim-011950,23,group_b,61251.75,0.6204,120.4,2,6019.74,5.5,0
sim-011951,23,group_a,45169.26,0.1915,57.1,0,6463.84,6.8,0
sim-011952,23,group_a,39720.8,0.5749,48.0,0,8498.95,10.4,1
sim-011953,23,group_b,27011.96,0.8768,71.0,0,20044.64,1.9,0
sim-011954,23,group_b,33543.73,0.3785,45.5,1,2670.25,3.7,0
sim-011955,23,group_b,23781.54,0.1374,49.1,1,15209.04,12.8,0
sim-011956,23,group_b,62028.86,0.2426,64.9,0,5071.67,8.5,0
sim-011957,23,group_a,63866.53,0.2016,59.7,1,7769.04,8.2,0
sim-011958,23,group_b,44757.4,0.1055,231.5,0,6282.48,7.8,0
sim-011959,23,group_a,54798.02,0.3099,93.8,2,11363.61,5.9,0
sim-011960,23,group_a,65776.48,0.3395,47.8,1,16890.42,4.2,1
sim-011961,23,group_a,47501.08,0.2117,14.0,1,11699.26,6.2,0
sim-011962,23,group_b,81741.45,0.3214,100.9,3,5410.69,4.7,0
sim-011963,23,group_a,29614.14,0.2305,86.0,0,9168.92,10.9,0
sim-011964,23,group_a,39322.75,0.4865,46.3,1,12518.18,3.8,0
sim-011965,23,group_a,37404.57,0.0933,136.7,1,9719.08,2.2,0
sim-011966,23,group_b,59744.95,0.3648,125.5,2,11921.99,7.5,0
sim-011967,23,group_a,24925.85,0.1243,34.1,0,14098.92,3.2,0
sim-011968,23,group_a,83629.31,0.2974,122.2,2,6311.0,1.3,1
sim-011969,23,group_a,57638.45,0.0578,31.0,1,8216.82,5.2,0
sim-011970,23,group_b,94951.71,0.5517,83.6,3,9957.7,9.1,0
sim-011971,23,group_a,44755.07,0.3564,93.5,2,12180.83,1.9,0
sim-011972,23,group_b,36129.53,0.4203,40.4,1,8780.68,8.0,0
sim-011973,23,group_a,59993.08,0.3063,110.4,4,3807.16,4.0,1
sim-011974,23,group_a,70181.31,0.4275,113.5,0,8348.79,3.4,0
sim-011975,23,group_a,33723.27,0.2748,20.6,1,7423.91,13.2,1
sim-011976,23,group_a,19673.14,0.3245,58.7,2,6027.83,3.9,0
sim-011977,23,group_a,21140.98,0.0789,31.8,2,5027.49,2.8,0
sim-011978,23,group_a,50806.61,0.3403,73.6,0,4721.42,11.6,0
sim-011979,23,group_b,86931.83,0.2261,91.9,2,6504.94,0.3,0
sim-011980,23,group_a,26361.18,0.6843,119.8,3,5915.29,5.1,0
sim-011981,23,group_a,40603.36,0.196,143.3,1,7048.2,5.8,0
sim-011982,23,group_a,39326.39,0.5317,104.0,1,6973.3,1.0,0
sim-011983,23,group_a,101989.33,0.1994,62.5,2,4547.64,4.9,0
sim-011984,23,group_a,117553.9,0.1679,86.9,0,2648.45,3.3,0
sim-011985,23,group_a,54408.2,0.239,123.0,2,15583.76,2.3,0
sim-011986,23,group_a,66380.6,0.4073,61.5,2,9460.59,4.6,0
sim-011987,23,group_a,65610.01,0.1139,81.9,1,5712.24,3.1,0
sim-011988,23,group_b,26589.32,0.356,41.9,1,8126.61,12.8,1
sim-011989,23,group_b,61045.8,0.5067,113.2,1,17831.03,4.5,0
sim-011990,23,group_b,29666.25,0.2309,71.8,0,16371.75,7.2,0
sim-011991,23,group_a,42359.79,0.4183,22.0,0,3619.89,3.8,1
sim-011992,23,group_b,73474.2,0.244,27.2,0,7444.55,5.9,1
sim-011993,23,group_a,47098.29,0.1524,48.7,2,9360.31,7.5,0
sim-011994,23,group_a,72333.92,0.5429,48.5,2,16336.63,1.5,0
sim-011995,23,group_b,78565.71,0.6612,21.0,1,4827.19,7.5,1
sim-011996,23,group_a,21765.64,0.1025,58.5,1,7941.31,16.4,0
sim-011997,23,group_a,18239.9,0.3223,116.3,2,5191.86,2.5,0
sim-011998,23,group_b,74167.31,0.4442,32.5,4,6744.72,4.2,0
sim-011999,23,group_b,75433.83,0.5052,66.5,2,8373.44,16.0,0
